"animal_id","cap_year","birth_year","age","bs","status","status_cam","status_nocam","adult_density","pmdi_annual","pmdi_spring","pmdi_summer","pmdi_fall","pmdi_winter"
"270-2007-1-001",2007,2007,0.5,"dmp","Captured",1,1,10,3.04,1.62333333333333,6,4.53666666666667,-1.56666666666667
"270-2007-1-001",2008,2007,1.5,"dmp","Captured",1,1,10.91,-2.125,-2.54666666666667,-2.20666666666667,-2.32666666666667,0.0366666666666666
"270-2007-1-001",2009,2007,2.5,"dmp","Captured",1,1,15.45,-3.89916666666667,-3.96,-5.08666666666667,-3.69666666666667,-3.27
"270-2007-1-001",2010,2007,3.5,"dmp","Captured",1,1,13.64,1.1,2.23,1.45666666666667,0.513333333333333,0.123333333333333
"270-2007-1-001",2011,2007,4.5,"dmp","Captured",1,1,28.86,-3.3625,-3.19333333333333,-4.41333333333333,-4.20666666666667,-1.53333333333333
"270-2007-1-001",2012,2007,5.5,"dmp","Captured",1,1,28.86,-0.763333333333333,1.29,-0.876666666666667,-1.53333333333333,-1.67333333333333
"270-2007-1-001",2013,2007,6.5,"dmp","Captured",1,1,36.82,-1.95083333333333,-3.10666666666667,-2.17666666666667,-1.04333333333333,-2.49333333333333
"270-2007-1-001",2014,2007,7.5,"dmp","Alive-Cuddy",1,0,42.5,-1.2175,-0.98,-2.16333333333333,-1.51333333333333,0.00666666666666666
"270-2007-1-001",2015,2007,8.5,"dmp","not_detected",0,0,48.41,1.83166666666667,2.94333333333333,3.56666666666667,0.42,0.223333333333333
"270-2007-1-001",2016,2007,9.5,"dmp","Captured",1,1,25.45,-0.574166666666667,-0.553333333333333,-0.816666666666667,-0.986666666666667,-0.183333333333333
"270-2007-1-001",2017,2007,10.5,"dmp","not_detected",0,0,20.91,-0.921666666666667,-0.983333333333333,-1.73,-0.536666666666667,-0.11
"270-2007-1-001",2018,2007,11.5,"dmp","not_detected",0,0,19.77,-0.465,-1.89,-2.77666666666667,2.41333333333333,-0.356666666666667
"270-2007-1-001",2019,2007,12.5,"dmp","not_detected",0,0,23.86,-1.40833333333333,-0.516666666666667,-1.77,-2.95333333333333,1.45
"270-2007-1-001",2020,2007,13.5,"dmp","not_detected",0,0,40.91,-3.4025,-3.32,-3.52,-3.33,-3.37666666666667
"270-2007-1-001",2021,2007,14.5,"dmp","not_detected",0,0,25.91,-1.8125,-3.27666666666667,-0.343333333333333,-0.893333333333333,-3.17
"270-2007-1-001",2022,2007,15.5,"dmp","not_detected",0,0,16.82,-1.96083333333333,-3.23,-2.95666666666667,0.08,-2.33
"270-2007-1-003",2007,2007,0.5,"dmp","Captured",1,1,10,3.04,1.62333333333333,6,4.53666666666667,-1.56666666666667
"270-2007-1-003",2008,2007,1.5,"dmp","not_detected",0,0,10.91,-2.125,-2.54666666666667,-2.20666666666667,-2.32666666666667,0.0366666666666666
"270-2007-1-003",2009,2007,2.5,"dmp","not_detected",0,0,15.45,-3.89916666666667,-3.96,-5.08666666666667,-3.69666666666667,-3.27
"270-2007-1-003",2010,2007,3.5,"dmp","not_detected",0,0,13.64,1.1,2.23,1.45666666666667,0.513333333333333,0.123333333333333
"270-2007-1-003",2011,2007,4.5,"dmp","not_detected",0,0,28.86,-3.3625,-3.19333333333333,-4.41333333333333,-4.20666666666667,-1.53333333333333
"270-2007-1-003",2012,2007,5.5,"dmp","not_detected",0,0,28.86,-0.763333333333333,1.29,-0.876666666666667,-1.53333333333333,-1.67333333333333
"270-2007-1-003",2013,2007,6.5,"dmp","not_detected",0,0,36.82,-1.95083333333333,-3.10666666666667,-2.17666666666667,-1.04333333333333,-2.49333333333333
"270-2007-1-003",2014,2007,7.5,"dmp","not_detected",0,0,42.5,-1.2175,-0.98,-2.16333333333333,-1.51333333333333,0.00666666666666666
"270-2007-1-003",2015,2007,8.5,"dmp","not_detected",0,0,48.41,1.83166666666667,2.94333333333333,3.56666666666667,0.42,0.223333333333333
"270-2007-1-003",2016,2007,9.5,"dmp","not_detected",0,0,25.45,-0.574166666666667,-0.553333333333333,-0.816666666666667,-0.986666666666667,-0.183333333333333
"270-2007-1-003",2017,2007,10.5,"dmp","not_detected",0,0,20.91,-0.921666666666667,-0.983333333333333,-1.73,-0.536666666666667,-0.11
"270-2007-1-003",2018,2007,11.5,"dmp","not_detected",0,0,19.77,-0.465,-1.89,-2.77666666666667,2.41333333333333,-0.356666666666667
"270-2007-1-003",2019,2007,12.5,"dmp","not_detected",0,0,23.86,-1.40833333333333,-0.516666666666667,-1.77,-2.95333333333333,1.45
"270-2007-1-003",2020,2007,13.5,"dmp","not_detected",0,0,40.91,-3.4025,-3.32,-3.52,-3.33,-3.37666666666667
"270-2007-1-003",2021,2007,14.5,"dmp","not_detected",0,0,25.91,-1.8125,-3.27666666666667,-0.343333333333333,-0.893333333333333,-3.17
"270-2007-1-003",2022,2007,15.5,"dmp","not_detected",0,0,16.82,-1.96083333333333,-3.23,-2.95666666666667,0.08,-2.33
"270-2007-1-006",2007,2007,0.5,"dmp","Captured",1,1,10,3.04,1.62333333333333,6,4.53666666666667,-1.56666666666667
"270-2007-1-006",2008,2007,1.5,"dmp","Captured",1,1,10.91,-2.125,-2.54666666666667,-2.20666666666667,-2.32666666666667,0.0366666666666666
"270-2007-1-006",2009,2007,2.5,"dmp","Captured",1,1,15.45,-3.89916666666667,-3.96,-5.08666666666667,-3.69666666666667,-3.27
"270-2007-1-006",2010,2007,3.5,"dmp","Captured",1,1,13.64,1.1,2.23,1.45666666666667,0.513333333333333,0.123333333333333
"270-2007-1-006",2011,2007,4.5,"dmp","Captured",1,1,28.86,-3.3625,-3.19333333333333,-4.41333333333333,-4.20666666666667,-1.53333333333333
"270-2007-1-006",2012,2007,5.5,"dmp","Captured",1,1,28.86,-0.763333333333333,1.29,-0.876666666666667,-1.53333333333333,-1.67333333333333
"270-2007-1-006",2013,2007,6.5,"dmp","Captured",1,1,36.82,-1.95083333333333,-3.10666666666667,-2.17666666666667,-1.04333333333333,-2.49333333333333
"270-2007-1-006",2014,2007,7.5,"dmp","Captured",1,1,42.5,-1.2175,-0.98,-2.16333333333333,-1.51333333333333,0.00666666666666666
"270-2007-1-006",2015,2007,8.5,"dmp","Captured",1,1,48.41,1.83166666666667,2.94333333333333,3.56666666666667,0.42,0.223333333333333
"270-2007-1-006",2016,2007,9.5,"dmp","Captured",1,1,25.45,-0.574166666666667,-0.553333333333333,-0.816666666666667,-0.986666666666667,-0.183333333333333
"270-2007-1-006",2017,2007,10.5,"dmp","Captured",1,1,20.91,-0.921666666666667,-0.983333333333333,-1.73,-0.536666666666667,-0.11
"270-2007-1-006",2018,2007,11.5,"dmp","not_detected",0,0,19.77,-0.465,-1.89,-2.77666666666667,2.41333333333333,-0.356666666666667
"270-2007-1-006",2019,2007,12.5,"dmp","not_detected",0,0,23.86,-1.40833333333333,-0.516666666666667,-1.77,-2.95333333333333,1.45
"270-2007-1-006",2020,2007,13.5,"dmp","not_detected",0,0,40.91,-3.4025,-3.32,-3.52,-3.33,-3.37666666666667
"270-2007-1-006",2021,2007,14.5,"dmp","not_detected",0,0,25.91,-1.8125,-3.27666666666667,-0.343333333333333,-0.893333333333333,-3.17
"270-2007-1-006",2022,2007,15.5,"dmp","not_detected",0,0,16.82,-1.96083333333333,-3.23,-2.95666666666667,0.08,-2.33
"270-2007-1-007",2007,2007,0.5,"dmp","Captured",1,1,10,3.04,1.62333333333333,6,4.53666666666667,-1.56666666666667
"270-2007-1-007",2008,2007,1.5,"dmp","Captured",1,1,10.91,-2.125,-2.54666666666667,-2.20666666666667,-2.32666666666667,0.0366666666666666
"270-2007-1-007",2009,2007,2.5,"dmp","Captured",1,1,15.45,-3.89916666666667,-3.96,-5.08666666666667,-3.69666666666667,-3.27
"270-2007-1-007",2010,2007,3.5,"dmp","Captured",1,1,13.64,1.1,2.23,1.45666666666667,0.513333333333333,0.123333333333333
"270-2007-1-007",2011,2007,4.5,"dmp","Captured",1,1,28.86,-3.3625,-3.19333333333333,-4.41333333333333,-4.20666666666667,-1.53333333333333
"270-2007-1-007",2012,2007,5.5,"dmp","Captured",1,1,28.86,-0.763333333333333,1.29,-0.876666666666667,-1.53333333333333,-1.67333333333333
"270-2007-1-007",2013,2007,6.5,"dmp","not_detected",0,0,36.82,-1.95083333333333,-3.10666666666667,-2.17666666666667,-1.04333333333333,-2.49333333333333
"270-2007-1-007",2014,2007,7.5,"dmp","Captured",1,1,42.5,-1.2175,-0.98,-2.16333333333333,-1.51333333333333,0.00666666666666666
"270-2007-1-007",2015,2007,8.5,"dmp","Captured",1,1,48.41,1.83166666666667,2.94333333333333,3.56666666666667,0.42,0.223333333333333
"270-2007-1-007",2016,2007,9.5,"dmp","not_detected",0,0,25.45,-0.574166666666667,-0.553333333333333,-0.816666666666667,-0.986666666666667,-0.183333333333333
"270-2007-1-007",2017,2007,10.5,"dmp","not_detected",0,0,20.91,-0.921666666666667,-0.983333333333333,-1.73,-0.536666666666667,-0.11
"270-2007-1-007",2018,2007,11.5,"dmp","not_detected",0,0,19.77,-0.465,-1.89,-2.77666666666667,2.41333333333333,-0.356666666666667
"270-2007-1-007",2019,2007,12.5,"dmp","not_detected",0,0,23.86,-1.40833333333333,-0.516666666666667,-1.77,-2.95333333333333,1.45
"270-2007-1-007",2020,2007,13.5,"dmp","not_detected",0,0,40.91,-3.4025,-3.32,-3.52,-3.33,-3.37666666666667
"270-2007-1-007",2021,2007,14.5,"dmp","not_detected",0,0,25.91,-1.8125,-3.27666666666667,-0.343333333333333,-0.893333333333333,-3.17
"270-2007-1-007",2022,2007,15.5,"dmp","not_detected",0,0,16.82,-1.96083333333333,-3.23,-2.95666666666667,0.08,-2.33
"270-2007-1-009",2007,2007,0.5,"dmp","Captured",1,1,10,3.04,1.62333333333333,6,4.53666666666667,-1.56666666666667
"270-2007-1-009",2008,2007,1.5,"dmp","not_detected",0,0,10.91,-2.125,-2.54666666666667,-2.20666666666667,-2.32666666666667,0.0366666666666666
"270-2007-1-009",2009,2007,2.5,"dmp","not_detected",0,0,15.45,-3.89916666666667,-3.96,-5.08666666666667,-3.69666666666667,-3.27
"270-2007-1-009",2010,2007,3.5,"dmp","not_detected",0,0,13.64,1.1,2.23,1.45666666666667,0.513333333333333,0.123333333333333
"270-2007-1-009",2011,2007,4.5,"dmp","not_detected",0,0,28.86,-3.3625,-3.19333333333333,-4.41333333333333,-4.20666666666667,-1.53333333333333
"270-2007-1-009",2012,2007,5.5,"dmp","not_detected",0,0,28.86,-0.763333333333333,1.29,-0.876666666666667,-1.53333333333333,-1.67333333333333
"270-2007-1-009",2013,2007,6.5,"dmp","not_detected",0,0,36.82,-1.95083333333333,-3.10666666666667,-2.17666666666667,-1.04333333333333,-2.49333333333333
"270-2007-1-009",2014,2007,7.5,"dmp","not_detected",0,0,42.5,-1.2175,-0.98,-2.16333333333333,-1.51333333333333,0.00666666666666666
"270-2007-1-009",2015,2007,8.5,"dmp","not_detected",0,0,48.41,1.83166666666667,2.94333333333333,3.56666666666667,0.42,0.223333333333333
"270-2007-1-009",2016,2007,9.5,"dmp","not_detected",0,0,25.45,-0.574166666666667,-0.553333333333333,-0.816666666666667,-0.986666666666667,-0.183333333333333
"270-2007-1-009",2017,2007,10.5,"dmp","not_detected",0,0,20.91,-0.921666666666667,-0.983333333333333,-1.73,-0.536666666666667,-0.11
"270-2007-1-009",2018,2007,11.5,"dmp","not_detected",0,0,19.77,-0.465,-1.89,-2.77666666666667,2.41333333333333,-0.356666666666667
"270-2007-1-009",2019,2007,12.5,"dmp","not_detected",0,0,23.86,-1.40833333333333,-0.516666666666667,-1.77,-2.95333333333333,1.45
"270-2007-1-009",2020,2007,13.5,"dmp","not_detected",0,0,40.91,-3.4025,-3.32,-3.52,-3.33,-3.37666666666667
"270-2007-1-009",2021,2007,14.5,"dmp","not_detected",0,0,25.91,-1.8125,-3.27666666666667,-0.343333333333333,-0.893333333333333,-3.17
"270-2007-1-009",2022,2007,15.5,"dmp","not_detected",0,0,16.82,-1.96083333333333,-3.23,-2.95666666666667,0.08,-2.33
"270-2007-1-010",2007,2007,0.5,"dmp","Captured",1,1,10,3.04,1.62333333333333,6,4.53666666666667,-1.56666666666667
"270-2007-1-010",2008,2007,1.5,"dmp","not_detected",0,0,10.91,-2.125,-2.54666666666667,-2.20666666666667,-2.32666666666667,0.0366666666666666
"270-2007-1-010",2009,2007,2.5,"dmp","not_detected",0,0,15.45,-3.89916666666667,-3.96,-5.08666666666667,-3.69666666666667,-3.27
"270-2007-1-010",2010,2007,3.5,"dmp","not_detected",0,0,13.64,1.1,2.23,1.45666666666667,0.513333333333333,0.123333333333333
"270-2007-1-010",2011,2007,4.5,"dmp","not_detected",0,0,28.86,-3.3625,-3.19333333333333,-4.41333333333333,-4.20666666666667,-1.53333333333333
"270-2007-1-010",2012,2007,5.5,"dmp","not_detected",0,0,28.86,-0.763333333333333,1.29,-0.876666666666667,-1.53333333333333,-1.67333333333333
"270-2007-1-010",2013,2007,6.5,"dmp","not_detected",0,0,36.82,-1.95083333333333,-3.10666666666667,-2.17666666666667,-1.04333333333333,-2.49333333333333
"270-2007-1-010",2014,2007,7.5,"dmp","not_detected",0,0,42.5,-1.2175,-0.98,-2.16333333333333,-1.51333333333333,0.00666666666666666
"270-2007-1-010",2015,2007,8.5,"dmp","not_detected",0,0,48.41,1.83166666666667,2.94333333333333,3.56666666666667,0.42,0.223333333333333
"270-2007-1-010",2016,2007,9.5,"dmp","not_detected",0,0,25.45,-0.574166666666667,-0.553333333333333,-0.816666666666667,-0.986666666666667,-0.183333333333333
"270-2007-1-010",2017,2007,10.5,"dmp","not_detected",0,0,20.91,-0.921666666666667,-0.983333333333333,-1.73,-0.536666666666667,-0.11
"270-2007-1-010",2018,2007,11.5,"dmp","not_detected",0,0,19.77,-0.465,-1.89,-2.77666666666667,2.41333333333333,-0.356666666666667
"270-2007-1-010",2019,2007,12.5,"dmp","not_detected",0,0,23.86,-1.40833333333333,-0.516666666666667,-1.77,-2.95333333333333,1.45
"270-2007-1-010",2020,2007,13.5,"dmp","not_detected",0,0,40.91,-3.4025,-3.32,-3.52,-3.33,-3.37666666666667
"270-2007-1-010",2021,2007,14.5,"dmp","not_detected",0,0,25.91,-1.8125,-3.27666666666667,-0.343333333333333,-0.893333333333333,-3.17
"270-2007-1-010",2022,2007,15.5,"dmp","not_detected",0,0,16.82,-1.96083333333333,-3.23,-2.95666666666667,0.08,-2.33
"270-2007-1-011",2007,2007,0.5,"dmp","Captured",1,1,10,3.04,1.62333333333333,6,4.53666666666667,-1.56666666666667
"270-2007-1-011",2008,2007,1.5,"dmp","not_detected",0,0,10.91,-2.125,-2.54666666666667,-2.20666666666667,-2.32666666666667,0.0366666666666666
"270-2007-1-011",2009,2007,2.5,"dmp","Captured",1,1,15.45,-3.89916666666667,-3.96,-5.08666666666667,-3.69666666666667,-3.27
"270-2007-1-011",2010,2007,3.5,"dmp","Captured",1,1,13.64,1.1,2.23,1.45666666666667,0.513333333333333,0.123333333333333
"270-2007-1-011",2011,2007,4.5,"dmp","Captured",1,1,28.86,-3.3625,-3.19333333333333,-4.41333333333333,-4.20666666666667,-1.53333333333333
"270-2007-1-011",2012,2007,5.5,"dmp","Alive-Cuddy",1,0,28.86,-0.763333333333333,1.29,-0.876666666666667,-1.53333333333333,-1.67333333333333
"270-2007-1-011",2013,2007,6.5,"dmp","Captured",1,1,36.82,-1.95083333333333,-3.10666666666667,-2.17666666666667,-1.04333333333333,-2.49333333333333
"270-2007-1-011",2014,2007,7.5,"dmp","Captured",1,1,42.5,-1.2175,-0.98,-2.16333333333333,-1.51333333333333,0.00666666666666666
"270-2007-1-011",2015,2007,8.5,"dmp","not_detected",0,0,48.41,1.83166666666667,2.94333333333333,3.56666666666667,0.42,0.223333333333333
"270-2007-1-011",2016,2007,9.5,"dmp","not_detected",0,0,25.45,-0.574166666666667,-0.553333333333333,-0.816666666666667,-0.986666666666667,-0.183333333333333
"270-2007-1-011",2017,2007,10.5,"dmp","Nat Mortality",2,2,20.91,-0.921666666666667,-0.983333333333333,-1.73,-0.536666666666667,-0.11
"270-2007-1-011",2018,2007,11.5,"dmp","not_detected",0,0,19.77,-0.465,-1.89,-2.77666666666667,2.41333333333333,-0.356666666666667
"270-2007-1-011",2019,2007,12.5,"dmp","not_detected",0,0,23.86,-1.40833333333333,-0.516666666666667,-1.77,-2.95333333333333,1.45
"270-2007-1-011",2020,2007,13.5,"dmp","not_detected",0,0,40.91,-3.4025,-3.32,-3.52,-3.33,-3.37666666666667
"270-2007-1-011",2021,2007,14.5,"dmp","not_detected",0,0,25.91,-1.8125,-3.27666666666667,-0.343333333333333,-0.893333333333333,-3.17
"270-2007-1-011",2022,2007,15.5,"dmp","not_detected",0,0,16.82,-1.96083333333333,-3.23,-2.95666666666667,0.08,-2.33
"270-2007-1-012",2007,2007,0.5,"dmp","Captured",1,1,10,3.04,1.62333333333333,6,4.53666666666667,-1.56666666666667
"270-2007-1-012",2008,2007,1.5,"dmp","Captured",1,1,10.91,-2.125,-2.54666666666667,-2.20666666666667,-2.32666666666667,0.0366666666666666
"270-2007-1-012",2009,2007,2.5,"dmp","Captured",1,1,15.45,-3.89916666666667,-3.96,-5.08666666666667,-3.69666666666667,-3.27
"270-2007-1-012",2010,2007,3.5,"dmp","Alive-Cuddy",1,0,13.64,1.1,2.23,1.45666666666667,0.513333333333333,0.123333333333333
"270-2007-1-012",2011,2007,4.5,"dmp","Captured",1,1,28.86,-3.3625,-3.19333333333333,-4.41333333333333,-4.20666666666667,-1.53333333333333
"270-2007-1-012",2012,2007,5.5,"dmp","Alive-Cuddy",1,0,28.86,-0.763333333333333,1.29,-0.876666666666667,-1.53333333333333,-1.67333333333333
"270-2007-1-012",2013,2007,6.5,"dmp","not_detected",0,0,36.82,-1.95083333333333,-3.10666666666667,-2.17666666666667,-1.04333333333333,-2.49333333333333
"270-2007-1-012",2014,2007,7.5,"dmp","Alive-Cuddy",1,0,42.5,-1.2175,-0.98,-2.16333333333333,-1.51333333333333,0.00666666666666666
"270-2007-1-012",2015,2007,8.5,"dmp","Captured",1,1,48.41,1.83166666666667,2.94333333333333,3.56666666666667,0.42,0.223333333333333
"270-2007-1-012",2016,2007,9.5,"dmp","Captured",1,1,25.45,-0.574166666666667,-0.553333333333333,-0.816666666666667,-0.986666666666667,-0.183333333333333
"270-2007-1-012",2017,2007,10.5,"dmp","Captured",1,1,20.91,-0.921666666666667,-0.983333333333333,-1.73,-0.536666666666667,-0.11
"270-2007-1-012",2018,2007,11.5,"dmp","not_detected",0,0,19.77,-0.465,-1.89,-2.77666666666667,2.41333333333333,-0.356666666666667
"270-2007-1-012",2019,2007,12.5,"dmp","Alive-Cuddy",1,0,23.86,-1.40833333333333,-0.516666666666667,-1.77,-2.95333333333333,1.45
"270-2007-1-012",2020,2007,13.5,"dmp","not_detected",0,0,40.91,-3.4025,-3.32,-3.52,-3.33,-3.37666666666667
"270-2007-1-012",2021,2007,14.5,"dmp","not_detected",0,0,25.91,-1.8125,-3.27666666666667,-0.343333333333333,-0.893333333333333,-3.17
"270-2007-1-012",2022,2007,15.5,"dmp","not_detected",0,0,16.82,-1.96083333333333,-3.23,-2.95666666666667,0.08,-2.33
"270-2007-1-013",2007,2007,0.5,"dmp","Captured",1,1,10,3.04,1.62333333333333,6,4.53666666666667,-1.56666666666667
"270-2007-1-013",2008,2007,1.5,"dmp","not_detected",0,0,10.91,-2.125,-2.54666666666667,-2.20666666666667,-2.32666666666667,0.0366666666666666
"270-2007-1-013",2009,2007,2.5,"dmp","not_detected",0,0,15.45,-3.89916666666667,-3.96,-5.08666666666667,-3.69666666666667,-3.27
"270-2007-1-013",2010,2007,3.5,"dmp","not_detected",0,0,13.64,1.1,2.23,1.45666666666667,0.513333333333333,0.123333333333333
"270-2007-1-013",2011,2007,4.5,"dmp","not_detected",0,0,28.86,-3.3625,-3.19333333333333,-4.41333333333333,-4.20666666666667,-1.53333333333333
"270-2007-1-013",2012,2007,5.5,"dmp","not_detected",0,0,28.86,-0.763333333333333,1.29,-0.876666666666667,-1.53333333333333,-1.67333333333333
"270-2007-1-013",2013,2007,6.5,"dmp","not_detected",0,0,36.82,-1.95083333333333,-3.10666666666667,-2.17666666666667,-1.04333333333333,-2.49333333333333
"270-2007-1-013",2014,2007,7.5,"dmp","not_detected",0,0,42.5,-1.2175,-0.98,-2.16333333333333,-1.51333333333333,0.00666666666666666
"270-2007-1-013",2015,2007,8.5,"dmp","not_detected",0,0,48.41,1.83166666666667,2.94333333333333,3.56666666666667,0.42,0.223333333333333
"270-2007-1-013",2016,2007,9.5,"dmp","not_detected",0,0,25.45,-0.574166666666667,-0.553333333333333,-0.816666666666667,-0.986666666666667,-0.183333333333333
"270-2007-1-013",2017,2007,10.5,"dmp","not_detected",0,0,20.91,-0.921666666666667,-0.983333333333333,-1.73,-0.536666666666667,-0.11
"270-2007-1-013",2018,2007,11.5,"dmp","not_detected",0,0,19.77,-0.465,-1.89,-2.77666666666667,2.41333333333333,-0.356666666666667
"270-2007-1-013",2019,2007,12.5,"dmp","not_detected",0,0,23.86,-1.40833333333333,-0.516666666666667,-1.77,-2.95333333333333,1.45
"270-2007-1-013",2020,2007,13.5,"dmp","not_detected",0,0,40.91,-3.4025,-3.32,-3.52,-3.33,-3.37666666666667
"270-2007-1-013",2021,2007,14.5,"dmp","not_detected",0,0,25.91,-1.8125,-3.27666666666667,-0.343333333333333,-0.893333333333333,-3.17
"270-2007-1-013",2022,2007,15.5,"dmp","not_detected",0,0,16.82,-1.96083333333333,-3.23,-2.95666666666667,0.08,-2.33
"270-2007-1-051",2007,2007,0.5,"dmp","Captured",1,1,10,3.04,1.62333333333333,6,4.53666666666667,-1.56666666666667
"270-2007-1-051",2008,2007,1.5,"dmp","Captured",1,1,10.91,-2.125,-2.54666666666667,-2.20666666666667,-2.32666666666667,0.0366666666666666
"270-2007-1-051",2009,2007,2.5,"dmp","Captured",1,1,15.45,-3.89916666666667,-3.96,-5.08666666666667,-3.69666666666667,-3.27
"270-2007-1-051",2010,2007,3.5,"dmp","Captured",1,1,13.64,1.1,2.23,1.45666666666667,0.513333333333333,0.123333333333333
"270-2007-1-051",2011,2007,4.5,"dmp","Captured",1,1,28.86,-3.3625,-3.19333333333333,-4.41333333333333,-4.20666666666667,-1.53333333333333
"270-2007-1-051",2012,2007,5.5,"dmp","Captured",1,1,28.86,-0.763333333333333,1.29,-0.876666666666667,-1.53333333333333,-1.67333333333333
"270-2007-1-051",2013,2007,6.5,"dmp","Captured",1,1,36.82,-1.95083333333333,-3.10666666666667,-2.17666666666667,-1.04333333333333,-2.49333333333333
"270-2007-1-051",2014,2007,7.5,"dmp","Captured",1,1,42.5,-1.2175,-0.98,-2.16333333333333,-1.51333333333333,0.00666666666666666
"270-2007-1-051",2015,2007,8.5,"dmp","Alive-Cuddy",1,0,48.41,1.83166666666667,2.94333333333333,3.56666666666667,0.42,0.223333333333333
"270-2007-1-051",2016,2007,9.5,"dmp","Captured",1,1,25.45,-0.574166666666667,-0.553333333333333,-0.816666666666667,-0.986666666666667,-0.183333333333333
"270-2007-1-051",2017,2007,10.5,"dmp","Captured",1,1,20.91,-0.921666666666667,-0.983333333333333,-1.73,-0.536666666666667,-0.11
"270-2007-1-051",2018,2007,11.5,"dmp","not_detected",0,0,19.77,-0.465,-1.89,-2.77666666666667,2.41333333333333,-0.356666666666667
"270-2007-1-051",2019,2007,12.5,"dmp","not_detected",0,0,23.86,-1.40833333333333,-0.516666666666667,-1.77,-2.95333333333333,1.45
"270-2007-1-051",2020,2007,13.5,"dmp","not_detected",0,0,40.91,-3.4025,-3.32,-3.52,-3.33,-3.37666666666667
"270-2007-1-051",2021,2007,14.5,"dmp","not_detected",0,0,25.91,-1.8125,-3.27666666666667,-0.343333333333333,-0.893333333333333,-3.17
"270-2007-1-051",2022,2007,15.5,"dmp","not_detected",0,0,16.82,-1.96083333333333,-3.23,-2.95666666666667,0.08,-2.33
"270-2007-1-053",2007,2007,0.5,"dmp","Captured",1,1,10,3.04,1.62333333333333,6,4.53666666666667,-1.56666666666667
"270-2007-1-053",2008,2007,1.5,"dmp","Captured",1,1,10.91,-2.125,-2.54666666666667,-2.20666666666667,-2.32666666666667,0.0366666666666666
"270-2007-1-053",2009,2007,2.5,"dmp","Captured",1,1,15.45,-3.89916666666667,-3.96,-5.08666666666667,-3.69666666666667,-3.27
"270-2007-1-053",2010,2007,3.5,"dmp","not_detected",0,0,13.64,1.1,2.23,1.45666666666667,0.513333333333333,0.123333333333333
"270-2007-1-053",2011,2007,4.5,"dmp","not_detected",0,0,28.86,-3.3625,-3.19333333333333,-4.41333333333333,-4.20666666666667,-1.53333333333333
"270-2007-1-053",2012,2007,5.5,"dmp","not_detected",0,0,28.86,-0.763333333333333,1.29,-0.876666666666667,-1.53333333333333,-1.67333333333333
"270-2007-1-053",2013,2007,6.5,"dmp","not_detected",0,0,36.82,-1.95083333333333,-3.10666666666667,-2.17666666666667,-1.04333333333333,-2.49333333333333
"270-2007-1-053",2014,2007,7.5,"dmp","not_detected",0,0,42.5,-1.2175,-0.98,-2.16333333333333,-1.51333333333333,0.00666666666666666
"270-2007-1-053",2015,2007,8.5,"dmp","not_detected",0,0,48.41,1.83166666666667,2.94333333333333,3.56666666666667,0.42,0.223333333333333
"270-2007-1-053",2016,2007,9.5,"dmp","not_detected",0,0,25.45,-0.574166666666667,-0.553333333333333,-0.816666666666667,-0.986666666666667,-0.183333333333333
"270-2007-1-053",2017,2007,10.5,"dmp","not_detected",0,0,20.91,-0.921666666666667,-0.983333333333333,-1.73,-0.536666666666667,-0.11
"270-2007-1-053",2018,2007,11.5,"dmp","not_detected",0,0,19.77,-0.465,-1.89,-2.77666666666667,2.41333333333333,-0.356666666666667
"270-2007-1-053",2019,2007,12.5,"dmp","not_detected",0,0,23.86,-1.40833333333333,-0.516666666666667,-1.77,-2.95333333333333,1.45
"270-2007-1-053",2020,2007,13.5,"dmp","not_detected",0,0,40.91,-3.4025,-3.32,-3.52,-3.33,-3.37666666666667
"270-2007-1-053",2021,2007,14.5,"dmp","not_detected",0,0,25.91,-1.8125,-3.27666666666667,-0.343333333333333,-0.893333333333333,-3.17
"270-2007-1-053",2022,2007,15.5,"dmp","not_detected",0,0,16.82,-1.96083333333333,-3.23,-2.95666666666667,0.08,-2.33
"270-2007-1-056",2007,2007,0.5,"dmp","Captured",1,1,10,3.04,1.62333333333333,6,4.53666666666667,-1.56666666666667
"270-2007-1-056",2008,2007,1.5,"dmp","Captured",1,1,10.91,-2.125,-2.54666666666667,-2.20666666666667,-2.32666666666667,0.0366666666666666
"270-2007-1-056",2009,2007,2.5,"dmp","Captured",1,1,15.45,-3.89916666666667,-3.96,-5.08666666666667,-3.69666666666667,-3.27
"270-2007-1-056",2010,2007,3.5,"dmp","Captured",1,1,13.64,1.1,2.23,1.45666666666667,0.513333333333333,0.123333333333333
"270-2007-1-056",2011,2007,4.5,"dmp","Captured",1,1,28.86,-3.3625,-3.19333333333333,-4.41333333333333,-4.20666666666667,-1.53333333333333
"270-2007-1-056",2012,2007,5.5,"dmp","Captured",1,1,28.86,-0.763333333333333,1.29,-0.876666666666667,-1.53333333333333,-1.67333333333333
"270-2007-1-056",2013,2007,6.5,"dmp","Captured",1,1,36.82,-1.95083333333333,-3.10666666666667,-2.17666666666667,-1.04333333333333,-2.49333333333333
"270-2007-1-056",2014,2007,7.5,"dmp","Captured",1,1,42.5,-1.2175,-0.98,-2.16333333333333,-1.51333333333333,0.00666666666666666
"270-2007-1-056",2015,2007,8.5,"dmp","Captured",1,1,48.41,1.83166666666667,2.94333333333333,3.56666666666667,0.42,0.223333333333333
"270-2007-1-056",2016,2007,9.5,"dmp","Captured",1,1,25.45,-0.574166666666667,-0.553333333333333,-0.816666666666667,-0.986666666666667,-0.183333333333333
"270-2007-1-056",2017,2007,10.5,"dmp","not_detected",0,0,20.91,-0.921666666666667,-0.983333333333333,-1.73,-0.536666666666667,-0.11
"270-2007-1-056",2018,2007,11.5,"dmp","not_detected",0,0,19.77,-0.465,-1.89,-2.77666666666667,2.41333333333333,-0.356666666666667
"270-2007-1-056",2019,2007,12.5,"dmp","not_detected",0,0,23.86,-1.40833333333333,-0.516666666666667,-1.77,-2.95333333333333,1.45
"270-2007-1-056",2020,2007,13.5,"dmp","not_detected",0,0,40.91,-3.4025,-3.32,-3.52,-3.33,-3.37666666666667
"270-2007-1-056",2021,2007,14.5,"dmp","not_detected",0,0,25.91,-1.8125,-3.27666666666667,-0.343333333333333,-0.893333333333333,-3.17
"270-2007-1-056",2022,2007,15.5,"dmp","not_detected",0,0,16.82,-1.96083333333333,-3.23,-2.95666666666667,0.08,-2.33
"270-2007-1-057",2007,2007,0.5,"dmp","Captured",1,1,10,3.04,1.62333333333333,6,4.53666666666667,-1.56666666666667
"270-2007-1-057",2008,2007,1.5,"dmp","Captured",1,1,10.91,-2.125,-2.54666666666667,-2.20666666666667,-2.32666666666667,0.0366666666666666
"270-2007-1-057",2009,2007,2.5,"dmp","Captured",1,1,15.45,-3.89916666666667,-3.96,-5.08666666666667,-3.69666666666667,-3.27
"270-2007-1-057",2010,2007,3.5,"dmp","Captured",1,1,13.64,1.1,2.23,1.45666666666667,0.513333333333333,0.123333333333333
"270-2007-1-057",2011,2007,4.5,"dmp","Captured",1,1,28.86,-3.3625,-3.19333333333333,-4.41333333333333,-4.20666666666667,-1.53333333333333
"270-2007-1-057",2012,2007,5.5,"dmp","Captured",1,1,28.86,-0.763333333333333,1.29,-0.876666666666667,-1.53333333333333,-1.67333333333333
"270-2007-1-057",2013,2007,6.5,"dmp","Captured",1,1,36.82,-1.95083333333333,-3.10666666666667,-2.17666666666667,-1.04333333333333,-2.49333333333333
"270-2007-1-057",2014,2007,7.5,"dmp","Alive-Cuddy",1,0,42.5,-1.2175,-0.98,-2.16333333333333,-1.51333333333333,0.00666666666666666
"270-2007-1-057",2015,2007,8.5,"dmp","Captured",1,1,48.41,1.83166666666667,2.94333333333333,3.56666666666667,0.42,0.223333333333333
"270-2007-1-057",2016,2007,9.5,"dmp","Alive-Cuddy",1,0,25.45,-0.574166666666667,-0.553333333333333,-0.816666666666667,-0.986666666666667,-0.183333333333333
"270-2007-1-057",2017,2007,10.5,"dmp","Captured",1,1,20.91,-0.921666666666667,-0.983333333333333,-1.73,-0.536666666666667,-0.11
"270-2007-1-057",2018,2007,11.5,"dmp","Alive-Cuddy",1,0,19.77,-0.465,-1.89,-2.77666666666667,2.41333333333333,-0.356666666666667
"270-2007-1-057",2019,2007,12.5,"dmp","not_detected",0,0,23.86,-1.40833333333333,-0.516666666666667,-1.77,-2.95333333333333,1.45
"270-2007-1-057",2020,2007,13.5,"dmp","not_detected",0,0,40.91,-3.4025,-3.32,-3.52,-3.33,-3.37666666666667
"270-2007-1-057",2021,2007,14.5,"dmp","not_detected",0,0,25.91,-1.8125,-3.27666666666667,-0.343333333333333,-0.893333333333333,-3.17
"270-2007-1-057",2022,2007,15.5,"dmp","not_detected",0,0,16.82,-1.96083333333333,-3.23,-2.95666666666667,0.08,-2.33
"270-2007-1-058",2007,2007,0.5,"dmp","Captured",1,1,10,3.04,1.62333333333333,6,4.53666666666667,-1.56666666666667
"270-2007-1-058",2008,2007,1.5,"dmp","Captured",1,1,10.91,-2.125,-2.54666666666667,-2.20666666666667,-2.32666666666667,0.0366666666666666
"270-2007-1-058",2009,2007,2.5,"dmp","Nat Mortality",2,2,15.45,-3.89916666666667,-3.96,-5.08666666666667,-3.69666666666667,-3.27
"270-2007-1-058",2010,2007,3.5,"dmp","not_detected",0,0,13.64,1.1,2.23,1.45666666666667,0.513333333333333,0.123333333333333
"270-2007-1-058",2011,2007,4.5,"dmp","not_detected",0,0,28.86,-3.3625,-3.19333333333333,-4.41333333333333,-4.20666666666667,-1.53333333333333
"270-2007-1-058",2012,2007,5.5,"dmp","not_detected",0,0,28.86,-0.763333333333333,1.29,-0.876666666666667,-1.53333333333333,-1.67333333333333
"270-2007-1-058",2013,2007,6.5,"dmp","not_detected",0,0,36.82,-1.95083333333333,-3.10666666666667,-2.17666666666667,-1.04333333333333,-2.49333333333333
"270-2007-1-058",2014,2007,7.5,"dmp","not_detected",0,0,42.5,-1.2175,-0.98,-2.16333333333333,-1.51333333333333,0.00666666666666666
"270-2007-1-058",2015,2007,8.5,"dmp","not_detected",0,0,48.41,1.83166666666667,2.94333333333333,3.56666666666667,0.42,0.223333333333333
"270-2007-1-058",2016,2007,9.5,"dmp","not_detected",0,0,25.45,-0.574166666666667,-0.553333333333333,-0.816666666666667,-0.986666666666667,-0.183333333333333
"270-2007-1-058",2017,2007,10.5,"dmp","not_detected",0,0,20.91,-0.921666666666667,-0.983333333333333,-1.73,-0.536666666666667,-0.11
"270-2007-1-058",2018,2007,11.5,"dmp","not_detected",0,0,19.77,-0.465,-1.89,-2.77666666666667,2.41333333333333,-0.356666666666667
"270-2007-1-058",2019,2007,12.5,"dmp","not_detected",0,0,23.86,-1.40833333333333,-0.516666666666667,-1.77,-2.95333333333333,1.45
"270-2007-1-058",2020,2007,13.5,"dmp","not_detected",0,0,40.91,-3.4025,-3.32,-3.52,-3.33,-3.37666666666667
"270-2007-1-058",2021,2007,14.5,"dmp","not_detected",0,0,25.91,-1.8125,-3.27666666666667,-0.343333333333333,-0.893333333333333,-3.17
"270-2007-1-058",2022,2007,15.5,"dmp","not_detected",0,0,16.82,-1.96083333333333,-3.23,-2.95666666666667,0.08,-2.33
"270-2007-1-061",2007,2007,0.5,"dmp","Captured",1,1,10,3.04,1.62333333333333,6,4.53666666666667,-1.56666666666667
"270-2007-1-061",2008,2007,1.5,"dmp","Captured",1,1,10.91,-2.125,-2.54666666666667,-2.20666666666667,-2.32666666666667,0.0366666666666666
"270-2007-1-061",2009,2007,2.5,"dmp","not_detected",0,0,15.45,-3.89916666666667,-3.96,-5.08666666666667,-3.69666666666667,-3.27
"270-2007-1-061",2010,2007,3.5,"dmp","not_detected",0,0,13.64,1.1,2.23,1.45666666666667,0.513333333333333,0.123333333333333
"270-2007-1-061",2011,2007,4.5,"dmp","not_detected",0,0,28.86,-3.3625,-3.19333333333333,-4.41333333333333,-4.20666666666667,-1.53333333333333
"270-2007-1-061",2012,2007,5.5,"dmp","not_detected",0,0,28.86,-0.763333333333333,1.29,-0.876666666666667,-1.53333333333333,-1.67333333333333
"270-2007-1-061",2013,2007,6.5,"dmp","not_detected",0,0,36.82,-1.95083333333333,-3.10666666666667,-2.17666666666667,-1.04333333333333,-2.49333333333333
"270-2007-1-061",2014,2007,7.5,"dmp","not_detected",0,0,42.5,-1.2175,-0.98,-2.16333333333333,-1.51333333333333,0.00666666666666666
"270-2007-1-061",2015,2007,8.5,"dmp","not_detected",0,0,48.41,1.83166666666667,2.94333333333333,3.56666666666667,0.42,0.223333333333333
"270-2007-1-061",2016,2007,9.5,"dmp","not_detected",0,0,25.45,-0.574166666666667,-0.553333333333333,-0.816666666666667,-0.986666666666667,-0.183333333333333
"270-2007-1-061",2017,2007,10.5,"dmp","not_detected",0,0,20.91,-0.921666666666667,-0.983333333333333,-1.73,-0.536666666666667,-0.11
"270-2007-1-061",2018,2007,11.5,"dmp","not_detected",0,0,19.77,-0.465,-1.89,-2.77666666666667,2.41333333333333,-0.356666666666667
"270-2007-1-061",2019,2007,12.5,"dmp","not_detected",0,0,23.86,-1.40833333333333,-0.516666666666667,-1.77,-2.95333333333333,1.45
"270-2007-1-061",2020,2007,13.5,"dmp","not_detected",0,0,40.91,-3.4025,-3.32,-3.52,-3.33,-3.37666666666667
"270-2007-1-061",2021,2007,14.5,"dmp","not_detected",0,0,25.91,-1.8125,-3.27666666666667,-0.343333333333333,-0.893333333333333,-3.17
"270-2007-1-061",2022,2007,15.5,"dmp","not_detected",0,0,16.82,-1.96083333333333,-3.23,-2.95666666666667,0.08,-2.33
"270-2007-1-062",2007,2007,0.5,"dmp","Captured",1,1,10,3.04,1.62333333333333,6,4.53666666666667,-1.56666666666667
"270-2007-1-062",2008,2007,1.5,"dmp","not_detected",0,0,10.91,-2.125,-2.54666666666667,-2.20666666666667,-2.32666666666667,0.0366666666666666
"270-2007-1-062",2009,2007,2.5,"dmp","not_detected",0,0,15.45,-3.89916666666667,-3.96,-5.08666666666667,-3.69666666666667,-3.27
"270-2007-1-062",2010,2007,3.5,"dmp","not_detected",0,0,13.64,1.1,2.23,1.45666666666667,0.513333333333333,0.123333333333333
"270-2007-1-062",2011,2007,4.5,"dmp","not_detected",0,0,28.86,-3.3625,-3.19333333333333,-4.41333333333333,-4.20666666666667,-1.53333333333333
"270-2007-1-062",2012,2007,5.5,"dmp","not_detected",0,0,28.86,-0.763333333333333,1.29,-0.876666666666667,-1.53333333333333,-1.67333333333333
"270-2007-1-062",2013,2007,6.5,"dmp","not_detected",0,0,36.82,-1.95083333333333,-3.10666666666667,-2.17666666666667,-1.04333333333333,-2.49333333333333
"270-2007-1-062",2014,2007,7.5,"dmp","not_detected",0,0,42.5,-1.2175,-0.98,-2.16333333333333,-1.51333333333333,0.00666666666666666
"270-2007-1-062",2015,2007,8.5,"dmp","not_detected",0,0,48.41,1.83166666666667,2.94333333333333,3.56666666666667,0.42,0.223333333333333
"270-2007-1-062",2016,2007,9.5,"dmp","not_detected",0,0,25.45,-0.574166666666667,-0.553333333333333,-0.816666666666667,-0.986666666666667,-0.183333333333333
"270-2007-1-062",2017,2007,10.5,"dmp","not_detected",0,0,20.91,-0.921666666666667,-0.983333333333333,-1.73,-0.536666666666667,-0.11
"270-2007-1-062",2018,2007,11.5,"dmp","not_detected",0,0,19.77,-0.465,-1.89,-2.77666666666667,2.41333333333333,-0.356666666666667
"270-2007-1-062",2019,2007,12.5,"dmp","not_detected",0,0,23.86,-1.40833333333333,-0.516666666666667,-1.77,-2.95333333333333,1.45
"270-2007-1-062",2020,2007,13.5,"dmp","not_detected",0,0,40.91,-3.4025,-3.32,-3.52,-3.33,-3.37666666666667
"270-2007-1-062",2021,2007,14.5,"dmp","not_detected",0,0,25.91,-1.8125,-3.27666666666667,-0.343333333333333,-0.893333333333333,-3.17
"270-2007-1-062",2022,2007,15.5,"dmp","not_detected",0,0,16.82,-1.96083333333333,-3.23,-2.95666666666667,0.08,-2.33
"270-2007-1-065",2007,2007,0.5,"dmp","Captured",1,1,10,3.04,1.62333333333333,6,4.53666666666667,-1.56666666666667
"270-2007-1-065",2008,2007,1.5,"dmp","Captured",1,1,10.91,-2.125,-2.54666666666667,-2.20666666666667,-2.32666666666667,0.0366666666666666
"270-2007-1-065",2009,2007,2.5,"dmp","Captured",1,1,15.45,-3.89916666666667,-3.96,-5.08666666666667,-3.69666666666667,-3.27
"270-2007-1-065",2010,2007,3.5,"dmp","Captured",1,1,13.64,1.1,2.23,1.45666666666667,0.513333333333333,0.123333333333333
"270-2007-1-065",2011,2007,4.5,"dmp","Captured",1,1,28.86,-3.3625,-3.19333333333333,-4.41333333333333,-4.20666666666667,-1.53333333333333
"270-2007-1-065",2012,2007,5.5,"dmp","Captured",1,1,28.86,-0.763333333333333,1.29,-0.876666666666667,-1.53333333333333,-1.67333333333333
"270-2007-1-065",2013,2007,6.5,"dmp","Harvested",2,2,36.82,-1.95083333333333,-3.10666666666667,-2.17666666666667,-1.04333333333333,-2.49333333333333
"270-2007-1-065",2014,2007,7.5,"dmp","not_detected",0,0,42.5,-1.2175,-0.98,-2.16333333333333,-1.51333333333333,0.00666666666666666
"270-2007-1-065",2015,2007,8.5,"dmp","not_detected",0,0,48.41,1.83166666666667,2.94333333333333,3.56666666666667,0.42,0.223333333333333
"270-2007-1-065",2016,2007,9.5,"dmp","not_detected",0,0,25.45,-0.574166666666667,-0.553333333333333,-0.816666666666667,-0.986666666666667,-0.183333333333333
"270-2007-1-065",2017,2007,10.5,"dmp","not_detected",0,0,20.91,-0.921666666666667,-0.983333333333333,-1.73,-0.536666666666667,-0.11
"270-2007-1-065",2018,2007,11.5,"dmp","not_detected",0,0,19.77,-0.465,-1.89,-2.77666666666667,2.41333333333333,-0.356666666666667
"270-2007-1-065",2019,2007,12.5,"dmp","not_detected",0,0,23.86,-1.40833333333333,-0.516666666666667,-1.77,-2.95333333333333,1.45
"270-2007-1-065",2020,2007,13.5,"dmp","not_detected",0,0,40.91,-3.4025,-3.32,-3.52,-3.33,-3.37666666666667
"270-2007-1-065",2021,2007,14.5,"dmp","not_detected",0,0,25.91,-1.8125,-3.27666666666667,-0.343333333333333,-0.893333333333333,-3.17
"270-2007-1-065",2022,2007,15.5,"dmp","not_detected",0,0,16.82,-1.96083333333333,-3.23,-2.95666666666667,0.08,-2.33
"270-2007-1-066",2007,2007,0.5,"dmp","Captured",1,1,10,3.04,1.62333333333333,6,4.53666666666667,-1.56666666666667
"270-2007-1-066",2008,2007,1.5,"dmp","Captured",1,1,10.91,-2.125,-2.54666666666667,-2.20666666666667,-2.32666666666667,0.0366666666666666
"270-2007-1-066",2009,2007,2.5,"dmp","Captured",1,1,15.45,-3.89916666666667,-3.96,-5.08666666666667,-3.69666666666667,-3.27
"270-2007-1-066",2010,2007,3.5,"dmp","Captured",1,1,13.64,1.1,2.23,1.45666666666667,0.513333333333333,0.123333333333333
"270-2007-1-066",2011,2007,4.5,"dmp","Captured",1,1,28.86,-3.3625,-3.19333333333333,-4.41333333333333,-4.20666666666667,-1.53333333333333
"270-2007-1-066",2012,2007,5.5,"dmp","Captured",1,1,28.86,-0.763333333333333,1.29,-0.876666666666667,-1.53333333333333,-1.67333333333333
"270-2007-1-066",2013,2007,6.5,"dmp","Captured",1,1,36.82,-1.95083333333333,-3.10666666666667,-2.17666666666667,-1.04333333333333,-2.49333333333333
"270-2007-1-066",2014,2007,7.5,"dmp","Captured",1,1,42.5,-1.2175,-0.98,-2.16333333333333,-1.51333333333333,0.00666666666666666
"270-2007-1-066",2015,2007,8.5,"dmp","Captured",1,1,48.41,1.83166666666667,2.94333333333333,3.56666666666667,0.42,0.223333333333333
"270-2007-1-066",2016,2007,9.5,"dmp","Nat Mortality",2,2,25.45,-0.574166666666667,-0.553333333333333,-0.816666666666667,-0.986666666666667,-0.183333333333333
"270-2007-1-066",2017,2007,10.5,"dmp","not_detected",0,0,20.91,-0.921666666666667,-0.983333333333333,-1.73,-0.536666666666667,-0.11
"270-2007-1-066",2018,2007,11.5,"dmp","not_detected",0,0,19.77,-0.465,-1.89,-2.77666666666667,2.41333333333333,-0.356666666666667
"270-2007-1-066",2019,2007,12.5,"dmp","not_detected",0,0,23.86,-1.40833333333333,-0.516666666666667,-1.77,-2.95333333333333,1.45
"270-2007-1-066",2020,2007,13.5,"dmp","not_detected",0,0,40.91,-3.4025,-3.32,-3.52,-3.33,-3.37666666666667
"270-2007-1-066",2021,2007,14.5,"dmp","not_detected",0,0,25.91,-1.8125,-3.27666666666667,-0.343333333333333,-0.893333333333333,-3.17
"270-2007-1-066",2022,2007,15.5,"dmp","not_detected",0,0,16.82,-1.96083333333333,-3.23,-2.95666666666667,0.08,-2.33
"270-2008-1-003",2008,2008,0.5,"dmp","Captured",1,1,10.91,-2.125,-2.54666666666667,-2.20666666666667,-2.32666666666667,0.0366666666666666
"270-2008-1-003",2009,2008,1.5,"dmp","not_detected",0,0,15.45,-3.89916666666667,-3.96,-5.08666666666667,-3.69666666666667,-3.27
"270-2008-1-003",2010,2008,2.5,"dmp","not_detected",0,0,13.64,1.1,2.23,1.45666666666667,0.513333333333333,0.123333333333333
"270-2008-1-003",2011,2008,3.5,"dmp","not_detected",0,0,28.86,-3.3625,-3.19333333333333,-4.41333333333333,-4.20666666666667,-1.53333333333333
"270-2008-1-003",2012,2008,4.5,"dmp","not_detected",0,0,28.86,-0.763333333333333,1.29,-0.876666666666667,-1.53333333333333,-1.67333333333333
"270-2008-1-003",2013,2008,5.5,"dmp","not_detected",0,0,36.82,-1.95083333333333,-3.10666666666667,-2.17666666666667,-1.04333333333333,-2.49333333333333
"270-2008-1-003",2014,2008,6.5,"dmp","not_detected",0,0,42.5,-1.2175,-0.98,-2.16333333333333,-1.51333333333333,0.00666666666666666
"270-2008-1-003",2015,2008,7.5,"dmp","not_detected",0,0,48.41,1.83166666666667,2.94333333333333,3.56666666666667,0.42,0.223333333333333
"270-2008-1-003",2016,2008,8.5,"dmp","not_detected",0,0,25.45,-0.574166666666667,-0.553333333333333,-0.816666666666667,-0.986666666666667,-0.183333333333333
"270-2008-1-003",2017,2008,9.5,"dmp","not_detected",0,0,20.91,-0.921666666666667,-0.983333333333333,-1.73,-0.536666666666667,-0.11
"270-2008-1-003",2018,2008,10.5,"dmp","not_detected",0,0,19.77,-0.465,-1.89,-2.77666666666667,2.41333333333333,-0.356666666666667
"270-2008-1-003",2019,2008,11.5,"dmp","not_detected",0,0,23.86,-1.40833333333333,-0.516666666666667,-1.77,-2.95333333333333,1.45
"270-2008-1-003",2020,2008,12.5,"dmp","not_detected",0,0,40.91,-3.4025,-3.32,-3.52,-3.33,-3.37666666666667
"270-2008-1-003",2021,2008,13.5,"dmp","not_detected",0,0,25.91,-1.8125,-3.27666666666667,-0.343333333333333,-0.893333333333333,-3.17
"270-2008-1-003",2022,2008,14.5,"dmp","not_detected",0,0,16.82,-1.96083333333333,-3.23,-2.95666666666667,0.08,-2.33
"270-2008-1-006",2008,2008,0.5,"dmp","Captured",1,1,10.91,-2.125,-2.54666666666667,-2.20666666666667,-2.32666666666667,0.0366666666666666
"270-2008-1-006",2009,2008,1.5,"dmp","Captured",1,1,15.45,-3.89916666666667,-3.96,-5.08666666666667,-3.69666666666667,-3.27
"270-2008-1-006",2010,2008,2.5,"dmp","not_detected",0,0,13.64,1.1,2.23,1.45666666666667,0.513333333333333,0.123333333333333
"270-2008-1-006",2011,2008,3.5,"dmp","not_detected",0,0,28.86,-3.3625,-3.19333333333333,-4.41333333333333,-4.20666666666667,-1.53333333333333
"270-2008-1-006",2012,2008,4.5,"dmp","not_detected",0,0,28.86,-0.763333333333333,1.29,-0.876666666666667,-1.53333333333333,-1.67333333333333
"270-2008-1-006",2013,2008,5.5,"dmp","not_detected",0,0,36.82,-1.95083333333333,-3.10666666666667,-2.17666666666667,-1.04333333333333,-2.49333333333333
"270-2008-1-006",2014,2008,6.5,"dmp","not_detected",0,0,42.5,-1.2175,-0.98,-2.16333333333333,-1.51333333333333,0.00666666666666666
"270-2008-1-006",2015,2008,7.5,"dmp","not_detected",0,0,48.41,1.83166666666667,2.94333333333333,3.56666666666667,0.42,0.223333333333333
"270-2008-1-006",2016,2008,8.5,"dmp","not_detected",0,0,25.45,-0.574166666666667,-0.553333333333333,-0.816666666666667,-0.986666666666667,-0.183333333333333
"270-2008-1-006",2017,2008,9.5,"dmp","not_detected",0,0,20.91,-0.921666666666667,-0.983333333333333,-1.73,-0.536666666666667,-0.11
"270-2008-1-006",2018,2008,10.5,"dmp","not_detected",0,0,19.77,-0.465,-1.89,-2.77666666666667,2.41333333333333,-0.356666666666667
"270-2008-1-006",2019,2008,11.5,"dmp","not_detected",0,0,23.86,-1.40833333333333,-0.516666666666667,-1.77,-2.95333333333333,1.45
"270-2008-1-006",2020,2008,12.5,"dmp","not_detected",0,0,40.91,-3.4025,-3.32,-3.52,-3.33,-3.37666666666667
"270-2008-1-006",2021,2008,13.5,"dmp","not_detected",0,0,25.91,-1.8125,-3.27666666666667,-0.343333333333333,-0.893333333333333,-3.17
"270-2008-1-006",2022,2008,14.5,"dmp","not_detected",0,0,16.82,-1.96083333333333,-3.23,-2.95666666666667,0.08,-2.33
"270-2008-1-008",2008,2008,0.5,"dmp","Captured",1,1,10.91,-2.125,-2.54666666666667,-2.20666666666667,-2.32666666666667,0.0366666666666666
"270-2008-1-008",2009,2008,1.5,"dmp","Captured",1,1,15.45,-3.89916666666667,-3.96,-5.08666666666667,-3.69666666666667,-3.27
"270-2008-1-008",2010,2008,2.5,"dmp","Alive-Cuddy",1,0,13.64,1.1,2.23,1.45666666666667,0.513333333333333,0.123333333333333
"270-2008-1-008",2011,2008,3.5,"dmp","Alive-Cuddy",1,0,28.86,-3.3625,-3.19333333333333,-4.41333333333333,-4.20666666666667,-1.53333333333333
"270-2008-1-008",2012,2008,4.5,"dmp","Captured",1,1,28.86,-0.763333333333333,1.29,-0.876666666666667,-1.53333333333333,-1.67333333333333
"270-2008-1-008",2013,2008,5.5,"dmp","Captured",1,1,36.82,-1.95083333333333,-3.10666666666667,-2.17666666666667,-1.04333333333333,-2.49333333333333
"270-2008-1-008",2014,2008,6.5,"dmp","Harvested",2,2,42.5,-1.2175,-0.98,-2.16333333333333,-1.51333333333333,0.00666666666666666
"270-2008-1-008",2015,2008,7.5,"dmp","not_detected",0,0,48.41,1.83166666666667,2.94333333333333,3.56666666666667,0.42,0.223333333333333
"270-2008-1-008",2016,2008,8.5,"dmp","not_detected",0,0,25.45,-0.574166666666667,-0.553333333333333,-0.816666666666667,-0.986666666666667,-0.183333333333333
"270-2008-1-008",2017,2008,9.5,"dmp","not_detected",0,0,20.91,-0.921666666666667,-0.983333333333333,-1.73,-0.536666666666667,-0.11
"270-2008-1-008",2018,2008,10.5,"dmp","not_detected",0,0,19.77,-0.465,-1.89,-2.77666666666667,2.41333333333333,-0.356666666666667
"270-2008-1-008",2019,2008,11.5,"dmp","not_detected",0,0,23.86,-1.40833333333333,-0.516666666666667,-1.77,-2.95333333333333,1.45
"270-2008-1-008",2020,2008,12.5,"dmp","not_detected",0,0,40.91,-3.4025,-3.32,-3.52,-3.33,-3.37666666666667
"270-2008-1-008",2021,2008,13.5,"dmp","not_detected",0,0,25.91,-1.8125,-3.27666666666667,-0.343333333333333,-0.893333333333333,-3.17
"270-2008-1-008",2022,2008,14.5,"dmp","not_detected",0,0,16.82,-1.96083333333333,-3.23,-2.95666666666667,0.08,-2.33
"270-2008-1-011",2008,2008,0.5,"dmp","Captured",1,1,10.91,-2.125,-2.54666666666667,-2.20666666666667,-2.32666666666667,0.0366666666666666
"270-2008-1-011",2009,2008,1.5,"dmp","Captured",1,1,15.45,-3.89916666666667,-3.96,-5.08666666666667,-3.69666666666667,-3.27
"270-2008-1-011",2010,2008,2.5,"dmp","Captured",1,1,13.64,1.1,2.23,1.45666666666667,0.513333333333333,0.123333333333333
"270-2008-1-011",2011,2008,3.5,"dmp","Captured",1,1,28.86,-3.3625,-3.19333333333333,-4.41333333333333,-4.20666666666667,-1.53333333333333
"270-2008-1-011",2012,2008,4.5,"dmp","Captured",1,1,28.86,-0.763333333333333,1.29,-0.876666666666667,-1.53333333333333,-1.67333333333333
"270-2008-1-011",2013,2008,5.5,"dmp","Captured",1,1,36.82,-1.95083333333333,-3.10666666666667,-2.17666666666667,-1.04333333333333,-2.49333333333333
"270-2008-1-011",2014,2008,6.5,"dmp","Captured",1,1,42.5,-1.2175,-0.98,-2.16333333333333,-1.51333333333333,0.00666666666666666
"270-2008-1-011",2015,2008,7.5,"dmp","Captured",1,1,48.41,1.83166666666667,2.94333333333333,3.56666666666667,0.42,0.223333333333333
"270-2008-1-011",2016,2008,8.5,"dmp","not_detected",0,0,25.45,-0.574166666666667,-0.553333333333333,-0.816666666666667,-0.986666666666667,-0.183333333333333
"270-2008-1-011",2017,2008,9.5,"dmp","not_detected",0,0,20.91,-0.921666666666667,-0.983333333333333,-1.73,-0.536666666666667,-0.11
"270-2008-1-011",2018,2008,10.5,"dmp","not_detected",0,0,19.77,-0.465,-1.89,-2.77666666666667,2.41333333333333,-0.356666666666667
"270-2008-1-011",2019,2008,11.5,"dmp","not_detected",0,0,23.86,-1.40833333333333,-0.516666666666667,-1.77,-2.95333333333333,1.45
"270-2008-1-011",2020,2008,12.5,"dmp","not_detected",0,0,40.91,-3.4025,-3.32,-3.52,-3.33,-3.37666666666667
"270-2008-1-011",2021,2008,13.5,"dmp","not_detected",0,0,25.91,-1.8125,-3.27666666666667,-0.343333333333333,-0.893333333333333,-3.17
"270-2008-1-011",2022,2008,14.5,"dmp","not_detected",0,0,16.82,-1.96083333333333,-3.23,-2.95666666666667,0.08,-2.33
"270-2008-1-012",2008,2008,0.5,"dmp","Captured",1,1,10.91,-2.125,-2.54666666666667,-2.20666666666667,-2.32666666666667,0.0366666666666666
"270-2008-1-012",2009,2008,1.5,"dmp","Captured",1,1,15.45,-3.89916666666667,-3.96,-5.08666666666667,-3.69666666666667,-3.27
"270-2008-1-012",2010,2008,2.5,"dmp","Captured",1,1,13.64,1.1,2.23,1.45666666666667,0.513333333333333,0.123333333333333
"270-2008-1-012",2011,2008,3.5,"dmp","Captured",1,1,28.86,-3.3625,-3.19333333333333,-4.41333333333333,-4.20666666666667,-1.53333333333333
"270-2008-1-012",2012,2008,4.5,"dmp","Captured",1,1,28.86,-0.763333333333333,1.29,-0.876666666666667,-1.53333333333333,-1.67333333333333
"270-2008-1-012",2013,2008,5.5,"dmp","Captured",1,1,36.82,-1.95083333333333,-3.10666666666667,-2.17666666666667,-1.04333333333333,-2.49333333333333
"270-2008-1-012",2014,2008,6.5,"dmp","Captured",1,1,42.5,-1.2175,-0.98,-2.16333333333333,-1.51333333333333,0.00666666666666666
"270-2008-1-012",2015,2008,7.5,"dmp","Captured",1,1,48.41,1.83166666666667,2.94333333333333,3.56666666666667,0.42,0.223333333333333
"270-2008-1-012",2016,2008,8.5,"dmp","Captured",1,1,25.45,-0.574166666666667,-0.553333333333333,-0.816666666666667,-0.986666666666667,-0.183333333333333
"270-2008-1-012",2017,2008,9.5,"dmp","Nat Mortality",2,2,20.91,-0.921666666666667,-0.983333333333333,-1.73,-0.536666666666667,-0.11
"270-2008-1-012",2018,2008,10.5,"dmp","not_detected",0,0,19.77,-0.465,-1.89,-2.77666666666667,2.41333333333333,-0.356666666666667
"270-2008-1-012",2019,2008,11.5,"dmp","not_detected",0,0,23.86,-1.40833333333333,-0.516666666666667,-1.77,-2.95333333333333,1.45
"270-2008-1-012",2020,2008,12.5,"dmp","not_detected",0,0,40.91,-3.4025,-3.32,-3.52,-3.33,-3.37666666666667
"270-2008-1-012",2021,2008,13.5,"dmp","not_detected",0,0,25.91,-1.8125,-3.27666666666667,-0.343333333333333,-0.893333333333333,-3.17
"270-2008-1-012",2022,2008,14.5,"dmp","not_detected",0,0,16.82,-1.96083333333333,-3.23,-2.95666666666667,0.08,-2.33
"270-2008-1-013",2008,2008,0.5,"dmp","Captured",1,1,10.91,-2.125,-2.54666666666667,-2.20666666666667,-2.32666666666667,0.0366666666666666
"270-2008-1-013",2009,2008,1.5,"dmp","Captured",1,1,15.45,-3.89916666666667,-3.96,-5.08666666666667,-3.69666666666667,-3.27
"270-2008-1-013",2010,2008,2.5,"dmp","Captured",1,1,13.64,1.1,2.23,1.45666666666667,0.513333333333333,0.123333333333333
"270-2008-1-013",2011,2008,3.5,"dmp","Captured",1,1,28.86,-3.3625,-3.19333333333333,-4.41333333333333,-4.20666666666667,-1.53333333333333
"270-2008-1-013",2012,2008,4.5,"dmp","Captured",1,1,28.86,-0.763333333333333,1.29,-0.876666666666667,-1.53333333333333,-1.67333333333333
"270-2008-1-013",2013,2008,5.5,"dmp","Alive-Cuddy",1,0,36.82,-1.95083333333333,-3.10666666666667,-2.17666666666667,-1.04333333333333,-2.49333333333333
"270-2008-1-013",2014,2008,6.5,"dmp","Captured",1,1,42.5,-1.2175,-0.98,-2.16333333333333,-1.51333333333333,0.00666666666666666
"270-2008-1-013",2015,2008,7.5,"dmp","Captured",1,1,48.41,1.83166666666667,2.94333333333333,3.56666666666667,0.42,0.223333333333333
"270-2008-1-013",2016,2008,8.5,"dmp","Captured",1,1,25.45,-0.574166666666667,-0.553333333333333,-0.816666666666667,-0.986666666666667,-0.183333333333333
"270-2008-1-013",2017,2008,9.5,"dmp","Captured",1,1,20.91,-0.921666666666667,-0.983333333333333,-1.73,-0.536666666666667,-0.11
"270-2008-1-013",2018,2008,10.5,"dmp","not_detected",0,0,19.77,-0.465,-1.89,-2.77666666666667,2.41333333333333,-0.356666666666667
"270-2008-1-013",2019,2008,11.5,"dmp","not_detected",0,0,23.86,-1.40833333333333,-0.516666666666667,-1.77,-2.95333333333333,1.45
"270-2008-1-013",2020,2008,12.5,"dmp","not_detected",0,0,40.91,-3.4025,-3.32,-3.52,-3.33,-3.37666666666667
"270-2008-1-013",2021,2008,13.5,"dmp","not_detected",0,0,25.91,-1.8125,-3.27666666666667,-0.343333333333333,-0.893333333333333,-3.17
"270-2008-1-013",2022,2008,14.5,"dmp","not_detected",0,0,16.82,-1.96083333333333,-3.23,-2.95666666666667,0.08,-2.33
"270-2008-1-014",2008,2008,0.5,"dmp","Captured",1,1,10.91,-2.125,-2.54666666666667,-2.20666666666667,-2.32666666666667,0.0366666666666666
"270-2008-1-014",2009,2008,1.5,"dmp","Captured",1,1,15.45,-3.89916666666667,-3.96,-5.08666666666667,-3.69666666666667,-3.27
"270-2008-1-014",2010,2008,2.5,"dmp","Captured",1,1,13.64,1.1,2.23,1.45666666666667,0.513333333333333,0.123333333333333
"270-2008-1-014",2011,2008,3.5,"dmp","Alive-Cuddy",1,0,28.86,-3.3625,-3.19333333333333,-4.41333333333333,-4.20666666666667,-1.53333333333333
"270-2008-1-014",2012,2008,4.5,"dmp","Captured",1,1,28.86,-0.763333333333333,1.29,-0.876666666666667,-1.53333333333333,-1.67333333333333
"270-2008-1-014",2013,2008,5.5,"dmp","Captured",1,1,36.82,-1.95083333333333,-3.10666666666667,-2.17666666666667,-1.04333333333333,-2.49333333333333
"270-2008-1-014",2014,2008,6.5,"dmp","Captured",1,1,42.5,-1.2175,-0.98,-2.16333333333333,-1.51333333333333,0.00666666666666666
"270-2008-1-014",2015,2008,7.5,"dmp","Captured",1,1,48.41,1.83166666666667,2.94333333333333,3.56666666666667,0.42,0.223333333333333
"270-2008-1-014",2016,2008,8.5,"dmp","Alive-Cuddy",1,0,25.45,-0.574166666666667,-0.553333333333333,-0.816666666666667,-0.986666666666667,-0.183333333333333
"270-2008-1-014",2017,2008,9.5,"dmp","not_detected",0,0,20.91,-0.921666666666667,-0.983333333333333,-1.73,-0.536666666666667,-0.11
"270-2008-1-014",2018,2008,10.5,"dmp","not_detected",0,0,19.77,-0.465,-1.89,-2.77666666666667,2.41333333333333,-0.356666666666667
"270-2008-1-014",2019,2008,11.5,"dmp","not_detected",0,0,23.86,-1.40833333333333,-0.516666666666667,-1.77,-2.95333333333333,1.45
"270-2008-1-014",2020,2008,12.5,"dmp","not_detected",0,0,40.91,-3.4025,-3.32,-3.52,-3.33,-3.37666666666667
"270-2008-1-014",2021,2008,13.5,"dmp","not_detected",0,0,25.91,-1.8125,-3.27666666666667,-0.343333333333333,-0.893333333333333,-3.17
"270-2008-1-014",2022,2008,14.5,"dmp","not_detected",0,0,16.82,-1.96083333333333,-3.23,-2.95666666666667,0.08,-2.33
"270-2008-1-016",2008,2008,0.5,"dmp","Captured",1,1,10.91,-2.125,-2.54666666666667,-2.20666666666667,-2.32666666666667,0.0366666666666666
"270-2008-1-016",2009,2008,1.5,"dmp","not_detected",0,0,15.45,-3.89916666666667,-3.96,-5.08666666666667,-3.69666666666667,-3.27
"270-2008-1-016",2010,2008,2.5,"dmp","not_detected",0,0,13.64,1.1,2.23,1.45666666666667,0.513333333333333,0.123333333333333
"270-2008-1-016",2011,2008,3.5,"dmp","not_detected",0,0,28.86,-3.3625,-3.19333333333333,-4.41333333333333,-4.20666666666667,-1.53333333333333
"270-2008-1-016",2012,2008,4.5,"dmp","not_detected",0,0,28.86,-0.763333333333333,1.29,-0.876666666666667,-1.53333333333333,-1.67333333333333
"270-2008-1-016",2013,2008,5.5,"dmp","not_detected",0,0,36.82,-1.95083333333333,-3.10666666666667,-2.17666666666667,-1.04333333333333,-2.49333333333333
"270-2008-1-016",2014,2008,6.5,"dmp","not_detected",0,0,42.5,-1.2175,-0.98,-2.16333333333333,-1.51333333333333,0.00666666666666666
"270-2008-1-016",2015,2008,7.5,"dmp","not_detected",0,0,48.41,1.83166666666667,2.94333333333333,3.56666666666667,0.42,0.223333333333333
"270-2008-1-016",2016,2008,8.5,"dmp","not_detected",0,0,25.45,-0.574166666666667,-0.553333333333333,-0.816666666666667,-0.986666666666667,-0.183333333333333
"270-2008-1-016",2017,2008,9.5,"dmp","not_detected",0,0,20.91,-0.921666666666667,-0.983333333333333,-1.73,-0.536666666666667,-0.11
"270-2008-1-016",2018,2008,10.5,"dmp","not_detected",0,0,19.77,-0.465,-1.89,-2.77666666666667,2.41333333333333,-0.356666666666667
"270-2008-1-016",2019,2008,11.5,"dmp","not_detected",0,0,23.86,-1.40833333333333,-0.516666666666667,-1.77,-2.95333333333333,1.45
"270-2008-1-016",2020,2008,12.5,"dmp","not_detected",0,0,40.91,-3.4025,-3.32,-3.52,-3.33,-3.37666666666667
"270-2008-1-016",2021,2008,13.5,"dmp","not_detected",0,0,25.91,-1.8125,-3.27666666666667,-0.343333333333333,-0.893333333333333,-3.17
"270-2008-1-016",2022,2008,14.5,"dmp","not_detected",0,0,16.82,-1.96083333333333,-3.23,-2.95666666666667,0.08,-2.33
"270-2008-1-017",2008,2008,0.5,"dmp","Captured",1,1,10.91,-2.125,-2.54666666666667,-2.20666666666667,-2.32666666666667,0.0366666666666666
"270-2008-1-017",2009,2008,1.5,"dmp","Captured",1,1,15.45,-3.89916666666667,-3.96,-5.08666666666667,-3.69666666666667,-3.27
"270-2008-1-017",2010,2008,2.5,"dmp","Captured",1,1,13.64,1.1,2.23,1.45666666666667,0.513333333333333,0.123333333333333
"270-2008-1-017",2011,2008,3.5,"dmp","Captured",1,1,28.86,-3.3625,-3.19333333333333,-4.41333333333333,-4.20666666666667,-1.53333333333333
"270-2008-1-017",2012,2008,4.5,"dmp","Captured",1,1,28.86,-0.763333333333333,1.29,-0.876666666666667,-1.53333333333333,-1.67333333333333
"270-2008-1-017",2013,2008,5.5,"dmp","Captured",1,1,36.82,-1.95083333333333,-3.10666666666667,-2.17666666666667,-1.04333333333333,-2.49333333333333
"270-2008-1-017",2014,2008,6.5,"dmp","Captured",1,1,42.5,-1.2175,-0.98,-2.16333333333333,-1.51333333333333,0.00666666666666666
"270-2008-1-017",2015,2008,7.5,"dmp","Captured",1,1,48.41,1.83166666666667,2.94333333333333,3.56666666666667,0.42,0.223333333333333
"270-2008-1-017",2016,2008,8.5,"dmp","Captured",1,1,25.45,-0.574166666666667,-0.553333333333333,-0.816666666666667,-0.986666666666667,-0.183333333333333
"270-2008-1-017",2017,2008,9.5,"dmp","Alive-Cuddy",1,0,20.91,-0.921666666666667,-0.983333333333333,-1.73,-0.536666666666667,-0.11
"270-2008-1-017",2018,2008,10.5,"dmp","Captured",1,1,19.77,-0.465,-1.89,-2.77666666666667,2.41333333333333,-0.356666666666667
"270-2008-1-017",2019,2008,11.5,"dmp","Captured",1,1,23.86,-1.40833333333333,-0.516666666666667,-1.77,-2.95333333333333,1.45
"270-2008-1-017",2020,2008,12.5,"dmp","not_detected",0,0,40.91,-3.4025,-3.32,-3.52,-3.33,-3.37666666666667
"270-2008-1-017",2021,2008,13.5,"dmp","not_detected",0,0,25.91,-1.8125,-3.27666666666667,-0.343333333333333,-0.893333333333333,-3.17
"270-2008-1-017",2022,2008,14.5,"dmp","not_detected",0,0,16.82,-1.96083333333333,-3.23,-2.95666666666667,0.08,-2.33
"270-2008-1-018",2008,2008,0.5,"dmp","Captured",1,1,10.91,-2.125,-2.54666666666667,-2.20666666666667,-2.32666666666667,0.0366666666666666
"270-2008-1-018",2009,2008,1.5,"dmp","Captured",1,1,15.45,-3.89916666666667,-3.96,-5.08666666666667,-3.69666666666667,-3.27
"270-2008-1-018",2010,2008,2.5,"dmp","Captured",1,1,13.64,1.1,2.23,1.45666666666667,0.513333333333333,0.123333333333333
"270-2008-1-018",2011,2008,3.5,"dmp","not_detected",0,0,28.86,-3.3625,-3.19333333333333,-4.41333333333333,-4.20666666666667,-1.53333333333333
"270-2008-1-018",2012,2008,4.5,"dmp","Captured",1,1,28.86,-0.763333333333333,1.29,-0.876666666666667,-1.53333333333333,-1.67333333333333
"270-2008-1-018",2013,2008,5.5,"dmp","Alive-Cuddy",1,0,36.82,-1.95083333333333,-3.10666666666667,-2.17666666666667,-1.04333333333333,-2.49333333333333
"270-2008-1-018",2014,2008,6.5,"dmp","not_detected",0,0,42.5,-1.2175,-0.98,-2.16333333333333,-1.51333333333333,0.00666666666666666
"270-2008-1-018",2015,2008,7.5,"dmp","Captured",1,1,48.41,1.83166666666667,2.94333333333333,3.56666666666667,0.42,0.223333333333333
"270-2008-1-018",2016,2008,8.5,"dmp","Captured",1,1,25.45,-0.574166666666667,-0.553333333333333,-0.816666666666667,-0.986666666666667,-0.183333333333333
"270-2008-1-018",2017,2008,9.5,"dmp","Alive-Cuddy",1,0,20.91,-0.921666666666667,-0.983333333333333,-1.73,-0.536666666666667,-0.11
"270-2008-1-018",2018,2008,10.5,"dmp","Captured",1,1,19.77,-0.465,-1.89,-2.77666666666667,2.41333333333333,-0.356666666666667
"270-2008-1-018",2019,2008,11.5,"dmp","not_detected",0,0,23.86,-1.40833333333333,-0.516666666666667,-1.77,-2.95333333333333,1.45
"270-2008-1-018",2020,2008,12.5,"dmp","not_detected",0,0,40.91,-3.4025,-3.32,-3.52,-3.33,-3.37666666666667
"270-2008-1-018",2021,2008,13.5,"dmp","not_detected",0,0,25.91,-1.8125,-3.27666666666667,-0.343333333333333,-0.893333333333333,-3.17
"270-2008-1-018",2022,2008,14.5,"dmp","not_detected",0,0,16.82,-1.96083333333333,-3.23,-2.95666666666667,0.08,-2.33
"270-2008-1-019",2008,2008,0.5,"dmp","Captured",1,1,10.91,-2.125,-2.54666666666667,-2.20666666666667,-2.32666666666667,0.0366666666666666
"270-2008-1-019",2009,2008,1.5,"dmp","Captured",1,1,15.45,-3.89916666666667,-3.96,-5.08666666666667,-3.69666666666667,-3.27
"270-2008-1-019",2010,2008,2.5,"dmp","Captured",1,1,13.64,1.1,2.23,1.45666666666667,0.513333333333333,0.123333333333333
"270-2008-1-019",2011,2008,3.5,"dmp","Alive-Cuddy",1,0,28.86,-3.3625,-3.19333333333333,-4.41333333333333,-4.20666666666667,-1.53333333333333
"270-2008-1-019",2012,2008,4.5,"dmp","Alive-Cuddy",1,0,28.86,-0.763333333333333,1.29,-0.876666666666667,-1.53333333333333,-1.67333333333333
"270-2008-1-019",2013,2008,5.5,"dmp","Alive-Cuddy",1,0,36.82,-1.95083333333333,-3.10666666666667,-2.17666666666667,-1.04333333333333,-2.49333333333333
"270-2008-1-019",2014,2008,6.5,"dmp","Harvested",2,2,42.5,-1.2175,-0.98,-2.16333333333333,-1.51333333333333,0.00666666666666666
"270-2008-1-019",2015,2008,7.5,"dmp","not_detected",0,0,48.41,1.83166666666667,2.94333333333333,3.56666666666667,0.42,0.223333333333333
"270-2008-1-019",2016,2008,8.5,"dmp","not_detected",0,0,25.45,-0.574166666666667,-0.553333333333333,-0.816666666666667,-0.986666666666667,-0.183333333333333
"270-2008-1-019",2017,2008,9.5,"dmp","not_detected",0,0,20.91,-0.921666666666667,-0.983333333333333,-1.73,-0.536666666666667,-0.11
"270-2008-1-019",2018,2008,10.5,"dmp","not_detected",0,0,19.77,-0.465,-1.89,-2.77666666666667,2.41333333333333,-0.356666666666667
"270-2008-1-019",2019,2008,11.5,"dmp","not_detected",0,0,23.86,-1.40833333333333,-0.516666666666667,-1.77,-2.95333333333333,1.45
"270-2008-1-019",2020,2008,12.5,"dmp","not_detected",0,0,40.91,-3.4025,-3.32,-3.52,-3.33,-3.37666666666667
"270-2008-1-019",2021,2008,13.5,"dmp","not_detected",0,0,25.91,-1.8125,-3.27666666666667,-0.343333333333333,-0.893333333333333,-3.17
"270-2008-1-019",2022,2008,14.5,"dmp","not_detected",0,0,16.82,-1.96083333333333,-3.23,-2.95666666666667,0.08,-2.33
"270-2008-1-020",2008,2008,0.5,"dmp","Captured",1,1,10.91,-2.125,-2.54666666666667,-2.20666666666667,-2.32666666666667,0.0366666666666666
"270-2008-1-020",2009,2008,1.5,"dmp","not_detected",0,0,15.45,-3.89916666666667,-3.96,-5.08666666666667,-3.69666666666667,-3.27
"270-2008-1-020",2010,2008,2.5,"dmp","not_detected",0,0,13.64,1.1,2.23,1.45666666666667,0.513333333333333,0.123333333333333
"270-2008-1-020",2011,2008,3.5,"dmp","not_detected",0,0,28.86,-3.3625,-3.19333333333333,-4.41333333333333,-4.20666666666667,-1.53333333333333
"270-2008-1-020",2012,2008,4.5,"dmp","not_detected",0,0,28.86,-0.763333333333333,1.29,-0.876666666666667,-1.53333333333333,-1.67333333333333
"270-2008-1-020",2013,2008,5.5,"dmp","not_detected",0,0,36.82,-1.95083333333333,-3.10666666666667,-2.17666666666667,-1.04333333333333,-2.49333333333333
"270-2008-1-020",2014,2008,6.5,"dmp","not_detected",0,0,42.5,-1.2175,-0.98,-2.16333333333333,-1.51333333333333,0.00666666666666666
"270-2008-1-020",2015,2008,7.5,"dmp","not_detected",0,0,48.41,1.83166666666667,2.94333333333333,3.56666666666667,0.42,0.223333333333333
"270-2008-1-020",2016,2008,8.5,"dmp","not_detected",0,0,25.45,-0.574166666666667,-0.553333333333333,-0.816666666666667,-0.986666666666667,-0.183333333333333
"270-2008-1-020",2017,2008,9.5,"dmp","not_detected",0,0,20.91,-0.921666666666667,-0.983333333333333,-1.73,-0.536666666666667,-0.11
"270-2008-1-020",2018,2008,10.5,"dmp","not_detected",0,0,19.77,-0.465,-1.89,-2.77666666666667,2.41333333333333,-0.356666666666667
"270-2008-1-020",2019,2008,11.5,"dmp","not_detected",0,0,23.86,-1.40833333333333,-0.516666666666667,-1.77,-2.95333333333333,1.45
"270-2008-1-020",2020,2008,12.5,"dmp","not_detected",0,0,40.91,-3.4025,-3.32,-3.52,-3.33,-3.37666666666667
"270-2008-1-020",2021,2008,13.5,"dmp","not_detected",0,0,25.91,-1.8125,-3.27666666666667,-0.343333333333333,-0.893333333333333,-3.17
"270-2008-1-020",2022,2008,14.5,"dmp","not_detected",0,0,16.82,-1.96083333333333,-3.23,-2.95666666666667,0.08,-2.33
"270-2008-1-022",2008,2008,0.5,"dmp","Captured",1,1,10.91,-2.125,-2.54666666666667,-2.20666666666667,-2.32666666666667,0.0366666666666666
"270-2008-1-022",2009,2008,1.5,"dmp","Captured",1,1,15.45,-3.89916666666667,-3.96,-5.08666666666667,-3.69666666666667,-3.27
"270-2008-1-022",2010,2008,2.5,"dmp","Alive-Cuddy",1,0,13.64,1.1,2.23,1.45666666666667,0.513333333333333,0.123333333333333
"270-2008-1-022",2011,2008,3.5,"dmp","Captured",1,1,28.86,-3.3625,-3.19333333333333,-4.41333333333333,-4.20666666666667,-1.53333333333333
"270-2008-1-022",2012,2008,4.5,"dmp","Captured",1,1,28.86,-0.763333333333333,1.29,-0.876666666666667,-1.53333333333333,-1.67333333333333
"270-2008-1-022",2013,2008,5.5,"dmp","Captured",1,1,36.82,-1.95083333333333,-3.10666666666667,-2.17666666666667,-1.04333333333333,-2.49333333333333
"270-2008-1-022",2014,2008,6.5,"dmp","Captured",1,1,42.5,-1.2175,-0.98,-2.16333333333333,-1.51333333333333,0.00666666666666666
"270-2008-1-022",2015,2008,7.5,"dmp","Captured",1,1,48.41,1.83166666666667,2.94333333333333,3.56666666666667,0.42,0.223333333333333
"270-2008-1-022",2016,2008,8.5,"dmp","Captured",1,1,25.45,-0.574166666666667,-0.553333333333333,-0.816666666666667,-0.986666666666667,-0.183333333333333
"270-2008-1-022",2017,2008,9.5,"dmp","not_detected",0,0,20.91,-0.921666666666667,-0.983333333333333,-1.73,-0.536666666666667,-0.11
"270-2008-1-022",2018,2008,10.5,"dmp","not_detected",0,0,19.77,-0.465,-1.89,-2.77666666666667,2.41333333333333,-0.356666666666667
"270-2008-1-022",2019,2008,11.5,"dmp","not_detected",0,0,23.86,-1.40833333333333,-0.516666666666667,-1.77,-2.95333333333333,1.45
"270-2008-1-022",2020,2008,12.5,"dmp","not_detected",0,0,40.91,-3.4025,-3.32,-3.52,-3.33,-3.37666666666667
"270-2008-1-022",2021,2008,13.5,"dmp","not_detected",0,0,25.91,-1.8125,-3.27666666666667,-0.343333333333333,-0.893333333333333,-3.17
"270-2008-1-022",2022,2008,14.5,"dmp","not_detected",0,0,16.82,-1.96083333333333,-3.23,-2.95666666666667,0.08,-2.33
"270-2008-1-025",2008,2008,0.5,"dmp","Captured",1,1,10.91,-2.125,-2.54666666666667,-2.20666666666667,-2.32666666666667,0.0366666666666666
"270-2008-1-025",2009,2008,1.5,"dmp","not_detected",0,0,15.45,-3.89916666666667,-3.96,-5.08666666666667,-3.69666666666667,-3.27
"270-2008-1-025",2010,2008,2.5,"dmp","not_detected",0,0,13.64,1.1,2.23,1.45666666666667,0.513333333333333,0.123333333333333
"270-2008-1-025",2011,2008,3.5,"dmp","not_detected",0,0,28.86,-3.3625,-3.19333333333333,-4.41333333333333,-4.20666666666667,-1.53333333333333
"270-2008-1-025",2012,2008,4.5,"dmp","not_detected",0,0,28.86,-0.763333333333333,1.29,-0.876666666666667,-1.53333333333333,-1.67333333333333
"270-2008-1-025",2013,2008,5.5,"dmp","not_detected",0,0,36.82,-1.95083333333333,-3.10666666666667,-2.17666666666667,-1.04333333333333,-2.49333333333333
"270-2008-1-025",2014,2008,6.5,"dmp","not_detected",0,0,42.5,-1.2175,-0.98,-2.16333333333333,-1.51333333333333,0.00666666666666666
"270-2008-1-025",2015,2008,7.5,"dmp","not_detected",0,0,48.41,1.83166666666667,2.94333333333333,3.56666666666667,0.42,0.223333333333333
"270-2008-1-025",2016,2008,8.5,"dmp","not_detected",0,0,25.45,-0.574166666666667,-0.553333333333333,-0.816666666666667,-0.986666666666667,-0.183333333333333
"270-2008-1-025",2017,2008,9.5,"dmp","not_detected",0,0,20.91,-0.921666666666667,-0.983333333333333,-1.73,-0.536666666666667,-0.11
"270-2008-1-025",2018,2008,10.5,"dmp","not_detected",0,0,19.77,-0.465,-1.89,-2.77666666666667,2.41333333333333,-0.356666666666667
"270-2008-1-025",2019,2008,11.5,"dmp","not_detected",0,0,23.86,-1.40833333333333,-0.516666666666667,-1.77,-2.95333333333333,1.45
"270-2008-1-025",2020,2008,12.5,"dmp","not_detected",0,0,40.91,-3.4025,-3.32,-3.52,-3.33,-3.37666666666667
"270-2008-1-025",2021,2008,13.5,"dmp","not_detected",0,0,25.91,-1.8125,-3.27666666666667,-0.343333333333333,-0.893333333333333,-3.17
"270-2008-1-025",2022,2008,14.5,"dmp","not_detected",0,0,16.82,-1.96083333333333,-3.23,-2.95666666666667,0.08,-2.33
"270-2008-1-027",2008,2008,0.5,"dmp","Captured",1,1,10.91,-2.125,-2.54666666666667,-2.20666666666667,-2.32666666666667,0.0366666666666666
"270-2008-1-027",2009,2008,1.5,"dmp","not_detected",0,0,15.45,-3.89916666666667,-3.96,-5.08666666666667,-3.69666666666667,-3.27
"270-2008-1-027",2010,2008,2.5,"dmp","not_detected",0,0,13.64,1.1,2.23,1.45666666666667,0.513333333333333,0.123333333333333
"270-2008-1-027",2011,2008,3.5,"dmp","not_detected",0,0,28.86,-3.3625,-3.19333333333333,-4.41333333333333,-4.20666666666667,-1.53333333333333
"270-2008-1-027",2012,2008,4.5,"dmp","not_detected",0,0,28.86,-0.763333333333333,1.29,-0.876666666666667,-1.53333333333333,-1.67333333333333
"270-2008-1-027",2013,2008,5.5,"dmp","not_detected",0,0,36.82,-1.95083333333333,-3.10666666666667,-2.17666666666667,-1.04333333333333,-2.49333333333333
"270-2008-1-027",2014,2008,6.5,"dmp","not_detected",0,0,42.5,-1.2175,-0.98,-2.16333333333333,-1.51333333333333,0.00666666666666666
"270-2008-1-027",2015,2008,7.5,"dmp","not_detected",0,0,48.41,1.83166666666667,2.94333333333333,3.56666666666667,0.42,0.223333333333333
"270-2008-1-027",2016,2008,8.5,"dmp","not_detected",0,0,25.45,-0.574166666666667,-0.553333333333333,-0.816666666666667,-0.986666666666667,-0.183333333333333
"270-2008-1-027",2017,2008,9.5,"dmp","not_detected",0,0,20.91,-0.921666666666667,-0.983333333333333,-1.73,-0.536666666666667,-0.11
"270-2008-1-027",2018,2008,10.5,"dmp","not_detected",0,0,19.77,-0.465,-1.89,-2.77666666666667,2.41333333333333,-0.356666666666667
"270-2008-1-027",2019,2008,11.5,"dmp","not_detected",0,0,23.86,-1.40833333333333,-0.516666666666667,-1.77,-2.95333333333333,1.45
"270-2008-1-027",2020,2008,12.5,"dmp","not_detected",0,0,40.91,-3.4025,-3.32,-3.52,-3.33,-3.37666666666667
"270-2008-1-027",2021,2008,13.5,"dmp","not_detected",0,0,25.91,-1.8125,-3.27666666666667,-0.343333333333333,-0.893333333333333,-3.17
"270-2008-1-027",2022,2008,14.5,"dmp","not_detected",0,0,16.82,-1.96083333333333,-3.23,-2.95666666666667,0.08,-2.33
"270-2008-1-028",2008,2008,0.5,"dmp","Captured",1,1,10.91,-2.125,-2.54666666666667,-2.20666666666667,-2.32666666666667,0.0366666666666666
"270-2008-1-028",2009,2008,1.5,"dmp","Alive-Cuddy",1,0,15.45,-3.89916666666667,-3.96,-5.08666666666667,-3.69666666666667,-3.27
"270-2008-1-028",2010,2008,2.5,"dmp","Captured",1,1,13.64,1.1,2.23,1.45666666666667,0.513333333333333,0.123333333333333
"270-2008-1-028",2011,2008,3.5,"dmp","Captured",1,1,28.86,-3.3625,-3.19333333333333,-4.41333333333333,-4.20666666666667,-1.53333333333333
"270-2008-1-028",2012,2008,4.5,"dmp","Captured",1,1,28.86,-0.763333333333333,1.29,-0.876666666666667,-1.53333333333333,-1.67333333333333
"270-2008-1-028",2013,2008,5.5,"dmp","Alive-Cuddy",1,0,36.82,-1.95083333333333,-3.10666666666667,-2.17666666666667,-1.04333333333333,-2.49333333333333
"270-2008-1-028",2014,2008,6.5,"dmp","Alive-Cuddy",1,0,42.5,-1.2175,-0.98,-2.16333333333333,-1.51333333333333,0.00666666666666666
"270-2008-1-028",2015,2008,7.5,"dmp","not_detected",0,0,48.41,1.83166666666667,2.94333333333333,3.56666666666667,0.42,0.223333333333333
"270-2008-1-028",2016,2008,8.5,"dmp","not_detected",0,0,25.45,-0.574166666666667,-0.553333333333333,-0.816666666666667,-0.986666666666667,-0.183333333333333
"270-2008-1-028",2017,2008,9.5,"dmp","not_detected",0,0,20.91,-0.921666666666667,-0.983333333333333,-1.73,-0.536666666666667,-0.11
"270-2008-1-028",2018,2008,10.5,"dmp","not_detected",0,0,19.77,-0.465,-1.89,-2.77666666666667,2.41333333333333,-0.356666666666667
"270-2008-1-028",2019,2008,11.5,"dmp","not_detected",0,0,23.86,-1.40833333333333,-0.516666666666667,-1.77,-2.95333333333333,1.45
"270-2008-1-028",2020,2008,12.5,"dmp","not_detected",0,0,40.91,-3.4025,-3.32,-3.52,-3.33,-3.37666666666667
"270-2008-1-028",2021,2008,13.5,"dmp","not_detected",0,0,25.91,-1.8125,-3.27666666666667,-0.343333333333333,-0.893333333333333,-3.17
"270-2008-1-028",2022,2008,14.5,"dmp","not_detected",0,0,16.82,-1.96083333333333,-3.23,-2.95666666666667,0.08,-2.33
"270-2009-1-002",2009,2009,0.5,"dmp","Captured",1,1,15.45,-3.89916666666667,-3.96,-5.08666666666667,-3.69666666666667,-3.27
"270-2009-1-002",2010,2009,1.5,"dmp","Captured",1,1,13.64,1.1,2.23,1.45666666666667,0.513333333333333,0.123333333333333
"270-2009-1-002",2011,2009,2.5,"dmp","Captured",1,1,28.86,-3.3625,-3.19333333333333,-4.41333333333333,-4.20666666666667,-1.53333333333333
"270-2009-1-002",2012,2009,3.5,"dmp","Captured",1,1,28.86,-0.763333333333333,1.29,-0.876666666666667,-1.53333333333333,-1.67333333333333
"270-2009-1-002",2013,2009,4.5,"dmp","Alive-Cuddy",1,0,36.82,-1.95083333333333,-3.10666666666667,-2.17666666666667,-1.04333333333333,-2.49333333333333
"270-2009-1-002",2014,2009,5.5,"dmp","Captured",1,1,42.5,-1.2175,-0.98,-2.16333333333333,-1.51333333333333,0.00666666666666666
"270-2009-1-002",2015,2009,6.5,"dmp","Captured",1,1,48.41,1.83166666666667,2.94333333333333,3.56666666666667,0.42,0.223333333333333
"270-2009-1-002",2016,2009,7.5,"dmp","Captured",1,1,25.45,-0.574166666666667,-0.553333333333333,-0.816666666666667,-0.986666666666667,-0.183333333333333
"270-2009-1-002",2017,2009,8.5,"dmp","Captured",1,1,20.91,-0.921666666666667,-0.983333333333333,-1.73,-0.536666666666667,-0.11
"270-2009-1-002",2018,2009,9.5,"dmp","Alive-Cuddy",1,0,19.77,-0.465,-1.89,-2.77666666666667,2.41333333333333,-0.356666666666667
"270-2009-1-002",2019,2009,10.5,"dmp","not_detected",0,0,23.86,-1.40833333333333,-0.516666666666667,-1.77,-2.95333333333333,1.45
"270-2009-1-002",2020,2009,11.5,"dmp","not_detected",0,0,40.91,-3.4025,-3.32,-3.52,-3.33,-3.37666666666667
"270-2009-1-002",2021,2009,12.5,"dmp","not_detected",0,0,25.91,-1.8125,-3.27666666666667,-0.343333333333333,-0.893333333333333,-3.17
"270-2009-1-002",2022,2009,13.5,"dmp","not_detected",0,0,16.82,-1.96083333333333,-3.23,-2.95666666666667,0.08,-2.33
"270-2009-1-005",2009,2009,0.5,"dmp","Captured",1,1,15.45,-3.89916666666667,-3.96,-5.08666666666667,-3.69666666666667,-3.27
"270-2009-1-005",2010,2009,1.5,"dmp","not_detected",0,0,13.64,1.1,2.23,1.45666666666667,0.513333333333333,0.123333333333333
"270-2009-1-005",2011,2009,2.5,"dmp","not_detected",0,0,28.86,-3.3625,-3.19333333333333,-4.41333333333333,-4.20666666666667,-1.53333333333333
"270-2009-1-005",2012,2009,3.5,"dmp","not_detected",0,0,28.86,-0.763333333333333,1.29,-0.876666666666667,-1.53333333333333,-1.67333333333333
"270-2009-1-005",2013,2009,4.5,"dmp","not_detected",0,0,36.82,-1.95083333333333,-3.10666666666667,-2.17666666666667,-1.04333333333333,-2.49333333333333
"270-2009-1-005",2014,2009,5.5,"dmp","not_detected",0,0,42.5,-1.2175,-0.98,-2.16333333333333,-1.51333333333333,0.00666666666666666
"270-2009-1-005",2015,2009,6.5,"dmp","not_detected",0,0,48.41,1.83166666666667,2.94333333333333,3.56666666666667,0.42,0.223333333333333
"270-2009-1-005",2016,2009,7.5,"dmp","not_detected",0,0,25.45,-0.574166666666667,-0.553333333333333,-0.816666666666667,-0.986666666666667,-0.183333333333333
"270-2009-1-005",2017,2009,8.5,"dmp","not_detected",0,0,20.91,-0.921666666666667,-0.983333333333333,-1.73,-0.536666666666667,-0.11
"270-2009-1-005",2018,2009,9.5,"dmp","not_detected",0,0,19.77,-0.465,-1.89,-2.77666666666667,2.41333333333333,-0.356666666666667
"270-2009-1-005",2019,2009,10.5,"dmp","not_detected",0,0,23.86,-1.40833333333333,-0.516666666666667,-1.77,-2.95333333333333,1.45
"270-2009-1-005",2020,2009,11.5,"dmp","not_detected",0,0,40.91,-3.4025,-3.32,-3.52,-3.33,-3.37666666666667
"270-2009-1-005",2021,2009,12.5,"dmp","not_detected",0,0,25.91,-1.8125,-3.27666666666667,-0.343333333333333,-0.893333333333333,-3.17
"270-2009-1-005",2022,2009,13.5,"dmp","not_detected",0,0,16.82,-1.96083333333333,-3.23,-2.95666666666667,0.08,-2.33
"270-2009-1-008",2009,2009,0.5,"dmp","Captured",1,1,15.45,-3.89916666666667,-3.96,-5.08666666666667,-3.69666666666667,-3.27
"270-2009-1-008",2010,2009,1.5,"dmp","not_detected",0,0,13.64,1.1,2.23,1.45666666666667,0.513333333333333,0.123333333333333
"270-2009-1-008",2011,2009,2.5,"dmp","not_detected",0,0,28.86,-3.3625,-3.19333333333333,-4.41333333333333,-4.20666666666667,-1.53333333333333
"270-2009-1-008",2012,2009,3.5,"dmp","not_detected",0,0,28.86,-0.763333333333333,1.29,-0.876666666666667,-1.53333333333333,-1.67333333333333
"270-2009-1-008",2013,2009,4.5,"dmp","not_detected",0,0,36.82,-1.95083333333333,-3.10666666666667,-2.17666666666667,-1.04333333333333,-2.49333333333333
"270-2009-1-008",2014,2009,5.5,"dmp","not_detected",0,0,42.5,-1.2175,-0.98,-2.16333333333333,-1.51333333333333,0.00666666666666666
"270-2009-1-008",2015,2009,6.5,"dmp","not_detected",0,0,48.41,1.83166666666667,2.94333333333333,3.56666666666667,0.42,0.223333333333333
"270-2009-1-008",2016,2009,7.5,"dmp","not_detected",0,0,25.45,-0.574166666666667,-0.553333333333333,-0.816666666666667,-0.986666666666667,-0.183333333333333
"270-2009-1-008",2017,2009,8.5,"dmp","not_detected",0,0,20.91,-0.921666666666667,-0.983333333333333,-1.73,-0.536666666666667,-0.11
"270-2009-1-008",2018,2009,9.5,"dmp","not_detected",0,0,19.77,-0.465,-1.89,-2.77666666666667,2.41333333333333,-0.356666666666667
"270-2009-1-008",2019,2009,10.5,"dmp","not_detected",0,0,23.86,-1.40833333333333,-0.516666666666667,-1.77,-2.95333333333333,1.45
"270-2009-1-008",2020,2009,11.5,"dmp","not_detected",0,0,40.91,-3.4025,-3.32,-3.52,-3.33,-3.37666666666667
"270-2009-1-008",2021,2009,12.5,"dmp","not_detected",0,0,25.91,-1.8125,-3.27666666666667,-0.343333333333333,-0.893333333333333,-3.17
"270-2009-1-008",2022,2009,13.5,"dmp","not_detected",0,0,16.82,-1.96083333333333,-3.23,-2.95666666666667,0.08,-2.33
"270-2009-1-009",2009,2009,0.5,"dmp","Captured",1,1,15.45,-3.89916666666667,-3.96,-5.08666666666667,-3.69666666666667,-3.27
"270-2009-1-009",2010,2009,1.5,"dmp","Captured",1,1,13.64,1.1,2.23,1.45666666666667,0.513333333333333,0.123333333333333
"270-2009-1-009",2011,2009,2.5,"dmp","Captured",1,1,28.86,-3.3625,-3.19333333333333,-4.41333333333333,-4.20666666666667,-1.53333333333333
"270-2009-1-009",2012,2009,3.5,"dmp","Captured",1,1,28.86,-0.763333333333333,1.29,-0.876666666666667,-1.53333333333333,-1.67333333333333
"270-2009-1-009",2013,2009,4.5,"dmp","Captured",1,1,36.82,-1.95083333333333,-3.10666666666667,-2.17666666666667,-1.04333333333333,-2.49333333333333
"270-2009-1-009",2014,2009,5.5,"dmp","Captured",1,1,42.5,-1.2175,-0.98,-2.16333333333333,-1.51333333333333,0.00666666666666666
"270-2009-1-009",2015,2009,6.5,"dmp","Captured",1,1,48.41,1.83166666666667,2.94333333333333,3.56666666666667,0.42,0.223333333333333
"270-2009-1-009",2016,2009,7.5,"dmp","Alive-Cuddy",1,0,25.45,-0.574166666666667,-0.553333333333333,-0.816666666666667,-0.986666666666667,-0.183333333333333
"270-2009-1-009",2017,2009,8.5,"dmp","Captured",1,1,20.91,-0.921666666666667,-0.983333333333333,-1.73,-0.536666666666667,-0.11
"270-2009-1-009",2018,2009,9.5,"dmp","Alive-Cuddy",1,0,19.77,-0.465,-1.89,-2.77666666666667,2.41333333333333,-0.356666666666667
"270-2009-1-009",2019,2009,10.5,"dmp","Captured",1,1,23.86,-1.40833333333333,-0.516666666666667,-1.77,-2.95333333333333,1.45
"270-2009-1-009",2020,2009,11.5,"dmp","Captured",1,1,40.91,-3.4025,-3.32,-3.52,-3.33,-3.37666666666667
"270-2009-1-009",2021,2009,12.5,"dmp","not_detected",0,0,25.91,-1.8125,-3.27666666666667,-0.343333333333333,-0.893333333333333,-3.17
"270-2009-1-009",2022,2009,13.5,"dmp","not_detected",0,0,16.82,-1.96083333333333,-3.23,-2.95666666666667,0.08,-2.33
"270-2009-1-010",2009,2009,0.5,"dmp","Captured",1,1,15.45,-3.89916666666667,-3.96,-5.08666666666667,-3.69666666666667,-3.27
"270-2009-1-010",2010,2009,1.5,"dmp","Captured",1,1,13.64,1.1,2.23,1.45666666666667,0.513333333333333,0.123333333333333
"270-2009-1-010",2011,2009,2.5,"dmp","Captured",1,1,28.86,-3.3625,-3.19333333333333,-4.41333333333333,-4.20666666666667,-1.53333333333333
"270-2009-1-010",2012,2009,3.5,"dmp","Captured",1,1,28.86,-0.763333333333333,1.29,-0.876666666666667,-1.53333333333333,-1.67333333333333
"270-2009-1-010",2013,2009,4.5,"dmp","Captured",1,1,36.82,-1.95083333333333,-3.10666666666667,-2.17666666666667,-1.04333333333333,-2.49333333333333
"270-2009-1-010",2014,2009,5.5,"dmp","Harvested",2,2,42.5,-1.2175,-0.98,-2.16333333333333,-1.51333333333333,0.00666666666666666
"270-2009-1-010",2015,2009,6.5,"dmp","not_detected",0,0,48.41,1.83166666666667,2.94333333333333,3.56666666666667,0.42,0.223333333333333
"270-2009-1-010",2016,2009,7.5,"dmp","not_detected",0,0,25.45,-0.574166666666667,-0.553333333333333,-0.816666666666667,-0.986666666666667,-0.183333333333333
"270-2009-1-010",2017,2009,8.5,"dmp","not_detected",0,0,20.91,-0.921666666666667,-0.983333333333333,-1.73,-0.536666666666667,-0.11
"270-2009-1-010",2018,2009,9.5,"dmp","not_detected",0,0,19.77,-0.465,-1.89,-2.77666666666667,2.41333333333333,-0.356666666666667
"270-2009-1-010",2019,2009,10.5,"dmp","not_detected",0,0,23.86,-1.40833333333333,-0.516666666666667,-1.77,-2.95333333333333,1.45
"270-2009-1-010",2020,2009,11.5,"dmp","not_detected",0,0,40.91,-3.4025,-3.32,-3.52,-3.33,-3.37666666666667
"270-2009-1-010",2021,2009,12.5,"dmp","not_detected",0,0,25.91,-1.8125,-3.27666666666667,-0.343333333333333,-0.893333333333333,-3.17
"270-2009-1-010",2022,2009,13.5,"dmp","not_detected",0,0,16.82,-1.96083333333333,-3.23,-2.95666666666667,0.08,-2.33
"270-2009-1-011",2009,2009,0.5,"dmp","Captured",1,1,15.45,-3.89916666666667,-3.96,-5.08666666666667,-3.69666666666667,-3.27
"270-2009-1-011",2010,2009,1.5,"dmp","Captured",1,1,13.64,1.1,2.23,1.45666666666667,0.513333333333333,0.123333333333333
"270-2009-1-011",2011,2009,2.5,"dmp","Captured",1,1,28.86,-3.3625,-3.19333333333333,-4.41333333333333,-4.20666666666667,-1.53333333333333
"270-2009-1-011",2012,2009,3.5,"dmp","Captured",1,1,28.86,-0.763333333333333,1.29,-0.876666666666667,-1.53333333333333,-1.67333333333333
"270-2009-1-011",2013,2009,4.5,"dmp","Captured",1,1,36.82,-1.95083333333333,-3.10666666666667,-2.17666666666667,-1.04333333333333,-2.49333333333333
"270-2009-1-011",2014,2009,5.5,"dmp","Captured",1,1,42.5,-1.2175,-0.98,-2.16333333333333,-1.51333333333333,0.00666666666666666
"270-2009-1-011",2015,2009,6.5,"dmp","Harvested",2,2,48.41,1.83166666666667,2.94333333333333,3.56666666666667,0.42,0.223333333333333
"270-2009-1-011",2016,2009,7.5,"dmp","not_detected",0,0,25.45,-0.574166666666667,-0.553333333333333,-0.816666666666667,-0.986666666666667,-0.183333333333333
"270-2009-1-011",2017,2009,8.5,"dmp","not_detected",0,0,20.91,-0.921666666666667,-0.983333333333333,-1.73,-0.536666666666667,-0.11
"270-2009-1-011",2018,2009,9.5,"dmp","not_detected",0,0,19.77,-0.465,-1.89,-2.77666666666667,2.41333333333333,-0.356666666666667
"270-2009-1-011",2019,2009,10.5,"dmp","not_detected",0,0,23.86,-1.40833333333333,-0.516666666666667,-1.77,-2.95333333333333,1.45
"270-2009-1-011",2020,2009,11.5,"dmp","not_detected",0,0,40.91,-3.4025,-3.32,-3.52,-3.33,-3.37666666666667
"270-2009-1-011",2021,2009,12.5,"dmp","not_detected",0,0,25.91,-1.8125,-3.27666666666667,-0.343333333333333,-0.893333333333333,-3.17
"270-2009-1-011",2022,2009,13.5,"dmp","not_detected",0,0,16.82,-1.96083333333333,-3.23,-2.95666666666667,0.08,-2.33
"270-2009-1-012",2009,2009,0.5,"dmp","Captured",1,1,15.45,-3.89916666666667,-3.96,-5.08666666666667,-3.69666666666667,-3.27
"270-2009-1-012",2010,2009,1.5,"dmp","Alive-Cuddy",1,0,13.64,1.1,2.23,1.45666666666667,0.513333333333333,0.123333333333333
"270-2009-1-012",2011,2009,2.5,"dmp","Captured",1,1,28.86,-3.3625,-3.19333333333333,-4.41333333333333,-4.20666666666667,-1.53333333333333
"270-2009-1-012",2012,2009,3.5,"dmp","Captured",1,1,28.86,-0.763333333333333,1.29,-0.876666666666667,-1.53333333333333,-1.67333333333333
"270-2009-1-012",2013,2009,4.5,"dmp","Captured",1,1,36.82,-1.95083333333333,-3.10666666666667,-2.17666666666667,-1.04333333333333,-2.49333333333333
"270-2009-1-012",2014,2009,5.5,"dmp","Captured",1,1,42.5,-1.2175,-0.98,-2.16333333333333,-1.51333333333333,0.00666666666666666
"270-2009-1-012",2015,2009,6.5,"dmp","Captured",1,1,48.41,1.83166666666667,2.94333333333333,3.56666666666667,0.42,0.223333333333333
"270-2009-1-012",2016,2009,7.5,"dmp","Captured",1,1,25.45,-0.574166666666667,-0.553333333333333,-0.816666666666667,-0.986666666666667,-0.183333333333333
"270-2009-1-012",2017,2009,8.5,"dmp","Captured",1,1,20.91,-0.921666666666667,-0.983333333333333,-1.73,-0.536666666666667,-0.11
"270-2009-1-012",2018,2009,9.5,"dmp","not_detected",0,0,19.77,-0.465,-1.89,-2.77666666666667,2.41333333333333,-0.356666666666667
"270-2009-1-012",2019,2009,10.5,"dmp","not_detected",0,0,23.86,-1.40833333333333,-0.516666666666667,-1.77,-2.95333333333333,1.45
"270-2009-1-012",2020,2009,11.5,"dmp","not_detected",0,0,40.91,-3.4025,-3.32,-3.52,-3.33,-3.37666666666667
"270-2009-1-012",2021,2009,12.5,"dmp","not_detected",0,0,25.91,-1.8125,-3.27666666666667,-0.343333333333333,-0.893333333333333,-3.17
"270-2009-1-012",2022,2009,13.5,"dmp","not_detected",0,0,16.82,-1.96083333333333,-3.23,-2.95666666666667,0.08,-2.33
"270-2009-1-013",2009,2009,0.5,"dmp","Captured",1,1,15.45,-3.89916666666667,-3.96,-5.08666666666667,-3.69666666666667,-3.27
"270-2009-1-013",2010,2009,1.5,"dmp","Captured",1,1,13.64,1.1,2.23,1.45666666666667,0.513333333333333,0.123333333333333
"270-2009-1-013",2011,2009,2.5,"dmp","not_detected",0,0,28.86,-3.3625,-3.19333333333333,-4.41333333333333,-4.20666666666667,-1.53333333333333
"270-2009-1-013",2012,2009,3.5,"dmp","not_detected",0,0,28.86,-0.763333333333333,1.29,-0.876666666666667,-1.53333333333333,-1.67333333333333
"270-2009-1-013",2013,2009,4.5,"dmp","not_detected",0,0,36.82,-1.95083333333333,-3.10666666666667,-2.17666666666667,-1.04333333333333,-2.49333333333333
"270-2009-1-013",2014,2009,5.5,"dmp","not_detected",0,0,42.5,-1.2175,-0.98,-2.16333333333333,-1.51333333333333,0.00666666666666666
"270-2009-1-013",2015,2009,6.5,"dmp","not_detected",0,0,48.41,1.83166666666667,2.94333333333333,3.56666666666667,0.42,0.223333333333333
"270-2009-1-013",2016,2009,7.5,"dmp","not_detected",0,0,25.45,-0.574166666666667,-0.553333333333333,-0.816666666666667,-0.986666666666667,-0.183333333333333
"270-2009-1-013",2017,2009,8.5,"dmp","not_detected",0,0,20.91,-0.921666666666667,-0.983333333333333,-1.73,-0.536666666666667,-0.11
"270-2009-1-013",2018,2009,9.5,"dmp","not_detected",0,0,19.77,-0.465,-1.89,-2.77666666666667,2.41333333333333,-0.356666666666667
"270-2009-1-013",2019,2009,10.5,"dmp","not_detected",0,0,23.86,-1.40833333333333,-0.516666666666667,-1.77,-2.95333333333333,1.45
"270-2009-1-013",2020,2009,11.5,"dmp","not_detected",0,0,40.91,-3.4025,-3.32,-3.52,-3.33,-3.37666666666667
"270-2009-1-013",2021,2009,12.5,"dmp","not_detected",0,0,25.91,-1.8125,-3.27666666666667,-0.343333333333333,-0.893333333333333,-3.17
"270-2009-1-013",2022,2009,13.5,"dmp","not_detected",0,0,16.82,-1.96083333333333,-3.23,-2.95666666666667,0.08,-2.33
"270-2009-1-020",2009,2009,0.5,"dmp","Captured",1,1,15.45,-3.89916666666667,-3.96,-5.08666666666667,-3.69666666666667,-3.27
"270-2009-1-020",2010,2009,1.5,"dmp","Captured",1,1,13.64,1.1,2.23,1.45666666666667,0.513333333333333,0.123333333333333
"270-2009-1-020",2011,2009,2.5,"dmp","Captured",1,1,28.86,-3.3625,-3.19333333333333,-4.41333333333333,-4.20666666666667,-1.53333333333333
"270-2009-1-020",2012,2009,3.5,"dmp","Captured",1,1,28.86,-0.763333333333333,1.29,-0.876666666666667,-1.53333333333333,-1.67333333333333
"270-2009-1-020",2013,2009,4.5,"dmp","Captured",1,1,36.82,-1.95083333333333,-3.10666666666667,-2.17666666666667,-1.04333333333333,-2.49333333333333
"270-2009-1-020",2014,2009,5.5,"dmp","Captured",1,1,42.5,-1.2175,-0.98,-2.16333333333333,-1.51333333333333,0.00666666666666666
"270-2009-1-020",2015,2009,6.5,"dmp","Captured",1,1,48.41,1.83166666666667,2.94333333333333,3.56666666666667,0.42,0.223333333333333
"270-2009-1-020",2016,2009,7.5,"dmp","Nat Mortality",2,2,25.45,-0.574166666666667,-0.553333333333333,-0.816666666666667,-0.986666666666667,-0.183333333333333
"270-2009-1-020",2017,2009,8.5,"dmp","not_detected",0,0,20.91,-0.921666666666667,-0.983333333333333,-1.73,-0.536666666666667,-0.11
"270-2009-1-020",2018,2009,9.5,"dmp","not_detected",0,0,19.77,-0.465,-1.89,-2.77666666666667,2.41333333333333,-0.356666666666667
"270-2009-1-020",2019,2009,10.5,"dmp","not_detected",0,0,23.86,-1.40833333333333,-0.516666666666667,-1.77,-2.95333333333333,1.45
"270-2009-1-020",2020,2009,11.5,"dmp","not_detected",0,0,40.91,-3.4025,-3.32,-3.52,-3.33,-3.37666666666667
"270-2009-1-020",2021,2009,12.5,"dmp","not_detected",0,0,25.91,-1.8125,-3.27666666666667,-0.343333333333333,-0.893333333333333,-3.17
"270-2009-1-020",2022,2009,13.5,"dmp","not_detected",0,0,16.82,-1.96083333333333,-3.23,-2.95666666666667,0.08,-2.33
"270-2009-1-021",2009,2009,0.5,"dmp","Captured",1,1,15.45,-3.89916666666667,-3.96,-5.08666666666667,-3.69666666666667,-3.27
"270-2009-1-021",2010,2009,1.5,"dmp","Captured",1,1,13.64,1.1,2.23,1.45666666666667,0.513333333333333,0.123333333333333
"270-2009-1-021",2011,2009,2.5,"dmp","Captured",1,1,28.86,-3.3625,-3.19333333333333,-4.41333333333333,-4.20666666666667,-1.53333333333333
"270-2009-1-021",2012,2009,3.5,"dmp","Captured",1,1,28.86,-0.763333333333333,1.29,-0.876666666666667,-1.53333333333333,-1.67333333333333
"270-2009-1-021",2013,2009,4.5,"dmp","Alive-Cuddy",1,0,36.82,-1.95083333333333,-3.10666666666667,-2.17666666666667,-1.04333333333333,-2.49333333333333
"270-2009-1-021",2014,2009,5.5,"dmp","Captured",1,1,42.5,-1.2175,-0.98,-2.16333333333333,-1.51333333333333,0.00666666666666666
"270-2009-1-021",2015,2009,6.5,"dmp","Alive-Cuddy",1,0,48.41,1.83166666666667,2.94333333333333,3.56666666666667,0.42,0.223333333333333
"270-2009-1-021",2016,2009,7.5,"dmp","Alive-Cuddy",1,0,25.45,-0.574166666666667,-0.553333333333333,-0.816666666666667,-0.986666666666667,-0.183333333333333
"270-2009-1-021",2017,2009,8.5,"dmp","not_detected",0,0,20.91,-0.921666666666667,-0.983333333333333,-1.73,-0.536666666666667,-0.11
"270-2009-1-021",2018,2009,9.5,"dmp","not_detected",0,0,19.77,-0.465,-1.89,-2.77666666666667,2.41333333333333,-0.356666666666667
"270-2009-1-021",2019,2009,10.5,"dmp","not_detected",0,0,23.86,-1.40833333333333,-0.516666666666667,-1.77,-2.95333333333333,1.45
"270-2009-1-021",2020,2009,11.5,"dmp","not_detected",0,0,40.91,-3.4025,-3.32,-3.52,-3.33,-3.37666666666667
"270-2009-1-021",2021,2009,12.5,"dmp","not_detected",0,0,25.91,-1.8125,-3.27666666666667,-0.343333333333333,-0.893333333333333,-3.17
"270-2009-1-021",2022,2009,13.5,"dmp","not_detected",0,0,16.82,-1.96083333333333,-3.23,-2.95666666666667,0.08,-2.33
"270-2009-1-022",2009,2009,0.5,"dmp","Captured",1,1,15.45,-3.89916666666667,-3.96,-5.08666666666667,-3.69666666666667,-3.27
"270-2009-1-022",2010,2009,1.5,"dmp","not_detected",0,0,13.64,1.1,2.23,1.45666666666667,0.513333333333333,0.123333333333333
"270-2009-1-022",2011,2009,2.5,"dmp","not_detected",0,0,28.86,-3.3625,-3.19333333333333,-4.41333333333333,-4.20666666666667,-1.53333333333333
"270-2009-1-022",2012,2009,3.5,"dmp","not_detected",0,0,28.86,-0.763333333333333,1.29,-0.876666666666667,-1.53333333333333,-1.67333333333333
"270-2009-1-022",2013,2009,4.5,"dmp","not_detected",0,0,36.82,-1.95083333333333,-3.10666666666667,-2.17666666666667,-1.04333333333333,-2.49333333333333
"270-2009-1-022",2014,2009,5.5,"dmp","not_detected",0,0,42.5,-1.2175,-0.98,-2.16333333333333,-1.51333333333333,0.00666666666666666
"270-2009-1-022",2015,2009,6.5,"dmp","not_detected",0,0,48.41,1.83166666666667,2.94333333333333,3.56666666666667,0.42,0.223333333333333
"270-2009-1-022",2016,2009,7.5,"dmp","not_detected",0,0,25.45,-0.574166666666667,-0.553333333333333,-0.816666666666667,-0.986666666666667,-0.183333333333333
"270-2009-1-022",2017,2009,8.5,"dmp","not_detected",0,0,20.91,-0.921666666666667,-0.983333333333333,-1.73,-0.536666666666667,-0.11
"270-2009-1-022",2018,2009,9.5,"dmp","not_detected",0,0,19.77,-0.465,-1.89,-2.77666666666667,2.41333333333333,-0.356666666666667
"270-2009-1-022",2019,2009,10.5,"dmp","not_detected",0,0,23.86,-1.40833333333333,-0.516666666666667,-1.77,-2.95333333333333,1.45
"270-2009-1-022",2020,2009,11.5,"dmp","not_detected",0,0,40.91,-3.4025,-3.32,-3.52,-3.33,-3.37666666666667
"270-2009-1-022",2021,2009,12.5,"dmp","not_detected",0,0,25.91,-1.8125,-3.27666666666667,-0.343333333333333,-0.893333333333333,-3.17
"270-2009-1-022",2022,2009,13.5,"dmp","not_detected",0,0,16.82,-1.96083333333333,-3.23,-2.95666666666667,0.08,-2.33
"270-2009-1-023",2009,2009,0.5,"dmp","Captured",1,1,15.45,-3.89916666666667,-3.96,-5.08666666666667,-3.69666666666667,-3.27
"270-2009-1-023",2010,2009,1.5,"dmp","Captured",1,1,13.64,1.1,2.23,1.45666666666667,0.513333333333333,0.123333333333333
"270-2009-1-023",2011,2009,2.5,"dmp","Captured",1,1,28.86,-3.3625,-3.19333333333333,-4.41333333333333,-4.20666666666667,-1.53333333333333
"270-2009-1-023",2012,2009,3.5,"dmp","Captured",1,1,28.86,-0.763333333333333,1.29,-0.876666666666667,-1.53333333333333,-1.67333333333333
"270-2009-1-023",2013,2009,4.5,"dmp","Captured",1,1,36.82,-1.95083333333333,-3.10666666666667,-2.17666666666667,-1.04333333333333,-2.49333333333333
"270-2009-1-023",2014,2009,5.5,"dmp","Captured",1,1,42.5,-1.2175,-0.98,-2.16333333333333,-1.51333333333333,0.00666666666666666
"270-2009-1-023",2015,2009,6.5,"dmp","Captured",1,1,48.41,1.83166666666667,2.94333333333333,3.56666666666667,0.42,0.223333333333333
"270-2009-1-023",2016,2009,7.5,"dmp","Captured",1,1,25.45,-0.574166666666667,-0.553333333333333,-0.816666666666667,-0.986666666666667,-0.183333333333333
"270-2009-1-023",2017,2009,8.5,"dmp","Captured",1,1,20.91,-0.921666666666667,-0.983333333333333,-1.73,-0.536666666666667,-0.11
"270-2009-1-023",2018,2009,9.5,"dmp","not_detected",0,0,19.77,-0.465,-1.89,-2.77666666666667,2.41333333333333,-0.356666666666667
"270-2009-1-023",2019,2009,10.5,"dmp","not_detected",0,0,23.86,-1.40833333333333,-0.516666666666667,-1.77,-2.95333333333333,1.45
"270-2009-1-023",2020,2009,11.5,"dmp","not_detected",0,0,40.91,-3.4025,-3.32,-3.52,-3.33,-3.37666666666667
"270-2009-1-023",2021,2009,12.5,"dmp","not_detected",0,0,25.91,-1.8125,-3.27666666666667,-0.343333333333333,-0.893333333333333,-3.17
"270-2009-1-023",2022,2009,13.5,"dmp","not_detected",0,0,16.82,-1.96083333333333,-3.23,-2.95666666666667,0.08,-2.33
"270-2009-1-024",2009,2009,0.5,"dmp","Captured",1,1,15.45,-3.89916666666667,-3.96,-5.08666666666667,-3.69666666666667,-3.27
"270-2009-1-024",2010,2009,1.5,"dmp","Captured",1,1,13.64,1.1,2.23,1.45666666666667,0.513333333333333,0.123333333333333
"270-2009-1-024",2011,2009,2.5,"dmp","Captured",1,1,28.86,-3.3625,-3.19333333333333,-4.41333333333333,-4.20666666666667,-1.53333333333333
"270-2009-1-024",2012,2009,3.5,"dmp","Captured",1,1,28.86,-0.763333333333333,1.29,-0.876666666666667,-1.53333333333333,-1.67333333333333
"270-2009-1-024",2013,2009,4.5,"dmp","Captured",1,1,36.82,-1.95083333333333,-3.10666666666667,-2.17666666666667,-1.04333333333333,-2.49333333333333
"270-2009-1-024",2014,2009,5.5,"dmp","Captured",1,1,42.5,-1.2175,-0.98,-2.16333333333333,-1.51333333333333,0.00666666666666666
"270-2009-1-024",2015,2009,6.5,"dmp","Captured",1,1,48.41,1.83166666666667,2.94333333333333,3.56666666666667,0.42,0.223333333333333
"270-2009-1-024",2016,2009,7.5,"dmp","Captured",1,1,25.45,-0.574166666666667,-0.553333333333333,-0.816666666666667,-0.986666666666667,-0.183333333333333
"270-2009-1-024",2017,2009,8.5,"dmp","Captured",1,1,20.91,-0.921666666666667,-0.983333333333333,-1.73,-0.536666666666667,-0.11
"270-2009-1-024",2018,2009,9.5,"dmp","Captured",1,1,19.77,-0.465,-1.89,-2.77666666666667,2.41333333333333,-0.356666666666667
"270-2009-1-024",2019,2009,10.5,"dmp","Captured",1,1,23.86,-1.40833333333333,-0.516666666666667,-1.77,-2.95333333333333,1.45
"270-2009-1-024",2020,2009,11.5,"dmp","Captured",1,1,40.91,-3.4025,-3.32,-3.52,-3.33,-3.37666666666667
"270-2009-1-024",2021,2009,12.5,"dmp","not_detected",0,0,25.91,-1.8125,-3.27666666666667,-0.343333333333333,-0.893333333333333,-3.17
"270-2009-1-024",2022,2009,13.5,"dmp","not_detected",0,0,16.82,-1.96083333333333,-3.23,-2.95666666666667,0.08,-2.33
"270-2009-1-029",2009,2009,0.5,"dmp","Captured",1,1,15.45,-3.89916666666667,-3.96,-5.08666666666667,-3.69666666666667,-3.27
"270-2009-1-029",2010,2009,1.5,"dmp","not_detected",0,0,13.64,1.1,2.23,1.45666666666667,0.513333333333333,0.123333333333333
"270-2009-1-029",2011,2009,2.5,"dmp","not_detected",0,0,28.86,-3.3625,-3.19333333333333,-4.41333333333333,-4.20666666666667,-1.53333333333333
"270-2009-1-029",2012,2009,3.5,"dmp","not_detected",0,0,28.86,-0.763333333333333,1.29,-0.876666666666667,-1.53333333333333,-1.67333333333333
"270-2009-1-029",2013,2009,4.5,"dmp","not_detected",0,0,36.82,-1.95083333333333,-3.10666666666667,-2.17666666666667,-1.04333333333333,-2.49333333333333
"270-2009-1-029",2014,2009,5.5,"dmp","not_detected",0,0,42.5,-1.2175,-0.98,-2.16333333333333,-1.51333333333333,0.00666666666666666
"270-2009-1-029",2015,2009,6.5,"dmp","not_detected",0,0,48.41,1.83166666666667,2.94333333333333,3.56666666666667,0.42,0.223333333333333
"270-2009-1-029",2016,2009,7.5,"dmp","not_detected",0,0,25.45,-0.574166666666667,-0.553333333333333,-0.816666666666667,-0.986666666666667,-0.183333333333333
"270-2009-1-029",2017,2009,8.5,"dmp","not_detected",0,0,20.91,-0.921666666666667,-0.983333333333333,-1.73,-0.536666666666667,-0.11
"270-2009-1-029",2018,2009,9.5,"dmp","not_detected",0,0,19.77,-0.465,-1.89,-2.77666666666667,2.41333333333333,-0.356666666666667
"270-2009-1-029",2019,2009,10.5,"dmp","not_detected",0,0,23.86,-1.40833333333333,-0.516666666666667,-1.77,-2.95333333333333,1.45
"270-2009-1-029",2020,2009,11.5,"dmp","not_detected",0,0,40.91,-3.4025,-3.32,-3.52,-3.33,-3.37666666666667
"270-2009-1-029",2021,2009,12.5,"dmp","not_detected",0,0,25.91,-1.8125,-3.27666666666667,-0.343333333333333,-0.893333333333333,-3.17
"270-2009-1-029",2022,2009,13.5,"dmp","not_detected",0,0,16.82,-1.96083333333333,-3.23,-2.95666666666667,0.08,-2.33
"270-2009-1-032",2009,2009,0.5,"dmp","Captured",1,1,15.45,-3.89916666666667,-3.96,-5.08666666666667,-3.69666666666667,-3.27
"270-2009-1-032",2010,2009,1.5,"dmp","not_detected",0,0,13.64,1.1,2.23,1.45666666666667,0.513333333333333,0.123333333333333
"270-2009-1-032",2011,2009,2.5,"dmp","not_detected",0,0,28.86,-3.3625,-3.19333333333333,-4.41333333333333,-4.20666666666667,-1.53333333333333
"270-2009-1-032",2012,2009,3.5,"dmp","not_detected",0,0,28.86,-0.763333333333333,1.29,-0.876666666666667,-1.53333333333333,-1.67333333333333
"270-2009-1-032",2013,2009,4.5,"dmp","not_detected",0,0,36.82,-1.95083333333333,-3.10666666666667,-2.17666666666667,-1.04333333333333,-2.49333333333333
"270-2009-1-032",2014,2009,5.5,"dmp","not_detected",0,0,42.5,-1.2175,-0.98,-2.16333333333333,-1.51333333333333,0.00666666666666666
"270-2009-1-032",2015,2009,6.5,"dmp","not_detected",0,0,48.41,1.83166666666667,2.94333333333333,3.56666666666667,0.42,0.223333333333333
"270-2009-1-032",2016,2009,7.5,"dmp","not_detected",0,0,25.45,-0.574166666666667,-0.553333333333333,-0.816666666666667,-0.986666666666667,-0.183333333333333
"270-2009-1-032",2017,2009,8.5,"dmp","not_detected",0,0,20.91,-0.921666666666667,-0.983333333333333,-1.73,-0.536666666666667,-0.11
"270-2009-1-032",2018,2009,9.5,"dmp","not_detected",0,0,19.77,-0.465,-1.89,-2.77666666666667,2.41333333333333,-0.356666666666667
"270-2009-1-032",2019,2009,10.5,"dmp","not_detected",0,0,23.86,-1.40833333333333,-0.516666666666667,-1.77,-2.95333333333333,1.45
"270-2009-1-032",2020,2009,11.5,"dmp","not_detected",0,0,40.91,-3.4025,-3.32,-3.52,-3.33,-3.37666666666667
"270-2009-1-032",2021,2009,12.5,"dmp","not_detected",0,0,25.91,-1.8125,-3.27666666666667,-0.343333333333333,-0.893333333333333,-3.17
"270-2009-1-032",2022,2009,13.5,"dmp","not_detected",0,0,16.82,-1.96083333333333,-3.23,-2.95666666666667,0.08,-2.33
"270-2009-1-033",2009,2009,0.5,"dmp","Captured",1,1,15.45,-3.89916666666667,-3.96,-5.08666666666667,-3.69666666666667,-3.27
"270-2009-1-033",2010,2009,1.5,"dmp","Captured",1,1,13.64,1.1,2.23,1.45666666666667,0.513333333333333,0.123333333333333
"270-2009-1-033",2011,2009,2.5,"dmp","Captured",1,1,28.86,-3.3625,-3.19333333333333,-4.41333333333333,-4.20666666666667,-1.53333333333333
"270-2009-1-033",2012,2009,3.5,"dmp","not_detected",0,0,28.86,-0.763333333333333,1.29,-0.876666666666667,-1.53333333333333,-1.67333333333333
"270-2009-1-033",2013,2009,4.5,"dmp","Captured",1,1,36.82,-1.95083333333333,-3.10666666666667,-2.17666666666667,-1.04333333333333,-2.49333333333333
"270-2009-1-033",2014,2009,5.5,"dmp","not_detected",0,0,42.5,-1.2175,-0.98,-2.16333333333333,-1.51333333333333,0.00666666666666666
"270-2009-1-033",2015,2009,6.5,"dmp","not_detected",0,0,48.41,1.83166666666667,2.94333333333333,3.56666666666667,0.42,0.223333333333333
"270-2009-1-033",2016,2009,7.5,"dmp","not_detected",0,0,25.45,-0.574166666666667,-0.553333333333333,-0.816666666666667,-0.986666666666667,-0.183333333333333
"270-2009-1-033",2017,2009,8.5,"dmp","not_detected",0,0,20.91,-0.921666666666667,-0.983333333333333,-1.73,-0.536666666666667,-0.11
"270-2009-1-033",2018,2009,9.5,"dmp","not_detected",0,0,19.77,-0.465,-1.89,-2.77666666666667,2.41333333333333,-0.356666666666667
"270-2009-1-033",2019,2009,10.5,"dmp","not_detected",0,0,23.86,-1.40833333333333,-0.516666666666667,-1.77,-2.95333333333333,1.45
"270-2009-1-033",2020,2009,11.5,"dmp","not_detected",0,0,40.91,-3.4025,-3.32,-3.52,-3.33,-3.37666666666667
"270-2009-1-033",2021,2009,12.5,"dmp","not_detected",0,0,25.91,-1.8125,-3.27666666666667,-0.343333333333333,-0.893333333333333,-3.17
"270-2009-1-033",2022,2009,13.5,"dmp","not_detected",0,0,16.82,-1.96083333333333,-3.23,-2.95666666666667,0.08,-2.33
"270-2009-1-038",2009,2009,0.5,"dmp","Captured",1,1,15.45,-3.89916666666667,-3.96,-5.08666666666667,-3.69666666666667,-3.27
"270-2009-1-038",2010,2009,1.5,"dmp","Captured",1,1,13.64,1.1,2.23,1.45666666666667,0.513333333333333,0.123333333333333
"270-2009-1-038",2011,2009,2.5,"dmp","Captured",1,1,28.86,-3.3625,-3.19333333333333,-4.41333333333333,-4.20666666666667,-1.53333333333333
"270-2009-1-038",2012,2009,3.5,"dmp","Captured",1,1,28.86,-0.763333333333333,1.29,-0.876666666666667,-1.53333333333333,-1.67333333333333
"270-2009-1-038",2013,2009,4.5,"dmp","Alive-Cuddy",1,0,36.82,-1.95083333333333,-3.10666666666667,-2.17666666666667,-1.04333333333333,-2.49333333333333
"270-2009-1-038",2014,2009,5.5,"dmp","not_detected",0,0,42.5,-1.2175,-0.98,-2.16333333333333,-1.51333333333333,0.00666666666666666
"270-2009-1-038",2015,2009,6.5,"dmp","not_detected",0,0,48.41,1.83166666666667,2.94333333333333,3.56666666666667,0.42,0.223333333333333
"270-2009-1-038",2016,2009,7.5,"dmp","not_detected",0,0,25.45,-0.574166666666667,-0.553333333333333,-0.816666666666667,-0.986666666666667,-0.183333333333333
"270-2009-1-038",2017,2009,8.5,"dmp","not_detected",0,0,20.91,-0.921666666666667,-0.983333333333333,-1.73,-0.536666666666667,-0.11
"270-2009-1-038",2018,2009,9.5,"dmp","not_detected",0,0,19.77,-0.465,-1.89,-2.77666666666667,2.41333333333333,-0.356666666666667
"270-2009-1-038",2019,2009,10.5,"dmp","not_detected",0,0,23.86,-1.40833333333333,-0.516666666666667,-1.77,-2.95333333333333,1.45
"270-2009-1-038",2020,2009,11.5,"dmp","not_detected",0,0,40.91,-3.4025,-3.32,-3.52,-3.33,-3.37666666666667
"270-2009-1-038",2021,2009,12.5,"dmp","not_detected",0,0,25.91,-1.8125,-3.27666666666667,-0.343333333333333,-0.893333333333333,-3.17
"270-2009-1-038",2022,2009,13.5,"dmp","not_detected",0,0,16.82,-1.96083333333333,-3.23,-2.95666666666667,0.08,-2.33
"270-2010-1-001",2010,2010,0.5,"dmp","Captured",1,1,13.64,1.1,2.23,1.45666666666667,0.513333333333333,0.123333333333333
"270-2010-1-001",2011,2010,1.5,"dmp","Captured",1,1,28.86,-3.3625,-3.19333333333333,-4.41333333333333,-4.20666666666667,-1.53333333333333
"270-2010-1-001",2012,2010,2.5,"dmp","Captured",1,1,28.86,-0.763333333333333,1.29,-0.876666666666667,-1.53333333333333,-1.67333333333333
"270-2010-1-001",2013,2010,3.5,"dmp","Captured",1,1,36.82,-1.95083333333333,-3.10666666666667,-2.17666666666667,-1.04333333333333,-2.49333333333333
"270-2010-1-001",2014,2010,4.5,"dmp","Captured",1,1,42.5,-1.2175,-0.98,-2.16333333333333,-1.51333333333333,0.00666666666666666
"270-2010-1-001",2015,2010,5.5,"dmp","Alive-Cuddy",1,0,48.41,1.83166666666667,2.94333333333333,3.56666666666667,0.42,0.223333333333333
"270-2010-1-001",2016,2010,6.5,"dmp","Alive-Cuddy",1,0,25.45,-0.574166666666667,-0.553333333333333,-0.816666666666667,-0.986666666666667,-0.183333333333333
"270-2010-1-001",2017,2010,7.5,"dmp","Captured",1,1,20.91,-0.921666666666667,-0.983333333333333,-1.73,-0.536666666666667,-0.11
"270-2010-1-001",2018,2010,8.5,"dmp","Captured",1,1,19.77,-0.465,-1.89,-2.77666666666667,2.41333333333333,-0.356666666666667
"270-2010-1-001",2019,2010,9.5,"dmp","Captured",1,1,23.86,-1.40833333333333,-0.516666666666667,-1.77,-2.95333333333333,1.45
"270-2010-1-001",2020,2010,10.5,"dmp","Alive-Cuddy",1,0,40.91,-3.4025,-3.32,-3.52,-3.33,-3.37666666666667
"270-2010-1-001",2021,2010,11.5,"dmp","Nat Mortality",2,2,25.91,-1.8125,-3.27666666666667,-0.343333333333333,-0.893333333333333,-3.17
"270-2010-1-001",2022,2010,12.5,"dmp","not_detected",0,0,16.82,-1.96083333333333,-3.23,-2.95666666666667,0.08,-2.33
"270-2010-1-003",2010,2010,0.5,"dmp","Captured",1,1,13.64,1.1,2.23,1.45666666666667,0.513333333333333,0.123333333333333
"270-2010-1-003",2011,2010,1.5,"dmp","Captured",1,1,28.86,-3.3625,-3.19333333333333,-4.41333333333333,-4.20666666666667,-1.53333333333333
"270-2010-1-003",2012,2010,2.5,"dmp","Captured",1,1,28.86,-0.763333333333333,1.29,-0.876666666666667,-1.53333333333333,-1.67333333333333
"270-2010-1-003",2013,2010,3.5,"dmp","Captured",1,1,36.82,-1.95083333333333,-3.10666666666667,-2.17666666666667,-1.04333333333333,-2.49333333333333
"270-2010-1-003",2014,2010,4.5,"dmp","Captured",1,1,42.5,-1.2175,-0.98,-2.16333333333333,-1.51333333333333,0.00666666666666666
"270-2010-1-003",2015,2010,5.5,"dmp","Captured",1,1,48.41,1.83166666666667,2.94333333333333,3.56666666666667,0.42,0.223333333333333
"270-2010-1-003",2016,2010,6.5,"dmp","Captured",1,1,25.45,-0.574166666666667,-0.553333333333333,-0.816666666666667,-0.986666666666667,-0.183333333333333
"270-2010-1-003",2017,2010,7.5,"dmp","Captured",1,1,20.91,-0.921666666666667,-0.983333333333333,-1.73,-0.536666666666667,-0.11
"270-2010-1-003",2018,2010,8.5,"dmp","Nat Mortality",2,2,19.77,-0.465,-1.89,-2.77666666666667,2.41333333333333,-0.356666666666667
"270-2010-1-003",2019,2010,9.5,"dmp","not_detected",0,0,23.86,-1.40833333333333,-0.516666666666667,-1.77,-2.95333333333333,1.45
"270-2010-1-003",2020,2010,10.5,"dmp","not_detected",0,0,40.91,-3.4025,-3.32,-3.52,-3.33,-3.37666666666667
"270-2010-1-003",2021,2010,11.5,"dmp","not_detected",0,0,25.91,-1.8125,-3.27666666666667,-0.343333333333333,-0.893333333333333,-3.17
"270-2010-1-003",2022,2010,12.5,"dmp","not_detected",0,0,16.82,-1.96083333333333,-3.23,-2.95666666666667,0.08,-2.33
"270-2010-1-004",2010,2010,0.5,"dmp","Captured",1,1,13.64,1.1,2.23,1.45666666666667,0.513333333333333,0.123333333333333
"270-2010-1-004",2011,2010,1.5,"dmp","Captured",1,1,28.86,-3.3625,-3.19333333333333,-4.41333333333333,-4.20666666666667,-1.53333333333333
"270-2010-1-004",2012,2010,2.5,"dmp","Captured",1,1,28.86,-0.763333333333333,1.29,-0.876666666666667,-1.53333333333333,-1.67333333333333
"270-2010-1-004",2013,2010,3.5,"dmp","not_detected",0,0,36.82,-1.95083333333333,-3.10666666666667,-2.17666666666667,-1.04333333333333,-2.49333333333333
"270-2010-1-004",2014,2010,4.5,"dmp","not_detected",0,0,42.5,-1.2175,-0.98,-2.16333333333333,-1.51333333333333,0.00666666666666666
"270-2010-1-004",2015,2010,5.5,"dmp","not_detected",0,0,48.41,1.83166666666667,2.94333333333333,3.56666666666667,0.42,0.223333333333333
"270-2010-1-004",2016,2010,6.5,"dmp","not_detected",0,0,25.45,-0.574166666666667,-0.553333333333333,-0.816666666666667,-0.986666666666667,-0.183333333333333
"270-2010-1-004",2017,2010,7.5,"dmp","not_detected",0,0,20.91,-0.921666666666667,-0.983333333333333,-1.73,-0.536666666666667,-0.11
"270-2010-1-004",2018,2010,8.5,"dmp","not_detected",0,0,19.77,-0.465,-1.89,-2.77666666666667,2.41333333333333,-0.356666666666667
"270-2010-1-004",2019,2010,9.5,"dmp","not_detected",0,0,23.86,-1.40833333333333,-0.516666666666667,-1.77,-2.95333333333333,1.45
"270-2010-1-004",2020,2010,10.5,"dmp","not_detected",0,0,40.91,-3.4025,-3.32,-3.52,-3.33,-3.37666666666667
"270-2010-1-004",2021,2010,11.5,"dmp","not_detected",0,0,25.91,-1.8125,-3.27666666666667,-0.343333333333333,-0.893333333333333,-3.17
"270-2010-1-004",2022,2010,12.5,"dmp","not_detected",0,0,16.82,-1.96083333333333,-3.23,-2.95666666666667,0.08,-2.33
"270-2010-1-005",2010,2010,0.5,"dmp","Captured",1,1,13.64,1.1,2.23,1.45666666666667,0.513333333333333,0.123333333333333
"270-2010-1-005",2011,2010,1.5,"dmp","Captured",1,1,28.86,-3.3625,-3.19333333333333,-4.41333333333333,-4.20666666666667,-1.53333333333333
"270-2010-1-005",2012,2010,2.5,"dmp","Alive-Cuddy",1,0,28.86,-0.763333333333333,1.29,-0.876666666666667,-1.53333333333333,-1.67333333333333
"270-2010-1-005",2013,2010,3.5,"dmp","Captured",1,1,36.82,-1.95083333333333,-3.10666666666667,-2.17666666666667,-1.04333333333333,-2.49333333333333
"270-2010-1-005",2014,2010,4.5,"dmp","Captured",1,1,42.5,-1.2175,-0.98,-2.16333333333333,-1.51333333333333,0.00666666666666666
"270-2010-1-005",2015,2010,5.5,"dmp","Captured",1,1,48.41,1.83166666666667,2.94333333333333,3.56666666666667,0.42,0.223333333333333
"270-2010-1-005",2016,2010,6.5,"dmp","Captured",1,1,25.45,-0.574166666666667,-0.553333333333333,-0.816666666666667,-0.986666666666667,-0.183333333333333
"270-2010-1-005",2017,2010,7.5,"dmp","Captured",1,1,20.91,-0.921666666666667,-0.983333333333333,-1.73,-0.536666666666667,-0.11
"270-2010-1-005",2018,2010,8.5,"dmp","Alive-Cuddy",1,0,19.77,-0.465,-1.89,-2.77666666666667,2.41333333333333,-0.356666666666667
"270-2010-1-005",2019,2010,9.5,"dmp","Captured",1,1,23.86,-1.40833333333333,-0.516666666666667,-1.77,-2.95333333333333,1.45
"270-2010-1-005",2020,2010,10.5,"dmp","Captured",1,1,40.91,-3.4025,-3.32,-3.52,-3.33,-3.37666666666667
"270-2010-1-005",2021,2010,11.5,"dmp","not_detected",0,0,25.91,-1.8125,-3.27666666666667,-0.343333333333333,-0.893333333333333,-3.17
"270-2010-1-005",2022,2010,12.5,"dmp","not_detected",0,0,16.82,-1.96083333333333,-3.23,-2.95666666666667,0.08,-2.33
"270-2010-1-006",2010,2010,0.5,"dmp","Captured",1,1,13.64,1.1,2.23,1.45666666666667,0.513333333333333,0.123333333333333
"270-2010-1-006",2011,2010,1.5,"dmp","Captured",1,1,28.86,-3.3625,-3.19333333333333,-4.41333333333333,-4.20666666666667,-1.53333333333333
"270-2010-1-006",2012,2010,2.5,"dmp","Captured",1,1,28.86,-0.763333333333333,1.29,-0.876666666666667,-1.53333333333333,-1.67333333333333
"270-2010-1-006",2013,2010,3.5,"dmp","Captured",1,1,36.82,-1.95083333333333,-3.10666666666667,-2.17666666666667,-1.04333333333333,-2.49333333333333
"270-2010-1-006",2014,2010,4.5,"dmp","Captured",1,1,42.5,-1.2175,-0.98,-2.16333333333333,-1.51333333333333,0.00666666666666666
"270-2010-1-006",2015,2010,5.5,"dmp","Captured",1,1,48.41,1.83166666666667,2.94333333333333,3.56666666666667,0.42,0.223333333333333
"270-2010-1-006",2016,2010,6.5,"dmp","Captured",1,1,25.45,-0.574166666666667,-0.553333333333333,-0.816666666666667,-0.986666666666667,-0.183333333333333
"270-2010-1-006",2017,2010,7.5,"dmp","Alive-Cuddy",1,0,20.91,-0.921666666666667,-0.983333333333333,-1.73,-0.536666666666667,-0.11
"270-2010-1-006",2018,2010,8.5,"dmp","Captured",1,1,19.77,-0.465,-1.89,-2.77666666666667,2.41333333333333,-0.356666666666667
"270-2010-1-006",2019,2010,9.5,"dmp","Alive-Cuddy",1,0,23.86,-1.40833333333333,-0.516666666666667,-1.77,-2.95333333333333,1.45
"270-2010-1-006",2020,2010,10.5,"dmp","not_detected",0,0,40.91,-3.4025,-3.32,-3.52,-3.33,-3.37666666666667
"270-2010-1-006",2021,2010,11.5,"dmp","not_detected",0,0,25.91,-1.8125,-3.27666666666667,-0.343333333333333,-0.893333333333333,-3.17
"270-2010-1-006",2022,2010,12.5,"dmp","not_detected",0,0,16.82,-1.96083333333333,-3.23,-2.95666666666667,0.08,-2.33
"270-2010-1-007",2010,2010,0.5,"dmp","Captured",1,1,13.64,1.1,2.23,1.45666666666667,0.513333333333333,0.123333333333333
"270-2010-1-007",2011,2010,1.5,"dmp","not_detected",0,0,28.86,-3.3625,-3.19333333333333,-4.41333333333333,-4.20666666666667,-1.53333333333333
"270-2010-1-007",2012,2010,2.5,"dmp","Captured",1,1,28.86,-0.763333333333333,1.29,-0.876666666666667,-1.53333333333333,-1.67333333333333
"270-2010-1-007",2013,2010,3.5,"dmp","Captured",1,1,36.82,-1.95083333333333,-3.10666666666667,-2.17666666666667,-1.04333333333333,-2.49333333333333
"270-2010-1-007",2014,2010,4.5,"dmp","Alive-Cuddy",1,0,42.5,-1.2175,-0.98,-2.16333333333333,-1.51333333333333,0.00666666666666666
"270-2010-1-007",2015,2010,5.5,"dmp","Captured",1,1,48.41,1.83166666666667,2.94333333333333,3.56666666666667,0.42,0.223333333333333
"270-2010-1-007",2016,2010,6.5,"dmp","Captured",1,1,25.45,-0.574166666666667,-0.553333333333333,-0.816666666666667,-0.986666666666667,-0.183333333333333
"270-2010-1-007",2017,2010,7.5,"dmp","Captured",1,1,20.91,-0.921666666666667,-0.983333333333333,-1.73,-0.536666666666667,-0.11
"270-2010-1-007",2018,2010,8.5,"dmp","Captured",1,1,19.77,-0.465,-1.89,-2.77666666666667,2.41333333333333,-0.356666666666667
"270-2010-1-007",2019,2010,9.5,"dmp","Alive-Cuddy",1,0,23.86,-1.40833333333333,-0.516666666666667,-1.77,-2.95333333333333,1.45
"270-2010-1-007",2020,2010,10.5,"dmp","Alive-Cuddy",1,0,40.91,-3.4025,-3.32,-3.52,-3.33,-3.37666666666667
"270-2010-1-007",2021,2010,11.5,"dmp","Captured",1,1,25.91,-1.8125,-3.27666666666667,-0.343333333333333,-0.893333333333333,-3.17
"270-2010-1-007",2022,2010,12.5,"dmp","not_detected",0,0,16.82,-1.96083333333333,-3.23,-2.95666666666667,0.08,-2.33
"270-2010-1-009",2010,2010,0.5,"dmp","Captured",1,1,13.64,1.1,2.23,1.45666666666667,0.513333333333333,0.123333333333333
"270-2010-1-009",2011,2010,1.5,"dmp","Captured",1,1,28.86,-3.3625,-3.19333333333333,-4.41333333333333,-4.20666666666667,-1.53333333333333
"270-2010-1-009",2012,2010,2.5,"dmp","Captured",1,1,28.86,-0.763333333333333,1.29,-0.876666666666667,-1.53333333333333,-1.67333333333333
"270-2010-1-009",2013,2010,3.5,"dmp","Captured",1,1,36.82,-1.95083333333333,-3.10666666666667,-2.17666666666667,-1.04333333333333,-2.49333333333333
"270-2010-1-009",2014,2010,4.5,"dmp","not_detected",0,0,42.5,-1.2175,-0.98,-2.16333333333333,-1.51333333333333,0.00666666666666666
"270-2010-1-009",2015,2010,5.5,"dmp","Alive-Cuddy",1,0,48.41,1.83166666666667,2.94333333333333,3.56666666666667,0.42,0.223333333333333
"270-2010-1-009",2016,2010,6.5,"dmp","Alive-Cuddy",1,0,25.45,-0.574166666666667,-0.553333333333333,-0.816666666666667,-0.986666666666667,-0.183333333333333
"270-2010-1-009",2017,2010,7.5,"dmp","Captured",1,1,20.91,-0.921666666666667,-0.983333333333333,-1.73,-0.536666666666667,-0.11
"270-2010-1-009",2018,2010,8.5,"dmp","Captured",1,1,19.77,-0.465,-1.89,-2.77666666666667,2.41333333333333,-0.356666666666667
"270-2010-1-009",2019,2010,9.5,"dmp","Captured",1,1,23.86,-1.40833333333333,-0.516666666666667,-1.77,-2.95333333333333,1.45
"270-2010-1-009",2020,2010,10.5,"dmp","Alive-Cuddy",1,0,40.91,-3.4025,-3.32,-3.52,-3.33,-3.37666666666667
"270-2010-1-009",2021,2010,11.5,"dmp","Captured",1,1,25.91,-1.8125,-3.27666666666667,-0.343333333333333,-0.893333333333333,-3.17
"270-2010-1-009",2022,2010,12.5,"dmp","not_detected",0,0,16.82,-1.96083333333333,-3.23,-2.95666666666667,0.08,-2.33
"270-2010-1-010",2010,2010,0.5,"dmp","Captured",1,1,13.64,1.1,2.23,1.45666666666667,0.513333333333333,0.123333333333333
"270-2010-1-010",2011,2010,1.5,"dmp","Captured",1,1,28.86,-3.3625,-3.19333333333333,-4.41333333333333,-4.20666666666667,-1.53333333333333
"270-2010-1-010",2012,2010,2.5,"dmp","Captured",1,1,28.86,-0.763333333333333,1.29,-0.876666666666667,-1.53333333333333,-1.67333333333333
"270-2010-1-010",2013,2010,3.5,"dmp","Captured",1,1,36.82,-1.95083333333333,-3.10666666666667,-2.17666666666667,-1.04333333333333,-2.49333333333333
"270-2010-1-010",2014,2010,4.5,"dmp","Captured",1,1,42.5,-1.2175,-0.98,-2.16333333333333,-1.51333333333333,0.00666666666666666
"270-2010-1-010",2015,2010,5.5,"dmp","Captured",1,1,48.41,1.83166666666667,2.94333333333333,3.56666666666667,0.42,0.223333333333333
"270-2010-1-010",2016,2010,6.5,"dmp","Alive-Cuddy",1,0,25.45,-0.574166666666667,-0.553333333333333,-0.816666666666667,-0.986666666666667,-0.183333333333333
"270-2010-1-010",2017,2010,7.5,"dmp","Captured",1,1,20.91,-0.921666666666667,-0.983333333333333,-1.73,-0.536666666666667,-0.11
"270-2010-1-010",2018,2010,8.5,"dmp","Captured",1,1,19.77,-0.465,-1.89,-2.77666666666667,2.41333333333333,-0.356666666666667
"270-2010-1-010",2019,2010,9.5,"dmp","Captured",1,1,23.86,-1.40833333333333,-0.516666666666667,-1.77,-2.95333333333333,1.45
"270-2010-1-010",2020,2010,10.5,"dmp","Captured",1,1,40.91,-3.4025,-3.32,-3.52,-3.33,-3.37666666666667
"270-2010-1-010",2021,2010,11.5,"dmp","not_detected",0,0,25.91,-1.8125,-3.27666666666667,-0.343333333333333,-0.893333333333333,-3.17
"270-2010-1-010",2022,2010,12.5,"dmp","not_detected",0,0,16.82,-1.96083333333333,-3.23,-2.95666666666667,0.08,-2.33
"270-2010-1-013",2010,2010,0.5,"dmp","Captured",1,1,13.64,1.1,2.23,1.45666666666667,0.513333333333333,0.123333333333333
"270-2010-1-013",2011,2010,1.5,"dmp","Captured",1,1,28.86,-3.3625,-3.19333333333333,-4.41333333333333,-4.20666666666667,-1.53333333333333
"270-2010-1-013",2012,2010,2.5,"dmp","not_detected",0,0,28.86,-0.763333333333333,1.29,-0.876666666666667,-1.53333333333333,-1.67333333333333
"270-2010-1-013",2013,2010,3.5,"dmp","not_detected",0,0,36.82,-1.95083333333333,-3.10666666666667,-2.17666666666667,-1.04333333333333,-2.49333333333333
"270-2010-1-013",2014,2010,4.5,"dmp","not_detected",0,0,42.5,-1.2175,-0.98,-2.16333333333333,-1.51333333333333,0.00666666666666666
"270-2010-1-013",2015,2010,5.5,"dmp","not_detected",0,0,48.41,1.83166666666667,2.94333333333333,3.56666666666667,0.42,0.223333333333333
"270-2010-1-013",2016,2010,6.5,"dmp","Alive-Cuddy",1,0,25.45,-0.574166666666667,-0.553333333333333,-0.816666666666667,-0.986666666666667,-0.183333333333333
"270-2010-1-013",2017,2010,7.5,"dmp","Alive-Cuddy",1,0,20.91,-0.921666666666667,-0.983333333333333,-1.73,-0.536666666666667,-0.11
"270-2010-1-013",2018,2010,8.5,"dmp","Captured",1,1,19.77,-0.465,-1.89,-2.77666666666667,2.41333333333333,-0.356666666666667
"270-2010-1-013",2019,2010,9.5,"dmp","Harvested",2,2,23.86,-1.40833333333333,-0.516666666666667,-1.77,-2.95333333333333,1.45
"270-2010-1-013",2020,2010,10.5,"dmp","not_detected",0,0,40.91,-3.4025,-3.32,-3.52,-3.33,-3.37666666666667
"270-2010-1-013",2021,2010,11.5,"dmp","not_detected",0,0,25.91,-1.8125,-3.27666666666667,-0.343333333333333,-0.893333333333333,-3.17
"270-2010-1-013",2022,2010,12.5,"dmp","not_detected",0,0,16.82,-1.96083333333333,-3.23,-2.95666666666667,0.08,-2.33
"270-2010-1-014",2010,2010,0.5,"dmp","Captured",1,1,13.64,1.1,2.23,1.45666666666667,0.513333333333333,0.123333333333333
"270-2010-1-014",2011,2010,1.5,"dmp","Captured",1,1,28.86,-3.3625,-3.19333333333333,-4.41333333333333,-4.20666666666667,-1.53333333333333
"270-2010-1-014",2012,2010,2.5,"dmp","Alive-Cuddy",1,0,28.86,-0.763333333333333,1.29,-0.876666666666667,-1.53333333333333,-1.67333333333333
"270-2010-1-014",2013,2010,3.5,"dmp","not_detected",0,0,36.82,-1.95083333333333,-3.10666666666667,-2.17666666666667,-1.04333333333333,-2.49333333333333
"270-2010-1-014",2014,2010,4.5,"dmp","not_detected",0,0,42.5,-1.2175,-0.98,-2.16333333333333,-1.51333333333333,0.00666666666666666
"270-2010-1-014",2015,2010,5.5,"dmp","not_detected",0,0,48.41,1.83166666666667,2.94333333333333,3.56666666666667,0.42,0.223333333333333
"270-2010-1-014",2016,2010,6.5,"dmp","not_detected",0,0,25.45,-0.574166666666667,-0.553333333333333,-0.816666666666667,-0.986666666666667,-0.183333333333333
"270-2010-1-014",2017,2010,7.5,"dmp","not_detected",0,0,20.91,-0.921666666666667,-0.983333333333333,-1.73,-0.536666666666667,-0.11
"270-2010-1-014",2018,2010,8.5,"dmp","not_detected",0,0,19.77,-0.465,-1.89,-2.77666666666667,2.41333333333333,-0.356666666666667
"270-2010-1-014",2019,2010,9.5,"dmp","not_detected",0,0,23.86,-1.40833333333333,-0.516666666666667,-1.77,-2.95333333333333,1.45
"270-2010-1-014",2020,2010,10.5,"dmp","not_detected",0,0,40.91,-3.4025,-3.32,-3.52,-3.33,-3.37666666666667
"270-2010-1-014",2021,2010,11.5,"dmp","not_detected",0,0,25.91,-1.8125,-3.27666666666667,-0.343333333333333,-0.893333333333333,-3.17
"270-2010-1-014",2022,2010,12.5,"dmp","not_detected",0,0,16.82,-1.96083333333333,-3.23,-2.95666666666667,0.08,-2.33
"270-2010-1-015",2010,2010,0.5,"dmp","Captured",1,1,13.64,1.1,2.23,1.45666666666667,0.513333333333333,0.123333333333333
"270-2010-1-015",2011,2010,1.5,"dmp","not_detected",0,0,28.86,-3.3625,-3.19333333333333,-4.41333333333333,-4.20666666666667,-1.53333333333333
"270-2010-1-015",2012,2010,2.5,"dmp","not_detected",0,0,28.86,-0.763333333333333,1.29,-0.876666666666667,-1.53333333333333,-1.67333333333333
"270-2010-1-015",2013,2010,3.5,"dmp","not_detected",0,0,36.82,-1.95083333333333,-3.10666666666667,-2.17666666666667,-1.04333333333333,-2.49333333333333
"270-2010-1-015",2014,2010,4.5,"dmp","not_detected",0,0,42.5,-1.2175,-0.98,-2.16333333333333,-1.51333333333333,0.00666666666666666
"270-2010-1-015",2015,2010,5.5,"dmp","not_detected",0,0,48.41,1.83166666666667,2.94333333333333,3.56666666666667,0.42,0.223333333333333
"270-2010-1-015",2016,2010,6.5,"dmp","not_detected",0,0,25.45,-0.574166666666667,-0.553333333333333,-0.816666666666667,-0.986666666666667,-0.183333333333333
"270-2010-1-015",2017,2010,7.5,"dmp","not_detected",0,0,20.91,-0.921666666666667,-0.983333333333333,-1.73,-0.536666666666667,-0.11
"270-2010-1-015",2018,2010,8.5,"dmp","not_detected",0,0,19.77,-0.465,-1.89,-2.77666666666667,2.41333333333333,-0.356666666666667
"270-2010-1-015",2019,2010,9.5,"dmp","not_detected",0,0,23.86,-1.40833333333333,-0.516666666666667,-1.77,-2.95333333333333,1.45
"270-2010-1-015",2020,2010,10.5,"dmp","not_detected",0,0,40.91,-3.4025,-3.32,-3.52,-3.33,-3.37666666666667
"270-2010-1-015",2021,2010,11.5,"dmp","not_detected",0,0,25.91,-1.8125,-3.27666666666667,-0.343333333333333,-0.893333333333333,-3.17
"270-2010-1-015",2022,2010,12.5,"dmp","not_detected",0,0,16.82,-1.96083333333333,-3.23,-2.95666666666667,0.08,-2.33
"270-2010-1-019",2010,2010,0.5,"dmp","Captured",1,1,13.64,1.1,2.23,1.45666666666667,0.513333333333333,0.123333333333333
"270-2010-1-019",2011,2010,1.5,"dmp","Captured",1,1,28.86,-3.3625,-3.19333333333333,-4.41333333333333,-4.20666666666667,-1.53333333333333
"270-2010-1-019",2012,2010,2.5,"dmp","Captured",1,1,28.86,-0.763333333333333,1.29,-0.876666666666667,-1.53333333333333,-1.67333333333333
"270-2010-1-019",2013,2010,3.5,"dmp","Captured",1,1,36.82,-1.95083333333333,-3.10666666666667,-2.17666666666667,-1.04333333333333,-2.49333333333333
"270-2010-1-019",2014,2010,4.5,"dmp","Captured",1,1,42.5,-1.2175,-0.98,-2.16333333333333,-1.51333333333333,0.00666666666666666
"270-2010-1-019",2015,2010,5.5,"dmp","Captured",1,1,48.41,1.83166666666667,2.94333333333333,3.56666666666667,0.42,0.223333333333333
"270-2010-1-019",2016,2010,6.5,"dmp","Alive-Cuddy",1,0,25.45,-0.574166666666667,-0.553333333333333,-0.816666666666667,-0.986666666666667,-0.183333333333333
"270-2010-1-019",2017,2010,7.5,"dmp","Alive-Cuddy",1,0,20.91,-0.921666666666667,-0.983333333333333,-1.73,-0.536666666666667,-0.11
"270-2010-1-019",2018,2010,8.5,"dmp","Captured",1,1,19.77,-0.465,-1.89,-2.77666666666667,2.41333333333333,-0.356666666666667
"270-2010-1-019",2019,2010,9.5,"dmp","Captured",1,1,23.86,-1.40833333333333,-0.516666666666667,-1.77,-2.95333333333333,1.45
"270-2010-1-019",2020,2010,10.5,"dmp","Captured",1,1,40.91,-3.4025,-3.32,-3.52,-3.33,-3.37666666666667
"270-2010-1-019",2021,2010,11.5,"dmp","Captured",1,1,25.91,-1.8125,-3.27666666666667,-0.343333333333333,-0.893333333333333,-3.17
"270-2010-1-019",2022,2010,12.5,"dmp","Captured",1,1,16.82,-1.96083333333333,-3.23,-2.95666666666667,0.08,-2.33
"270-2010-1-020",2010,2010,0.5,"dmp","Captured",1,1,13.64,1.1,2.23,1.45666666666667,0.513333333333333,0.123333333333333
"270-2010-1-020",2011,2010,1.5,"dmp","not_detected",0,0,28.86,-3.3625,-3.19333333333333,-4.41333333333333,-4.20666666666667,-1.53333333333333
"270-2010-1-020",2012,2010,2.5,"dmp","not_detected",0,0,28.86,-0.763333333333333,1.29,-0.876666666666667,-1.53333333333333,-1.67333333333333
"270-2010-1-020",2013,2010,3.5,"dmp","not_detected",0,0,36.82,-1.95083333333333,-3.10666666666667,-2.17666666666667,-1.04333333333333,-2.49333333333333
"270-2010-1-020",2014,2010,4.5,"dmp","not_detected",0,0,42.5,-1.2175,-0.98,-2.16333333333333,-1.51333333333333,0.00666666666666666
"270-2010-1-020",2015,2010,5.5,"dmp","not_detected",0,0,48.41,1.83166666666667,2.94333333333333,3.56666666666667,0.42,0.223333333333333
"270-2010-1-020",2016,2010,6.5,"dmp","not_detected",0,0,25.45,-0.574166666666667,-0.553333333333333,-0.816666666666667,-0.986666666666667,-0.183333333333333
"270-2010-1-020",2017,2010,7.5,"dmp","not_detected",0,0,20.91,-0.921666666666667,-0.983333333333333,-1.73,-0.536666666666667,-0.11
"270-2010-1-020",2018,2010,8.5,"dmp","not_detected",0,0,19.77,-0.465,-1.89,-2.77666666666667,2.41333333333333,-0.356666666666667
"270-2010-1-020",2019,2010,9.5,"dmp","not_detected",0,0,23.86,-1.40833333333333,-0.516666666666667,-1.77,-2.95333333333333,1.45
"270-2010-1-020",2020,2010,10.5,"dmp","not_detected",0,0,40.91,-3.4025,-3.32,-3.52,-3.33,-3.37666666666667
"270-2010-1-020",2021,2010,11.5,"dmp","not_detected",0,0,25.91,-1.8125,-3.27666666666667,-0.343333333333333,-0.893333333333333,-3.17
"270-2010-1-020",2022,2010,12.5,"dmp","not_detected",0,0,16.82,-1.96083333333333,-3.23,-2.95666666666667,0.08,-2.33
"270-2010-1-021",2010,2010,0.5,"dmp","Captured",1,1,13.64,1.1,2.23,1.45666666666667,0.513333333333333,0.123333333333333
"270-2010-1-021",2011,2010,1.5,"dmp","Alive-Cuddy",1,0,28.86,-3.3625,-3.19333333333333,-4.41333333333333,-4.20666666666667,-1.53333333333333
"270-2010-1-021",2012,2010,2.5,"dmp","Captured",1,1,28.86,-0.763333333333333,1.29,-0.876666666666667,-1.53333333333333,-1.67333333333333
"270-2010-1-021",2013,2010,3.5,"dmp","Captured",1,1,36.82,-1.95083333333333,-3.10666666666667,-2.17666666666667,-1.04333333333333,-2.49333333333333
"270-2010-1-021",2014,2010,4.5,"dmp","Captured",1,1,42.5,-1.2175,-0.98,-2.16333333333333,-1.51333333333333,0.00666666666666666
"270-2010-1-021",2015,2010,5.5,"dmp","Captured",1,1,48.41,1.83166666666667,2.94333333333333,3.56666666666667,0.42,0.223333333333333
"270-2010-1-021",2016,2010,6.5,"dmp","Captured",1,1,25.45,-0.574166666666667,-0.553333333333333,-0.816666666666667,-0.986666666666667,-0.183333333333333
"270-2010-1-021",2017,2010,7.5,"dmp","Captured",1,1,20.91,-0.921666666666667,-0.983333333333333,-1.73,-0.536666666666667,-0.11
"270-2010-1-021",2018,2010,8.5,"dmp","Captured",1,1,19.77,-0.465,-1.89,-2.77666666666667,2.41333333333333,-0.356666666666667
"270-2010-1-021",2019,2010,9.5,"dmp","Captured",1,1,23.86,-1.40833333333333,-0.516666666666667,-1.77,-2.95333333333333,1.45
"270-2010-1-021",2020,2010,10.5,"dmp","Captured",1,1,40.91,-3.4025,-3.32,-3.52,-3.33,-3.37666666666667
"270-2010-1-021",2021,2010,11.5,"dmp","Captured",1,1,25.91,-1.8125,-3.27666666666667,-0.343333333333333,-0.893333333333333,-3.17
"270-2010-1-021",2022,2010,12.5,"dmp","not_detected",0,0,16.82,-1.96083333333333,-3.23,-2.95666666666667,0.08,-2.33
"270-2010-1-023",2010,2010,0.5,"dmp","Captured",1,1,13.64,1.1,2.23,1.45666666666667,0.513333333333333,0.123333333333333
"270-2010-1-023",2011,2010,1.5,"dmp","Captured",1,1,28.86,-3.3625,-3.19333333333333,-4.41333333333333,-4.20666666666667,-1.53333333333333
"270-2010-1-023",2012,2010,2.5,"dmp","not_detected",0,0,28.86,-0.763333333333333,1.29,-0.876666666666667,-1.53333333333333,-1.67333333333333
"270-2010-1-023",2013,2010,3.5,"dmp","not_detected",0,0,36.82,-1.95083333333333,-3.10666666666667,-2.17666666666667,-1.04333333333333,-2.49333333333333
"270-2010-1-023",2014,2010,4.5,"dmp","not_detected",0,0,42.5,-1.2175,-0.98,-2.16333333333333,-1.51333333333333,0.00666666666666666
"270-2010-1-023",2015,2010,5.5,"dmp","not_detected",0,0,48.41,1.83166666666667,2.94333333333333,3.56666666666667,0.42,0.223333333333333
"270-2010-1-023",2016,2010,6.5,"dmp","Captured",1,1,25.45,-0.574166666666667,-0.553333333333333,-0.816666666666667,-0.986666666666667,-0.183333333333333
"270-2010-1-023",2017,2010,7.5,"dmp","Captured",1,1,20.91,-0.921666666666667,-0.983333333333333,-1.73,-0.536666666666667,-0.11
"270-2010-1-023",2018,2010,8.5,"dmp","Captured",1,1,19.77,-0.465,-1.89,-2.77666666666667,2.41333333333333,-0.356666666666667
"270-2010-1-023",2019,2010,9.5,"dmp","Captured",1,1,23.86,-1.40833333333333,-0.516666666666667,-1.77,-2.95333333333333,1.45
"270-2010-1-023",2020,2010,10.5,"dmp","Captured",1,1,40.91,-3.4025,-3.32,-3.52,-3.33,-3.37666666666667
"270-2010-1-023",2021,2010,11.5,"dmp","not_detected",0,0,25.91,-1.8125,-3.27666666666667,-0.343333333333333,-0.893333333333333,-3.17
"270-2010-1-023",2022,2010,12.5,"dmp","not_detected",0,0,16.82,-1.96083333333333,-3.23,-2.95666666666667,0.08,-2.33
"270-2010-1-025",2010,2010,0.5,"dmp","Captured",1,1,13.64,1.1,2.23,1.45666666666667,0.513333333333333,0.123333333333333
"270-2010-1-025",2011,2010,1.5,"dmp","Captured",1,1,28.86,-3.3625,-3.19333333333333,-4.41333333333333,-4.20666666666667,-1.53333333333333
"270-2010-1-025",2012,2010,2.5,"dmp","not_detected",0,0,28.86,-0.763333333333333,1.29,-0.876666666666667,-1.53333333333333,-1.67333333333333
"270-2010-1-025",2013,2010,3.5,"dmp","not_detected",0,0,36.82,-1.95083333333333,-3.10666666666667,-2.17666666666667,-1.04333333333333,-2.49333333333333
"270-2010-1-025",2014,2010,4.5,"dmp","not_detected",0,0,42.5,-1.2175,-0.98,-2.16333333333333,-1.51333333333333,0.00666666666666666
"270-2010-1-025",2015,2010,5.5,"dmp","not_detected",0,0,48.41,1.83166666666667,2.94333333333333,3.56666666666667,0.42,0.223333333333333
"270-2010-1-025",2016,2010,6.5,"dmp","Captured",1,1,25.45,-0.574166666666667,-0.553333333333333,-0.816666666666667,-0.986666666666667,-0.183333333333333
"270-2010-1-025",2017,2010,7.5,"dmp","Captured",1,1,20.91,-0.921666666666667,-0.983333333333333,-1.73,-0.536666666666667,-0.11
"270-2010-1-025",2018,2010,8.5,"dmp","Captured",1,1,19.77,-0.465,-1.89,-2.77666666666667,2.41333333333333,-0.356666666666667
"270-2010-1-025",2019,2010,9.5,"dmp","Captured",1,1,23.86,-1.40833333333333,-0.516666666666667,-1.77,-2.95333333333333,1.45
"270-2010-1-025",2020,2010,10.5,"dmp","not_detected",0,0,40.91,-3.4025,-3.32,-3.52,-3.33,-3.37666666666667
"270-2010-1-025",2021,2010,11.5,"dmp","not_detected",0,0,25.91,-1.8125,-3.27666666666667,-0.343333333333333,-0.893333333333333,-3.17
"270-2010-1-025",2022,2010,12.5,"dmp","not_detected",0,0,16.82,-1.96083333333333,-3.23,-2.95666666666667,0.08,-2.33
"270-2010-1-027",2010,2010,0.5,"dmp","Captured",1,1,13.64,1.1,2.23,1.45666666666667,0.513333333333333,0.123333333333333
"270-2010-1-027",2011,2010,1.5,"dmp","Captured",1,1,28.86,-3.3625,-3.19333333333333,-4.41333333333333,-4.20666666666667,-1.53333333333333
"270-2010-1-027",2012,2010,2.5,"dmp","Captured",1,1,28.86,-0.763333333333333,1.29,-0.876666666666667,-1.53333333333333,-1.67333333333333
"270-2010-1-027",2013,2010,3.5,"dmp","Captured",1,1,36.82,-1.95083333333333,-3.10666666666667,-2.17666666666667,-1.04333333333333,-2.49333333333333
"270-2010-1-027",2014,2010,4.5,"dmp","Captured",1,1,42.5,-1.2175,-0.98,-2.16333333333333,-1.51333333333333,0.00666666666666666
"270-2010-1-027",2015,2010,5.5,"dmp","Alive-Cuddy",1,0,48.41,1.83166666666667,2.94333333333333,3.56666666666667,0.42,0.223333333333333
"270-2010-1-027",2016,2010,6.5,"dmp","Alive-Cuddy",1,0,25.45,-0.574166666666667,-0.553333333333333,-0.816666666666667,-0.986666666666667,-0.183333333333333
"270-2010-1-027",2017,2010,7.5,"dmp","Captured",1,1,20.91,-0.921666666666667,-0.983333333333333,-1.73,-0.536666666666667,-0.11
"270-2010-1-027",2018,2010,8.5,"dmp","Captured",1,1,19.77,-0.465,-1.89,-2.77666666666667,2.41333333333333,-0.356666666666667
"270-2010-1-027",2019,2010,9.5,"dmp","not_detected",0,0,23.86,-1.40833333333333,-0.516666666666667,-1.77,-2.95333333333333,1.45
"270-2010-1-027",2020,2010,10.5,"dmp","not_detected",0,0,40.91,-3.4025,-3.32,-3.52,-3.33,-3.37666666666667
"270-2010-1-027",2021,2010,11.5,"dmp","not_detected",0,0,25.91,-1.8125,-3.27666666666667,-0.343333333333333,-0.893333333333333,-3.17
"270-2010-1-027",2022,2010,12.5,"dmp","not_detected",0,0,16.82,-1.96083333333333,-3.23,-2.95666666666667,0.08,-2.33
"270-2010-1-028",2010,2010,0.5,"dmp","Captured",1,1,13.64,1.1,2.23,1.45666666666667,0.513333333333333,0.123333333333333
"270-2010-1-028",2011,2010,1.5,"dmp","Captured",1,1,28.86,-3.3625,-3.19333333333333,-4.41333333333333,-4.20666666666667,-1.53333333333333
"270-2010-1-028",2012,2010,2.5,"dmp","Alive-Cuddy",1,0,28.86,-0.763333333333333,1.29,-0.876666666666667,-1.53333333333333,-1.67333333333333
"270-2010-1-028",2013,2010,3.5,"dmp","Captured",1,1,36.82,-1.95083333333333,-3.10666666666667,-2.17666666666667,-1.04333333333333,-2.49333333333333
"270-2010-1-028",2014,2010,4.5,"dmp","Captured",1,1,42.5,-1.2175,-0.98,-2.16333333333333,-1.51333333333333,0.00666666666666666
"270-2010-1-028",2015,2010,5.5,"dmp","Captured",1,1,48.41,1.83166666666667,2.94333333333333,3.56666666666667,0.42,0.223333333333333
"270-2010-1-028",2016,2010,6.5,"dmp","Captured",1,1,25.45,-0.574166666666667,-0.553333333333333,-0.816666666666667,-0.986666666666667,-0.183333333333333
"270-2010-1-028",2017,2010,7.5,"dmp","Captured",1,1,20.91,-0.921666666666667,-0.983333333333333,-1.73,-0.536666666666667,-0.11
"270-2010-1-028",2018,2010,8.5,"dmp","Alive-Cuddy",1,0,19.77,-0.465,-1.89,-2.77666666666667,2.41333333333333,-0.356666666666667
"270-2010-1-028",2019,2010,9.5,"dmp","Captured",1,1,23.86,-1.40833333333333,-0.516666666666667,-1.77,-2.95333333333333,1.45
"270-2010-1-028",2020,2010,10.5,"dmp","Captured",1,1,40.91,-3.4025,-3.32,-3.52,-3.33,-3.37666666666667
"270-2010-1-028",2021,2010,11.5,"dmp","not_detected",0,0,25.91,-1.8125,-3.27666666666667,-0.343333333333333,-0.893333333333333,-3.17
"270-2010-1-028",2022,2010,12.5,"dmp","not_detected",0,0,16.82,-1.96083333333333,-3.23,-2.95666666666667,0.08,-2.33
"270-2010-1-035",2010,2010,0.5,"dmp","Captured",1,1,13.64,1.1,2.23,1.45666666666667,0.513333333333333,0.123333333333333
"270-2010-1-035",2011,2010,1.5,"dmp","not_detected",0,0,28.86,-3.3625,-3.19333333333333,-4.41333333333333,-4.20666666666667,-1.53333333333333
"270-2010-1-035",2012,2010,2.5,"dmp","not_detected",0,0,28.86,-0.763333333333333,1.29,-0.876666666666667,-1.53333333333333,-1.67333333333333
"270-2010-1-035",2013,2010,3.5,"dmp","not_detected",0,0,36.82,-1.95083333333333,-3.10666666666667,-2.17666666666667,-1.04333333333333,-2.49333333333333
"270-2010-1-035",2014,2010,4.5,"dmp","not_detected",0,0,42.5,-1.2175,-0.98,-2.16333333333333,-1.51333333333333,0.00666666666666666
"270-2010-1-035",2015,2010,5.5,"dmp","not_detected",0,0,48.41,1.83166666666667,2.94333333333333,3.56666666666667,0.42,0.223333333333333
"270-2010-1-035",2016,2010,6.5,"dmp","not_detected",0,0,25.45,-0.574166666666667,-0.553333333333333,-0.816666666666667,-0.986666666666667,-0.183333333333333
"270-2010-1-035",2017,2010,7.5,"dmp","not_detected",0,0,20.91,-0.921666666666667,-0.983333333333333,-1.73,-0.536666666666667,-0.11
"270-2010-1-035",2018,2010,8.5,"dmp","not_detected",0,0,19.77,-0.465,-1.89,-2.77666666666667,2.41333333333333,-0.356666666666667
"270-2010-1-035",2019,2010,9.5,"dmp","not_detected",0,0,23.86,-1.40833333333333,-0.516666666666667,-1.77,-2.95333333333333,1.45
"270-2010-1-035",2020,2010,10.5,"dmp","not_detected",0,0,40.91,-3.4025,-3.32,-3.52,-3.33,-3.37666666666667
"270-2010-1-035",2021,2010,11.5,"dmp","not_detected",0,0,25.91,-1.8125,-3.27666666666667,-0.343333333333333,-0.893333333333333,-3.17
"270-2010-1-035",2022,2010,12.5,"dmp","not_detected",0,0,16.82,-1.96083333333333,-3.23,-2.95666666666667,0.08,-2.33
"270-2010-1-038",2010,2010,0.5,"dmp","Captured",1,1,13.64,1.1,2.23,1.45666666666667,0.513333333333333,0.123333333333333
"270-2010-1-038",2011,2010,1.5,"dmp","Captured",1,1,28.86,-3.3625,-3.19333333333333,-4.41333333333333,-4.20666666666667,-1.53333333333333
"270-2010-1-038",2012,2010,2.5,"dmp","Captured",1,1,28.86,-0.763333333333333,1.29,-0.876666666666667,-1.53333333333333,-1.67333333333333
"270-2010-1-038",2013,2010,3.5,"dmp","Captured",1,1,36.82,-1.95083333333333,-3.10666666666667,-2.17666666666667,-1.04333333333333,-2.49333333333333
"270-2010-1-038",2014,2010,4.5,"dmp","Captured",1,1,42.5,-1.2175,-0.98,-2.16333333333333,-1.51333333333333,0.00666666666666666
"270-2010-1-038",2015,2010,5.5,"dmp","Captured",1,1,48.41,1.83166666666667,2.94333333333333,3.56666666666667,0.42,0.223333333333333
"270-2010-1-038",2016,2010,6.5,"dmp","not_detected",0,0,25.45,-0.574166666666667,-0.553333333333333,-0.816666666666667,-0.986666666666667,-0.183333333333333
"270-2010-1-038",2017,2010,7.5,"dmp","Captured",1,1,20.91,-0.921666666666667,-0.983333333333333,-1.73,-0.536666666666667,-0.11
"270-2010-1-038",2018,2010,8.5,"dmp","Captured",1,1,19.77,-0.465,-1.89,-2.77666666666667,2.41333333333333,-0.356666666666667
"270-2010-1-038",2019,2010,9.5,"dmp","Captured",1,1,23.86,-1.40833333333333,-0.516666666666667,-1.77,-2.95333333333333,1.45
"270-2010-1-038",2020,2010,10.5,"dmp","Captured",1,1,40.91,-3.4025,-3.32,-3.52,-3.33,-3.37666666666667
"270-2010-1-038",2021,2010,11.5,"dmp","Captured",1,1,25.91,-1.8125,-3.27666666666667,-0.343333333333333,-0.893333333333333,-3.17
"270-2010-1-038",2022,2010,12.5,"dmp","Captured",1,1,16.82,-1.96083333333333,-3.23,-2.95666666666667,0.08,-2.33
"270-2010-1-039",2010,2010,0.5,"dmp","Captured",1,1,13.64,1.1,2.23,1.45666666666667,0.513333333333333,0.123333333333333
"270-2010-1-039",2011,2010,1.5,"dmp","Captured",1,1,28.86,-3.3625,-3.19333333333333,-4.41333333333333,-4.20666666666667,-1.53333333333333
"270-2010-1-039",2012,2010,2.5,"dmp","Captured",1,1,28.86,-0.763333333333333,1.29,-0.876666666666667,-1.53333333333333,-1.67333333333333
"270-2010-1-039",2013,2010,3.5,"dmp","Alive-Cuddy",1,0,36.82,-1.95083333333333,-3.10666666666667,-2.17666666666667,-1.04333333333333,-2.49333333333333
"270-2010-1-039",2014,2010,4.5,"dmp","Captured",1,1,42.5,-1.2175,-0.98,-2.16333333333333,-1.51333333333333,0.00666666666666666
"270-2010-1-039",2015,2010,5.5,"dmp","Captured",1,1,48.41,1.83166666666667,2.94333333333333,3.56666666666667,0.42,0.223333333333333
"270-2010-1-039",2016,2010,6.5,"dmp","Captured",1,1,25.45,-0.574166666666667,-0.553333333333333,-0.816666666666667,-0.986666666666667,-0.183333333333333
"270-2010-1-039",2017,2010,7.5,"dmp","Captured",1,1,20.91,-0.921666666666667,-0.983333333333333,-1.73,-0.536666666666667,-0.11
"270-2010-1-039",2018,2010,8.5,"dmp","not_detected",0,0,19.77,-0.465,-1.89,-2.77666666666667,2.41333333333333,-0.356666666666667
"270-2010-1-039",2019,2010,9.5,"dmp","not_detected",0,0,23.86,-1.40833333333333,-0.516666666666667,-1.77,-2.95333333333333,1.45
"270-2010-1-039",2020,2010,10.5,"dmp","not_detected",0,0,40.91,-3.4025,-3.32,-3.52,-3.33,-3.37666666666667
"270-2010-1-039",2021,2010,11.5,"dmp","not_detected",0,0,25.91,-1.8125,-3.27666666666667,-0.343333333333333,-0.893333333333333,-3.17
"270-2010-1-039",2022,2010,12.5,"dmp","not_detected",0,0,16.82,-1.96083333333333,-3.23,-2.95666666666667,0.08,-2.33
"270-2010-1-084",2010,2010,0.5,"dmp","Captured",1,1,13.64,1.1,2.23,1.45666666666667,0.513333333333333,0.123333333333333
"270-2010-1-084",2011,2010,1.5,"dmp","not_detected",0,0,28.86,-3.3625,-3.19333333333333,-4.41333333333333,-4.20666666666667,-1.53333333333333
"270-2010-1-084",2012,2010,2.5,"dmp","not_detected",0,0,28.86,-0.763333333333333,1.29,-0.876666666666667,-1.53333333333333,-1.67333333333333
"270-2010-1-084",2013,2010,3.5,"dmp","not_detected",0,0,36.82,-1.95083333333333,-3.10666666666667,-2.17666666666667,-1.04333333333333,-2.49333333333333
"270-2010-1-084",2014,2010,4.5,"dmp","not_detected",0,0,42.5,-1.2175,-0.98,-2.16333333333333,-1.51333333333333,0.00666666666666666
"270-2010-1-084",2015,2010,5.5,"dmp","not_detected",0,0,48.41,1.83166666666667,2.94333333333333,3.56666666666667,0.42,0.223333333333333
"270-2010-1-084",2016,2010,6.5,"dmp","not_detected",0,0,25.45,-0.574166666666667,-0.553333333333333,-0.816666666666667,-0.986666666666667,-0.183333333333333
"270-2010-1-084",2017,2010,7.5,"dmp","not_detected",0,0,20.91,-0.921666666666667,-0.983333333333333,-1.73,-0.536666666666667,-0.11
"270-2010-1-084",2018,2010,8.5,"dmp","not_detected",0,0,19.77,-0.465,-1.89,-2.77666666666667,2.41333333333333,-0.356666666666667
"270-2010-1-084",2019,2010,9.5,"dmp","not_detected",0,0,23.86,-1.40833333333333,-0.516666666666667,-1.77,-2.95333333333333,1.45
"270-2010-1-084",2020,2010,10.5,"dmp","not_detected",0,0,40.91,-3.4025,-3.32,-3.52,-3.33,-3.37666666666667
"270-2010-1-084",2021,2010,11.5,"dmp","not_detected",0,0,25.91,-1.8125,-3.27666666666667,-0.343333333333333,-0.893333333333333,-3.17
"270-2010-1-084",2022,2010,12.5,"dmp","not_detected",0,0,16.82,-1.96083333333333,-3.23,-2.95666666666667,0.08,-2.33
"270-2010-1-086",2010,2010,0.5,"dmp","Captured",1,1,13.64,1.1,2.23,1.45666666666667,0.513333333333333,0.123333333333333
"270-2010-1-086",2011,2010,1.5,"dmp","Captured",1,1,28.86,-3.3625,-3.19333333333333,-4.41333333333333,-4.20666666666667,-1.53333333333333
"270-2010-1-086",2012,2010,2.5,"dmp","Captured",1,1,28.86,-0.763333333333333,1.29,-0.876666666666667,-1.53333333333333,-1.67333333333333
"270-2010-1-086",2013,2010,3.5,"dmp","Alive-Cuddy",1,0,36.82,-1.95083333333333,-3.10666666666667,-2.17666666666667,-1.04333333333333,-2.49333333333333
"270-2010-1-086",2014,2010,4.5,"dmp","not_detected",0,0,42.5,-1.2175,-0.98,-2.16333333333333,-1.51333333333333,0.00666666666666666
"270-2010-1-086",2015,2010,5.5,"dmp","Alive-Cuddy",1,0,48.41,1.83166666666667,2.94333333333333,3.56666666666667,0.42,0.223333333333333
"270-2010-1-086",2016,2010,6.5,"dmp","Captured",1,1,25.45,-0.574166666666667,-0.553333333333333,-0.816666666666667,-0.986666666666667,-0.183333333333333
"270-2010-1-086",2017,2010,7.5,"dmp","Captured",1,1,20.91,-0.921666666666667,-0.983333333333333,-1.73,-0.536666666666667,-0.11
"270-2010-1-086",2018,2010,8.5,"dmp","Captured",1,1,19.77,-0.465,-1.89,-2.77666666666667,2.41333333333333,-0.356666666666667
"270-2010-1-086",2019,2010,9.5,"dmp","not_detected",0,0,23.86,-1.40833333333333,-0.516666666666667,-1.77,-2.95333333333333,1.45
"270-2010-1-086",2020,2010,10.5,"dmp","Captured",1,1,40.91,-3.4025,-3.32,-3.52,-3.33,-3.37666666666667
"270-2010-1-086",2021,2010,11.5,"dmp","not_detected",0,0,25.91,-1.8125,-3.27666666666667,-0.343333333333333,-0.893333333333333,-3.17
"270-2010-1-086",2022,2010,12.5,"dmp","not_detected",0,0,16.82,-1.96083333333333,-3.23,-2.95666666666667,0.08,-2.33
"270-2010-1-087",2010,2010,0.5,"dmp","Captured",1,1,13.64,1.1,2.23,1.45666666666667,0.513333333333333,0.123333333333333
"270-2010-1-087",2011,2010,1.5,"dmp","Alive-Cuddy",1,0,28.86,-3.3625,-3.19333333333333,-4.41333333333333,-4.20666666666667,-1.53333333333333
"270-2010-1-087",2012,2010,2.5,"dmp","not_detected",0,0,28.86,-0.763333333333333,1.29,-0.876666666666667,-1.53333333333333,-1.67333333333333
"270-2010-1-087",2013,2010,3.5,"dmp","not_detected",0,0,36.82,-1.95083333333333,-3.10666666666667,-2.17666666666667,-1.04333333333333,-2.49333333333333
"270-2010-1-087",2014,2010,4.5,"dmp","not_detected",0,0,42.5,-1.2175,-0.98,-2.16333333333333,-1.51333333333333,0.00666666666666666
"270-2010-1-087",2015,2010,5.5,"dmp","not_detected",0,0,48.41,1.83166666666667,2.94333333333333,3.56666666666667,0.42,0.223333333333333
"270-2010-1-087",2016,2010,6.5,"dmp","Captured",1,1,25.45,-0.574166666666667,-0.553333333333333,-0.816666666666667,-0.986666666666667,-0.183333333333333
"270-2010-1-087",2017,2010,7.5,"dmp","Captured",1,1,20.91,-0.921666666666667,-0.983333333333333,-1.73,-0.536666666666667,-0.11
"270-2010-1-087",2018,2010,8.5,"dmp","Captured",1,1,19.77,-0.465,-1.89,-2.77666666666667,2.41333333333333,-0.356666666666667
"270-2010-1-087",2019,2010,9.5,"dmp","Captured",1,1,23.86,-1.40833333333333,-0.516666666666667,-1.77,-2.95333333333333,1.45
"270-2010-1-087",2020,2010,10.5,"dmp","Alive-Cuddy",1,0,40.91,-3.4025,-3.32,-3.52,-3.33,-3.37666666666667
"270-2010-1-087",2021,2010,11.5,"dmp","not_detected",0,0,25.91,-1.8125,-3.27666666666667,-0.343333333333333,-0.893333333333333,-3.17
"270-2010-1-087",2022,2010,12.5,"dmp","not_detected",0,0,16.82,-1.96083333333333,-3.23,-2.95666666666667,0.08,-2.33
"270-2010-1-088",2010,2010,0.5,"dmp","Captured",1,1,13.64,1.1,2.23,1.45666666666667,0.513333333333333,0.123333333333333
"270-2010-1-088",2011,2010,1.5,"dmp","not_detected",0,0,28.86,-3.3625,-3.19333333333333,-4.41333333333333,-4.20666666666667,-1.53333333333333
"270-2010-1-088",2012,2010,2.5,"dmp","not_detected",0,0,28.86,-0.763333333333333,1.29,-0.876666666666667,-1.53333333333333,-1.67333333333333
"270-2010-1-088",2013,2010,3.5,"dmp","not_detected",0,0,36.82,-1.95083333333333,-3.10666666666667,-2.17666666666667,-1.04333333333333,-2.49333333333333
"270-2010-1-088",2014,2010,4.5,"dmp","not_detected",0,0,42.5,-1.2175,-0.98,-2.16333333333333,-1.51333333333333,0.00666666666666666
"270-2010-1-088",2015,2010,5.5,"dmp","not_detected",0,0,48.41,1.83166666666667,2.94333333333333,3.56666666666667,0.42,0.223333333333333
"270-2010-1-088",2016,2010,6.5,"dmp","not_detected",0,0,25.45,-0.574166666666667,-0.553333333333333,-0.816666666666667,-0.986666666666667,-0.183333333333333
"270-2010-1-088",2017,2010,7.5,"dmp","not_detected",0,0,20.91,-0.921666666666667,-0.983333333333333,-1.73,-0.536666666666667,-0.11
"270-2010-1-088",2018,2010,8.5,"dmp","not_detected",0,0,19.77,-0.465,-1.89,-2.77666666666667,2.41333333333333,-0.356666666666667
"270-2010-1-088",2019,2010,9.5,"dmp","not_detected",0,0,23.86,-1.40833333333333,-0.516666666666667,-1.77,-2.95333333333333,1.45
"270-2010-1-088",2020,2010,10.5,"dmp","not_detected",0,0,40.91,-3.4025,-3.32,-3.52,-3.33,-3.37666666666667
"270-2010-1-088",2021,2010,11.5,"dmp","not_detected",0,0,25.91,-1.8125,-3.27666666666667,-0.343333333333333,-0.893333333333333,-3.17
"270-2010-1-088",2022,2010,12.5,"dmp","not_detected",0,0,16.82,-1.96083333333333,-3.23,-2.95666666666667,0.08,-2.33
"270-2010-1-089",2010,2010,0.5,"dmp","Captured",1,1,13.64,1.1,2.23,1.45666666666667,0.513333333333333,0.123333333333333
"270-2010-1-089",2011,2010,1.5,"dmp","not_detected",0,0,28.86,-3.3625,-3.19333333333333,-4.41333333333333,-4.20666666666667,-1.53333333333333
"270-2010-1-089",2012,2010,2.5,"dmp","not_detected",0,0,28.86,-0.763333333333333,1.29,-0.876666666666667,-1.53333333333333,-1.67333333333333
"270-2010-1-089",2013,2010,3.5,"dmp","not_detected",0,0,36.82,-1.95083333333333,-3.10666666666667,-2.17666666666667,-1.04333333333333,-2.49333333333333
"270-2010-1-089",2014,2010,4.5,"dmp","not_detected",0,0,42.5,-1.2175,-0.98,-2.16333333333333,-1.51333333333333,0.00666666666666666
"270-2010-1-089",2015,2010,5.5,"dmp","not_detected",0,0,48.41,1.83166666666667,2.94333333333333,3.56666666666667,0.42,0.223333333333333
"270-2010-1-089",2016,2010,6.5,"dmp","not_detected",0,0,25.45,-0.574166666666667,-0.553333333333333,-0.816666666666667,-0.986666666666667,-0.183333333333333
"270-2010-1-089",2017,2010,7.5,"dmp","not_detected",0,0,20.91,-0.921666666666667,-0.983333333333333,-1.73,-0.536666666666667,-0.11
"270-2010-1-089",2018,2010,8.5,"dmp","not_detected",0,0,19.77,-0.465,-1.89,-2.77666666666667,2.41333333333333,-0.356666666666667
"270-2010-1-089",2019,2010,9.5,"dmp","not_detected",0,0,23.86,-1.40833333333333,-0.516666666666667,-1.77,-2.95333333333333,1.45
"270-2010-1-089",2020,2010,10.5,"dmp","not_detected",0,0,40.91,-3.4025,-3.32,-3.52,-3.33,-3.37666666666667
"270-2010-1-089",2021,2010,11.5,"dmp","not_detected",0,0,25.91,-1.8125,-3.27666666666667,-0.343333333333333,-0.893333333333333,-3.17
"270-2010-1-089",2022,2010,12.5,"dmp","not_detected",0,0,16.82,-1.96083333333333,-3.23,-2.95666666666667,0.08,-2.33
"270-2011-0-335",2011,2011,0.5,"wy","Captured",1,1,28.86,-3.3625,-3.19333333333333,-4.41333333333333,-4.20666666666667,-1.53333333333333
"270-2011-0-335",2012,2011,1.5,"wy","Alive-Cuddy",1,0,28.86,-0.763333333333333,1.29,-0.876666666666667,-1.53333333333333,-1.67333333333333
"270-2011-0-335",2013,2011,2.5,"wy","Alive-Cuddy",1,0,36.82,-1.95083333333333,-3.10666666666667,-2.17666666666667,-1.04333333333333,-2.49333333333333
"270-2011-0-335",2014,2011,3.5,"wy","Alive-Cuddy",1,0,42.5,-1.2175,-0.98,-2.16333333333333,-1.51333333333333,0.00666666666666666
"270-2011-0-335",2015,2011,4.5,"wy","Captured",1,1,48.41,1.83166666666667,2.94333333333333,3.56666666666667,0.42,0.223333333333333
"270-2011-0-335",2016,2011,5.5,"wy","Captured",1,1,25.45,-0.574166666666667,-0.553333333333333,-0.816666666666667,-0.986666666666667,-0.183333333333333
"270-2011-0-335",2017,2011,6.5,"wy","Captured",1,1,20.91,-0.921666666666667,-0.983333333333333,-1.73,-0.536666666666667,-0.11
"270-2011-0-335",2018,2011,7.5,"wy","Captured",1,1,19.77,-0.465,-1.89,-2.77666666666667,2.41333333333333,-0.356666666666667
"270-2011-0-335",2019,2011,8.5,"wy","Captured",1,1,23.86,-1.40833333333333,-0.516666666666667,-1.77,-2.95333333333333,1.45
"270-2011-0-335",2020,2011,9.5,"wy","Captured",1,1,40.91,-3.4025,-3.32,-3.52,-3.33,-3.37666666666667
"270-2011-0-335",2021,2011,10.5,"wy","Alive-Cuddy",1,0,25.91,-1.8125,-3.27666666666667,-0.343333333333333,-0.893333333333333,-3.17
"270-2011-0-335",2022,2011,11.5,"wy","Captured",1,1,16.82,-1.96083333333333,-3.23,-2.95666666666667,0.08,-2.33
"270-2011-0-336",2011,2011,0.5,"wy","Captured",1,1,28.86,-3.3625,-3.19333333333333,-4.41333333333333,-4.20666666666667,-1.53333333333333
"270-2011-0-336",2012,2011,1.5,"wy","Alive-Cuddy",1,0,28.86,-0.763333333333333,1.29,-0.876666666666667,-1.53333333333333,-1.67333333333333
"270-2011-0-336",2013,2011,2.5,"wy","Captured",1,1,36.82,-1.95083333333333,-3.10666666666667,-2.17666666666667,-1.04333333333333,-2.49333333333333
"270-2011-0-336",2014,2011,3.5,"wy","Captured",1,1,42.5,-1.2175,-0.98,-2.16333333333333,-1.51333333333333,0.00666666666666666
"270-2011-0-336",2015,2011,4.5,"wy","Captured",1,1,48.41,1.83166666666667,2.94333333333333,3.56666666666667,0.42,0.223333333333333
"270-2011-0-336",2016,2011,5.5,"wy","Captured",1,1,25.45,-0.574166666666667,-0.553333333333333,-0.816666666666667,-0.986666666666667,-0.183333333333333
"270-2011-0-336",2017,2011,6.5,"wy","Captured",1,1,20.91,-0.921666666666667,-0.983333333333333,-1.73,-0.536666666666667,-0.11
"270-2011-0-336",2018,2011,7.5,"wy","Alive-Cuddy",1,0,19.77,-0.465,-1.89,-2.77666666666667,2.41333333333333,-0.356666666666667
"270-2011-0-336",2019,2011,8.5,"wy","Alive-Cuddy",1,0,23.86,-1.40833333333333,-0.516666666666667,-1.77,-2.95333333333333,1.45
"270-2011-0-336",2020,2011,9.5,"wy","Alive-Cuddy",1,0,40.91,-3.4025,-3.32,-3.52,-3.33,-3.37666666666667
"270-2011-0-336",2021,2011,10.5,"wy","Captured",1,1,25.91,-1.8125,-3.27666666666667,-0.343333333333333,-0.893333333333333,-3.17
"270-2011-0-336",2022,2011,11.5,"wy","Harvested",2,2,16.82,-1.96083333333333,-3.23,-2.95666666666667,0.08,-2.33
"270-2011-0-337",2011,2011,0.5,"wy","Captured",1,1,28.86,-3.3625,-3.19333333333333,-4.41333333333333,-4.20666666666667,-1.53333333333333
"270-2011-0-337",2012,2011,1.5,"wy","Captured",1,1,28.86,-0.763333333333333,1.29,-0.876666666666667,-1.53333333333333,-1.67333333333333
"270-2011-0-337",2013,2011,2.5,"wy","Captured",1,1,36.82,-1.95083333333333,-3.10666666666667,-2.17666666666667,-1.04333333333333,-2.49333333333333
"270-2011-0-337",2014,2011,3.5,"wy","Captured",1,1,42.5,-1.2175,-0.98,-2.16333333333333,-1.51333333333333,0.00666666666666666
"270-2011-0-337",2015,2011,4.5,"wy","Alive-Cuddy",1,0,48.41,1.83166666666667,2.94333333333333,3.56666666666667,0.42,0.223333333333333
"270-2011-0-337",2016,2011,5.5,"wy","Captured",1,1,25.45,-0.574166666666667,-0.553333333333333,-0.816666666666667,-0.986666666666667,-0.183333333333333
"270-2011-0-337",2017,2011,6.5,"wy","Captured",1,1,20.91,-0.921666666666667,-0.983333333333333,-1.73,-0.536666666666667,-0.11
"270-2011-0-337",2018,2011,7.5,"wy","Alive-Cuddy",1,0,19.77,-0.465,-1.89,-2.77666666666667,2.41333333333333,-0.356666666666667
"270-2011-0-337",2019,2011,8.5,"wy","Alive-Cuddy",1,0,23.86,-1.40833333333333,-0.516666666666667,-1.77,-2.95333333333333,1.45
"270-2011-0-337",2020,2011,9.5,"wy","Captured",1,1,40.91,-3.4025,-3.32,-3.52,-3.33,-3.37666666666667
"270-2011-0-337",2021,2011,10.5,"wy","Alive-Cuddy",1,0,25.91,-1.8125,-3.27666666666667,-0.343333333333333,-0.893333333333333,-3.17
"270-2011-0-337",2022,2011,11.5,"wy","not_detected",0,0,16.82,-1.96083333333333,-3.23,-2.95666666666667,0.08,-2.33
"270-2011-0-338",2011,2011,0.5,"wy","Captured",1,1,28.86,-3.3625,-3.19333333333333,-4.41333333333333,-4.20666666666667,-1.53333333333333
"270-2011-0-338",2012,2011,1.5,"wy","Captured",1,1,28.86,-0.763333333333333,1.29,-0.876666666666667,-1.53333333333333,-1.67333333333333
"270-2011-0-338",2013,2011,2.5,"wy","Captured",1,1,36.82,-1.95083333333333,-3.10666666666667,-2.17666666666667,-1.04333333333333,-2.49333333333333
"270-2011-0-338",2014,2011,3.5,"wy","Captured",1,1,42.5,-1.2175,-0.98,-2.16333333333333,-1.51333333333333,0.00666666666666666
"270-2011-0-338",2015,2011,4.5,"wy","Captured",1,1,48.41,1.83166666666667,2.94333333333333,3.56666666666667,0.42,0.223333333333333
"270-2011-0-338",2016,2011,5.5,"wy","Captured",1,1,25.45,-0.574166666666667,-0.553333333333333,-0.816666666666667,-0.986666666666667,-0.183333333333333
"270-2011-0-338",2017,2011,6.5,"wy","Captured",1,1,20.91,-0.921666666666667,-0.983333333333333,-1.73,-0.536666666666667,-0.11
"270-2011-0-338",2018,2011,7.5,"wy","Captured",1,1,19.77,-0.465,-1.89,-2.77666666666667,2.41333333333333,-0.356666666666667
"270-2011-0-338",2019,2011,8.5,"wy","Captured",1,1,23.86,-1.40833333333333,-0.516666666666667,-1.77,-2.95333333333333,1.45
"270-2011-0-338",2020,2011,9.5,"wy","Nat Mortality",2,2,40.91,-3.4025,-3.32,-3.52,-3.33,-3.37666666666667
"270-2011-0-338",2021,2011,10.5,"wy","not_detected",0,0,25.91,-1.8125,-3.27666666666667,-0.343333333333333,-0.893333333333333,-3.17
"270-2011-0-338",2022,2011,11.5,"wy","not_detected",0,0,16.82,-1.96083333333333,-3.23,-2.95666666666667,0.08,-2.33
"270-2011-0-339",2011,2011,0.5,"wy","Captured",1,1,28.86,-3.3625,-3.19333333333333,-4.41333333333333,-4.20666666666667,-1.53333333333333
"270-2011-0-339",2012,2011,1.5,"wy","Captured",1,1,28.86,-0.763333333333333,1.29,-0.876666666666667,-1.53333333333333,-1.67333333333333
"270-2011-0-339",2013,2011,2.5,"wy","Captured",1,1,36.82,-1.95083333333333,-3.10666666666667,-2.17666666666667,-1.04333333333333,-2.49333333333333
"270-2011-0-339",2014,2011,3.5,"wy","Captured",1,1,42.5,-1.2175,-0.98,-2.16333333333333,-1.51333333333333,0.00666666666666666
"270-2011-0-339",2015,2011,4.5,"wy","Captured",1,1,48.41,1.83166666666667,2.94333333333333,3.56666666666667,0.42,0.223333333333333
"270-2011-0-339",2016,2011,5.5,"wy","Captured",1,1,25.45,-0.574166666666667,-0.553333333333333,-0.816666666666667,-0.986666666666667,-0.183333333333333
"270-2011-0-339",2017,2011,6.5,"wy","Alive-Cuddy",1,0,20.91,-0.921666666666667,-0.983333333333333,-1.73,-0.536666666666667,-0.11
"270-2011-0-339",2018,2011,7.5,"wy","Alive-Cuddy",1,0,19.77,-0.465,-1.89,-2.77666666666667,2.41333333333333,-0.356666666666667
"270-2011-0-339",2019,2011,8.5,"wy","not_detected",0,0,23.86,-1.40833333333333,-0.516666666666667,-1.77,-2.95333333333333,1.45
"270-2011-0-339",2020,2011,9.5,"wy","not_detected",0,0,40.91,-3.4025,-3.32,-3.52,-3.33,-3.37666666666667
"270-2011-0-339",2021,2011,10.5,"wy","not_detected",0,0,25.91,-1.8125,-3.27666666666667,-0.343333333333333,-0.893333333333333,-3.17
"270-2011-0-339",2022,2011,11.5,"wy","not_detected",0,0,16.82,-1.96083333333333,-3.23,-2.95666666666667,0.08,-2.33
"270-2011-0-340",2011,2011,0.5,"wy","Captured",1,1,28.86,-3.3625,-3.19333333333333,-4.41333333333333,-4.20666666666667,-1.53333333333333
"270-2011-0-340",2012,2011,1.5,"wy","Captured",1,1,28.86,-0.763333333333333,1.29,-0.876666666666667,-1.53333333333333,-1.67333333333333
"270-2011-0-340",2013,2011,2.5,"wy","Captured",1,1,36.82,-1.95083333333333,-3.10666666666667,-2.17666666666667,-1.04333333333333,-2.49333333333333
"270-2011-0-340",2014,2011,3.5,"wy","Captured",1,1,42.5,-1.2175,-0.98,-2.16333333333333,-1.51333333333333,0.00666666666666666
"270-2011-0-340",2015,2011,4.5,"wy","Captured",1,1,48.41,1.83166666666667,2.94333333333333,3.56666666666667,0.42,0.223333333333333
"270-2011-0-340",2016,2011,5.5,"wy","Captured",1,1,25.45,-0.574166666666667,-0.553333333333333,-0.816666666666667,-0.986666666666667,-0.183333333333333
"270-2011-0-340",2017,2011,6.5,"wy","Captured",1,1,20.91,-0.921666666666667,-0.983333333333333,-1.73,-0.536666666666667,-0.11
"270-2011-0-340",2018,2011,7.5,"wy","Captured",1,1,19.77,-0.465,-1.89,-2.77666666666667,2.41333333333333,-0.356666666666667
"270-2011-0-340",2019,2011,8.5,"wy","not_detected",0,0,23.86,-1.40833333333333,-0.516666666666667,-1.77,-2.95333333333333,1.45
"270-2011-0-340",2020,2011,9.5,"wy","not_detected",0,0,40.91,-3.4025,-3.32,-3.52,-3.33,-3.37666666666667
"270-2011-0-340",2021,2011,10.5,"wy","not_detected",0,0,25.91,-1.8125,-3.27666666666667,-0.343333333333333,-0.893333333333333,-3.17
"270-2011-0-340",2022,2011,11.5,"wy","not_detected",0,0,16.82,-1.96083333333333,-3.23,-2.95666666666667,0.08,-2.33
"270-2011-0-341",2011,2011,0.5,"wy","Captured",1,1,28.86,-3.3625,-3.19333333333333,-4.41333333333333,-4.20666666666667,-1.53333333333333
"270-2011-0-341",2012,2011,1.5,"wy","Alive-Cuddy",1,0,28.86,-0.763333333333333,1.29,-0.876666666666667,-1.53333333333333,-1.67333333333333
"270-2011-0-341",2013,2011,2.5,"wy","Alive-Cuddy",1,0,36.82,-1.95083333333333,-3.10666666666667,-2.17666666666667,-1.04333333333333,-2.49333333333333
"270-2011-0-341",2014,2011,3.5,"wy","Captured",1,1,42.5,-1.2175,-0.98,-2.16333333333333,-1.51333333333333,0.00666666666666666
"270-2011-0-341",2015,2011,4.5,"wy","not_detected",0,0,48.41,1.83166666666667,2.94333333333333,3.56666666666667,0.42,0.223333333333333
"270-2011-0-341",2016,2011,5.5,"wy","Captured",1,1,25.45,-0.574166666666667,-0.553333333333333,-0.816666666666667,-0.986666666666667,-0.183333333333333
"270-2011-0-341",2017,2011,6.5,"wy","Captured",1,1,20.91,-0.921666666666667,-0.983333333333333,-1.73,-0.536666666666667,-0.11
"270-2011-0-341",2018,2011,7.5,"wy","Alive-Cuddy",1,0,19.77,-0.465,-1.89,-2.77666666666667,2.41333333333333,-0.356666666666667
"270-2011-0-341",2019,2011,8.5,"wy","not_detected",0,0,23.86,-1.40833333333333,-0.516666666666667,-1.77,-2.95333333333333,1.45
"270-2011-0-341",2020,2011,9.5,"wy","Captured",1,1,40.91,-3.4025,-3.32,-3.52,-3.33,-3.37666666666667
"270-2011-0-341",2021,2011,10.5,"wy","not_detected",0,0,25.91,-1.8125,-3.27666666666667,-0.343333333333333,-0.893333333333333,-3.17
"270-2011-0-341",2022,2011,11.5,"wy","Harvested",2,2,16.82,-1.96083333333333,-3.23,-2.95666666666667,0.08,-2.33
"270-2011-0-342",2011,2011,0.5,"wy","Captured",1,1,28.86,-3.3625,-3.19333333333333,-4.41333333333333,-4.20666666666667,-1.53333333333333
"270-2011-0-342",2012,2011,1.5,"wy","Captured",1,1,28.86,-0.763333333333333,1.29,-0.876666666666667,-1.53333333333333,-1.67333333333333
"270-2011-0-342",2013,2011,2.5,"wy","Alive-Cuddy",1,0,36.82,-1.95083333333333,-3.10666666666667,-2.17666666666667,-1.04333333333333,-2.49333333333333
"270-2011-0-342",2014,2011,3.5,"wy","not_detected",0,0,42.5,-1.2175,-0.98,-2.16333333333333,-1.51333333333333,0.00666666666666666
"270-2011-0-342",2015,2011,4.5,"wy","not_detected",0,0,48.41,1.83166666666667,2.94333333333333,3.56666666666667,0.42,0.223333333333333
"270-2011-0-342",2016,2011,5.5,"wy","not_detected",0,0,25.45,-0.574166666666667,-0.553333333333333,-0.816666666666667,-0.986666666666667,-0.183333333333333
"270-2011-0-342",2017,2011,6.5,"wy","not_detected",0,0,20.91,-0.921666666666667,-0.983333333333333,-1.73,-0.536666666666667,-0.11
"270-2011-0-342",2018,2011,7.5,"wy","not_detected",0,0,19.77,-0.465,-1.89,-2.77666666666667,2.41333333333333,-0.356666666666667
"270-2011-0-342",2019,2011,8.5,"wy","not_detected",0,0,23.86,-1.40833333333333,-0.516666666666667,-1.77,-2.95333333333333,1.45
"270-2011-0-342",2020,2011,9.5,"wy","not_detected",0,0,40.91,-3.4025,-3.32,-3.52,-3.33,-3.37666666666667
"270-2011-0-342",2021,2011,10.5,"wy","not_detected",0,0,25.91,-1.8125,-3.27666666666667,-0.343333333333333,-0.893333333333333,-3.17
"270-2011-0-342",2022,2011,11.5,"wy","not_detected",0,0,16.82,-1.96083333333333,-3.23,-2.95666666666667,0.08,-2.33
"270-2011-0-343",2011,2011,0.5,"wy","Captured",1,1,28.86,-3.3625,-3.19333333333333,-4.41333333333333,-4.20666666666667,-1.53333333333333
"270-2011-0-343",2012,2011,1.5,"wy","Captured",1,1,28.86,-0.763333333333333,1.29,-0.876666666666667,-1.53333333333333,-1.67333333333333
"270-2011-0-343",2013,2011,2.5,"wy","Alive-Cuddy",1,0,36.82,-1.95083333333333,-3.10666666666667,-2.17666666666667,-1.04333333333333,-2.49333333333333
"270-2011-0-343",2014,2011,3.5,"wy","Alive-Cuddy",1,0,42.5,-1.2175,-0.98,-2.16333333333333,-1.51333333333333,0.00666666666666666
"270-2011-0-343",2015,2011,4.5,"wy","Captured",1,1,48.41,1.83166666666667,2.94333333333333,3.56666666666667,0.42,0.223333333333333
"270-2011-0-343",2016,2011,5.5,"wy","Captured",1,1,25.45,-0.574166666666667,-0.553333333333333,-0.816666666666667,-0.986666666666667,-0.183333333333333
"270-2011-0-343",2017,2011,6.5,"wy","Captured",1,1,20.91,-0.921666666666667,-0.983333333333333,-1.73,-0.536666666666667,-0.11
"270-2011-0-343",2018,2011,7.5,"wy","Alive-Cuddy",1,0,19.77,-0.465,-1.89,-2.77666666666667,2.41333333333333,-0.356666666666667
"270-2011-0-343",2019,2011,8.5,"wy","not_detected",0,0,23.86,-1.40833333333333,-0.516666666666667,-1.77,-2.95333333333333,1.45
"270-2011-0-343",2020,2011,9.5,"wy","not_detected",0,0,40.91,-3.4025,-3.32,-3.52,-3.33,-3.37666666666667
"270-2011-0-343",2021,2011,10.5,"wy","not_detected",0,0,25.91,-1.8125,-3.27666666666667,-0.343333333333333,-0.893333333333333,-3.17
"270-2011-0-343",2022,2011,11.5,"wy","not_detected",0,0,16.82,-1.96083333333333,-3.23,-2.95666666666667,0.08,-2.33
"270-2011-0-344",2011,2011,0.5,"wy","Captured",1,1,28.86,-3.3625,-3.19333333333333,-4.41333333333333,-4.20666666666667,-1.53333333333333
"270-2011-0-344",2012,2011,1.5,"wy","Captured",1,1,28.86,-0.763333333333333,1.29,-0.876666666666667,-1.53333333333333,-1.67333333333333
"270-2011-0-344",2013,2011,2.5,"wy","not_detected",0,0,36.82,-1.95083333333333,-3.10666666666667,-2.17666666666667,-1.04333333333333,-2.49333333333333
"270-2011-0-344",2014,2011,3.5,"wy","not_detected",0,0,42.5,-1.2175,-0.98,-2.16333333333333,-1.51333333333333,0.00666666666666666
"270-2011-0-344",2015,2011,4.5,"wy","not_detected",0,0,48.41,1.83166666666667,2.94333333333333,3.56666666666667,0.42,0.223333333333333
"270-2011-0-344",2016,2011,5.5,"wy","not_detected",0,0,25.45,-0.574166666666667,-0.553333333333333,-0.816666666666667,-0.986666666666667,-0.183333333333333
"270-2011-0-344",2017,2011,6.5,"wy","not_detected",0,0,20.91,-0.921666666666667,-0.983333333333333,-1.73,-0.536666666666667,-0.11
"270-2011-0-344",2018,2011,7.5,"wy","not_detected",0,0,19.77,-0.465,-1.89,-2.77666666666667,2.41333333333333,-0.356666666666667
"270-2011-0-344",2019,2011,8.5,"wy","not_detected",0,0,23.86,-1.40833333333333,-0.516666666666667,-1.77,-2.95333333333333,1.45
"270-2011-0-344",2020,2011,9.5,"wy","not_detected",0,0,40.91,-3.4025,-3.32,-3.52,-3.33,-3.37666666666667
"270-2011-0-344",2021,2011,10.5,"wy","not_detected",0,0,25.91,-1.8125,-3.27666666666667,-0.343333333333333,-0.893333333333333,-3.17
"270-2011-0-344",2022,2011,11.5,"wy","not_detected",0,0,16.82,-1.96083333333333,-3.23,-2.95666666666667,0.08,-2.33
"270-2011-0-345",2011,2011,0.5,"wy","Captured",1,1,28.86,-3.3625,-3.19333333333333,-4.41333333333333,-4.20666666666667,-1.53333333333333
"270-2011-0-345",2012,2011,1.5,"wy","Captured",1,1,28.86,-0.763333333333333,1.29,-0.876666666666667,-1.53333333333333,-1.67333333333333
"270-2011-0-345",2013,2011,2.5,"wy","Captured",1,1,36.82,-1.95083333333333,-3.10666666666667,-2.17666666666667,-1.04333333333333,-2.49333333333333
"270-2011-0-345",2014,2011,3.5,"wy","Alive-Cuddy",1,0,42.5,-1.2175,-0.98,-2.16333333333333,-1.51333333333333,0.00666666666666666
"270-2011-0-345",2015,2011,4.5,"wy","Captured",1,1,48.41,1.83166666666667,2.94333333333333,3.56666666666667,0.42,0.223333333333333
"270-2011-0-345",2016,2011,5.5,"wy","Captured",1,1,25.45,-0.574166666666667,-0.553333333333333,-0.816666666666667,-0.986666666666667,-0.183333333333333
"270-2011-0-345",2017,2011,6.5,"wy","Alive-Cuddy",1,0,20.91,-0.921666666666667,-0.983333333333333,-1.73,-0.536666666666667,-0.11
"270-2011-0-345",2018,2011,7.5,"wy","not_detected",0,0,19.77,-0.465,-1.89,-2.77666666666667,2.41333333333333,-0.356666666666667
"270-2011-0-345",2019,2011,8.5,"wy","not_detected",0,0,23.86,-1.40833333333333,-0.516666666666667,-1.77,-2.95333333333333,1.45
"270-2011-0-345",2020,2011,9.5,"wy","not_detected",0,0,40.91,-3.4025,-3.32,-3.52,-3.33,-3.37666666666667
"270-2011-0-345",2021,2011,10.5,"wy","not_detected",0,0,25.91,-1.8125,-3.27666666666667,-0.343333333333333,-0.893333333333333,-3.17
"270-2011-0-345",2022,2011,11.5,"wy","not_detected",0,0,16.82,-1.96083333333333,-3.23,-2.95666666666667,0.08,-2.33
"270-2011-1-202",2011,2011,0.5,"dmp","Captured",1,1,28.86,-3.3625,-3.19333333333333,-4.41333333333333,-4.20666666666667,-1.53333333333333
"270-2011-1-202",2012,2011,1.5,"dmp","not_detected",0,0,28.86,-0.763333333333333,1.29,-0.876666666666667,-1.53333333333333,-1.67333333333333
"270-2011-1-202",2013,2011,2.5,"dmp","not_detected",0,0,36.82,-1.95083333333333,-3.10666666666667,-2.17666666666667,-1.04333333333333,-2.49333333333333
"270-2011-1-202",2014,2011,3.5,"dmp","not_detected",0,0,42.5,-1.2175,-0.98,-2.16333333333333,-1.51333333333333,0.00666666666666666
"270-2011-1-202",2015,2011,4.5,"dmp","not_detected",0,0,48.41,1.83166666666667,2.94333333333333,3.56666666666667,0.42,0.223333333333333
"270-2011-1-202",2016,2011,5.5,"dmp","not_detected",0,0,25.45,-0.574166666666667,-0.553333333333333,-0.816666666666667,-0.986666666666667,-0.183333333333333
"270-2011-1-202",2017,2011,6.5,"dmp","not_detected",0,0,20.91,-0.921666666666667,-0.983333333333333,-1.73,-0.536666666666667,-0.11
"270-2011-1-202",2018,2011,7.5,"dmp","not_detected",0,0,19.77,-0.465,-1.89,-2.77666666666667,2.41333333333333,-0.356666666666667
"270-2011-1-202",2019,2011,8.5,"dmp","not_detected",0,0,23.86,-1.40833333333333,-0.516666666666667,-1.77,-2.95333333333333,1.45
"270-2011-1-202",2020,2011,9.5,"dmp","not_detected",0,0,40.91,-3.4025,-3.32,-3.52,-3.33,-3.37666666666667
"270-2011-1-202",2021,2011,10.5,"dmp","not_detected",0,0,25.91,-1.8125,-3.27666666666667,-0.343333333333333,-0.893333333333333,-3.17
"270-2011-1-202",2022,2011,11.5,"dmp","not_detected",0,0,16.82,-1.96083333333333,-3.23,-2.95666666666667,0.08,-2.33
"270-2011-1-206",2011,2011,0.5,"dmp","Captured",1,1,28.86,-3.3625,-3.19333333333333,-4.41333333333333,-4.20666666666667,-1.53333333333333
"270-2011-1-206",2012,2011,1.5,"dmp","not_detected",0,0,28.86,-0.763333333333333,1.29,-0.876666666666667,-1.53333333333333,-1.67333333333333
"270-2011-1-206",2013,2011,2.5,"dmp","not_detected",0,0,36.82,-1.95083333333333,-3.10666666666667,-2.17666666666667,-1.04333333333333,-2.49333333333333
"270-2011-1-206",2014,2011,3.5,"dmp","not_detected",0,0,42.5,-1.2175,-0.98,-2.16333333333333,-1.51333333333333,0.00666666666666666
"270-2011-1-206",2015,2011,4.5,"dmp","not_detected",0,0,48.41,1.83166666666667,2.94333333333333,3.56666666666667,0.42,0.223333333333333
"270-2011-1-206",2016,2011,5.5,"dmp","not_detected",0,0,25.45,-0.574166666666667,-0.553333333333333,-0.816666666666667,-0.986666666666667,-0.183333333333333
"270-2011-1-206",2017,2011,6.5,"dmp","not_detected",0,0,20.91,-0.921666666666667,-0.983333333333333,-1.73,-0.536666666666667,-0.11
"270-2011-1-206",2018,2011,7.5,"dmp","not_detected",0,0,19.77,-0.465,-1.89,-2.77666666666667,2.41333333333333,-0.356666666666667
"270-2011-1-206",2019,2011,8.5,"dmp","not_detected",0,0,23.86,-1.40833333333333,-0.516666666666667,-1.77,-2.95333333333333,1.45
"270-2011-1-206",2020,2011,9.5,"dmp","not_detected",0,0,40.91,-3.4025,-3.32,-3.52,-3.33,-3.37666666666667
"270-2011-1-206",2021,2011,10.5,"dmp","not_detected",0,0,25.91,-1.8125,-3.27666666666667,-0.343333333333333,-0.893333333333333,-3.17
"270-2011-1-206",2022,2011,11.5,"dmp","not_detected",0,0,16.82,-1.96083333333333,-3.23,-2.95666666666667,0.08,-2.33
"270-2011-1-209",2011,2011,0.5,"dmp","Captured",1,1,28.86,-3.3625,-3.19333333333333,-4.41333333333333,-4.20666666666667,-1.53333333333333
"270-2011-1-209",2012,2011,1.5,"dmp","not_detected",0,0,28.86,-0.763333333333333,1.29,-0.876666666666667,-1.53333333333333,-1.67333333333333
"270-2011-1-209",2013,2011,2.5,"dmp","Alive-Cuddy",1,0,36.82,-1.95083333333333,-3.10666666666667,-2.17666666666667,-1.04333333333333,-2.49333333333333
"270-2011-1-209",2014,2011,3.5,"dmp","Alive-Cuddy",1,0,42.5,-1.2175,-0.98,-2.16333333333333,-1.51333333333333,0.00666666666666666
"270-2011-1-209",2015,2011,4.5,"dmp","Alive-Cuddy",1,0,48.41,1.83166666666667,2.94333333333333,3.56666666666667,0.42,0.223333333333333
"270-2011-1-209",2016,2011,5.5,"dmp","not_detected",0,0,25.45,-0.574166666666667,-0.553333333333333,-0.816666666666667,-0.986666666666667,-0.183333333333333
"270-2011-1-209",2017,2011,6.5,"dmp","not_detected",0,0,20.91,-0.921666666666667,-0.983333333333333,-1.73,-0.536666666666667,-0.11
"270-2011-1-209",2018,2011,7.5,"dmp","not_detected",0,0,19.77,-0.465,-1.89,-2.77666666666667,2.41333333333333,-0.356666666666667
"270-2011-1-209",2019,2011,8.5,"dmp","not_detected",0,0,23.86,-1.40833333333333,-0.516666666666667,-1.77,-2.95333333333333,1.45
"270-2011-1-209",2020,2011,9.5,"dmp","not_detected",0,0,40.91,-3.4025,-3.32,-3.52,-3.33,-3.37666666666667
"270-2011-1-209",2021,2011,10.5,"dmp","not_detected",0,0,25.91,-1.8125,-3.27666666666667,-0.343333333333333,-0.893333333333333,-3.17
"270-2011-1-209",2022,2011,11.5,"dmp","not_detected",0,0,16.82,-1.96083333333333,-3.23,-2.95666666666667,0.08,-2.33
"270-2011-1-213",2011,2011,0.5,"dmp","Captured",1,1,28.86,-3.3625,-3.19333333333333,-4.41333333333333,-4.20666666666667,-1.53333333333333
"270-2011-1-213",2012,2011,1.5,"dmp","Alive-Cuddy",1,0,28.86,-0.763333333333333,1.29,-0.876666666666667,-1.53333333333333,-1.67333333333333
"270-2011-1-213",2013,2011,2.5,"dmp","Captured",1,1,36.82,-1.95083333333333,-3.10666666666667,-2.17666666666667,-1.04333333333333,-2.49333333333333
"270-2011-1-213",2014,2011,3.5,"dmp","Alive-Cuddy",1,0,42.5,-1.2175,-0.98,-2.16333333333333,-1.51333333333333,0.00666666666666666
"270-2011-1-213",2015,2011,4.5,"dmp","Alive-Cuddy",1,0,48.41,1.83166666666667,2.94333333333333,3.56666666666667,0.42,0.223333333333333
"270-2011-1-213",2016,2011,5.5,"dmp","Captured",1,1,25.45,-0.574166666666667,-0.553333333333333,-0.816666666666667,-0.986666666666667,-0.183333333333333
"270-2011-1-213",2017,2011,6.5,"dmp","Captured",1,1,20.91,-0.921666666666667,-0.983333333333333,-1.73,-0.536666666666667,-0.11
"270-2011-1-213",2018,2011,7.5,"dmp","Captured",1,1,19.77,-0.465,-1.89,-2.77666666666667,2.41333333333333,-0.356666666666667
"270-2011-1-213",2019,2011,8.5,"dmp","Captured",1,1,23.86,-1.40833333333333,-0.516666666666667,-1.77,-2.95333333333333,1.45
"270-2011-1-213",2020,2011,9.5,"dmp","Captured",1,1,40.91,-3.4025,-3.32,-3.52,-3.33,-3.37666666666667
"270-2011-1-213",2021,2011,10.5,"dmp","Captured",1,1,25.91,-1.8125,-3.27666666666667,-0.343333333333333,-0.893333333333333,-3.17
"270-2011-1-213",2022,2011,11.5,"dmp","Harvested",2,2,16.82,-1.96083333333333,-3.23,-2.95666666666667,0.08,-2.33
"270-2011-1-215",2011,2011,0.5,"dmp","Captured",1,1,28.86,-3.3625,-3.19333333333333,-4.41333333333333,-4.20666666666667,-1.53333333333333
"270-2011-1-215",2012,2011,1.5,"dmp","Captured",1,1,28.86,-0.763333333333333,1.29,-0.876666666666667,-1.53333333333333,-1.67333333333333
"270-2011-1-215",2013,2011,2.5,"dmp","Captured",1,1,36.82,-1.95083333333333,-3.10666666666667,-2.17666666666667,-1.04333333333333,-2.49333333333333
"270-2011-1-215",2014,2011,3.5,"dmp","Captured",1,1,42.5,-1.2175,-0.98,-2.16333333333333,-1.51333333333333,0.00666666666666666
"270-2011-1-215",2015,2011,4.5,"dmp","Captured",1,1,48.41,1.83166666666667,2.94333333333333,3.56666666666667,0.42,0.223333333333333
"270-2011-1-215",2016,2011,5.5,"dmp","Captured",1,1,25.45,-0.574166666666667,-0.553333333333333,-0.816666666666667,-0.986666666666667,-0.183333333333333
"270-2011-1-215",2017,2011,6.5,"dmp","Captured",1,1,20.91,-0.921666666666667,-0.983333333333333,-1.73,-0.536666666666667,-0.11
"270-2011-1-215",2018,2011,7.5,"dmp","Captured",1,1,19.77,-0.465,-1.89,-2.77666666666667,2.41333333333333,-0.356666666666667
"270-2011-1-215",2019,2011,8.5,"dmp","Captured",1,1,23.86,-1.40833333333333,-0.516666666666667,-1.77,-2.95333333333333,1.45
"270-2011-1-215",2020,2011,9.5,"dmp","Alive-Cuddy",1,0,40.91,-3.4025,-3.32,-3.52,-3.33,-3.37666666666667
"270-2011-1-215",2021,2011,10.5,"dmp","Captured",1,1,25.91,-1.8125,-3.27666666666667,-0.343333333333333,-0.893333333333333,-3.17
"270-2011-1-215",2022,2011,11.5,"dmp","Captured",1,1,16.82,-1.96083333333333,-3.23,-2.95666666666667,0.08,-2.33
"270-2011-1-224",2011,2011,0.5,"dmp","Captured",1,1,28.86,-3.3625,-3.19333333333333,-4.41333333333333,-4.20666666666667,-1.53333333333333
"270-2011-1-224",2012,2011,1.5,"dmp","not_detected",0,0,28.86,-0.763333333333333,1.29,-0.876666666666667,-1.53333333333333,-1.67333333333333
"270-2011-1-224",2013,2011,2.5,"dmp","not_detected",0,0,36.82,-1.95083333333333,-3.10666666666667,-2.17666666666667,-1.04333333333333,-2.49333333333333
"270-2011-1-224",2014,2011,3.5,"dmp","not_detected",0,0,42.5,-1.2175,-0.98,-2.16333333333333,-1.51333333333333,0.00666666666666666
"270-2011-1-224",2015,2011,4.5,"dmp","not_detected",0,0,48.41,1.83166666666667,2.94333333333333,3.56666666666667,0.42,0.223333333333333
"270-2011-1-224",2016,2011,5.5,"dmp","not_detected",0,0,25.45,-0.574166666666667,-0.553333333333333,-0.816666666666667,-0.986666666666667,-0.183333333333333
"270-2011-1-224",2017,2011,6.5,"dmp","not_detected",0,0,20.91,-0.921666666666667,-0.983333333333333,-1.73,-0.536666666666667,-0.11
"270-2011-1-224",2018,2011,7.5,"dmp","not_detected",0,0,19.77,-0.465,-1.89,-2.77666666666667,2.41333333333333,-0.356666666666667
"270-2011-1-224",2019,2011,8.5,"dmp","not_detected",0,0,23.86,-1.40833333333333,-0.516666666666667,-1.77,-2.95333333333333,1.45
"270-2011-1-224",2020,2011,9.5,"dmp","not_detected",0,0,40.91,-3.4025,-3.32,-3.52,-3.33,-3.37666666666667
"270-2011-1-224",2021,2011,10.5,"dmp","not_detected",0,0,25.91,-1.8125,-3.27666666666667,-0.343333333333333,-0.893333333333333,-3.17
"270-2011-1-224",2022,2011,11.5,"dmp","not_detected",0,0,16.82,-1.96083333333333,-3.23,-2.95666666666667,0.08,-2.33
"270-2011-1-225",2011,2011,0.5,"dmp","Captured",1,1,28.86,-3.3625,-3.19333333333333,-4.41333333333333,-4.20666666666667,-1.53333333333333
"270-2011-1-225",2012,2011,1.5,"dmp","Alive-Cuddy",1,0,28.86,-0.763333333333333,1.29,-0.876666666666667,-1.53333333333333,-1.67333333333333
"270-2011-1-225",2013,2011,2.5,"dmp","Alive-Cuddy",1,0,36.82,-1.95083333333333,-3.10666666666667,-2.17666666666667,-1.04333333333333,-2.49333333333333
"270-2011-1-225",2014,2011,3.5,"dmp","Alive-Cuddy",1,0,42.5,-1.2175,-0.98,-2.16333333333333,-1.51333333333333,0.00666666666666666
"270-2011-1-225",2015,2011,4.5,"dmp","not_detected",0,0,48.41,1.83166666666667,2.94333333333333,3.56666666666667,0.42,0.223333333333333
"270-2011-1-225",2016,2011,5.5,"dmp","Captured",1,1,25.45,-0.574166666666667,-0.553333333333333,-0.816666666666667,-0.986666666666667,-0.183333333333333
"270-2011-1-225",2017,2011,6.5,"dmp","Alive-Cuddy",1,0,20.91,-0.921666666666667,-0.983333333333333,-1.73,-0.536666666666667,-0.11
"270-2011-1-225",2018,2011,7.5,"dmp","Captured",1,1,19.77,-0.465,-1.89,-2.77666666666667,2.41333333333333,-0.356666666666667
"270-2011-1-225",2019,2011,8.5,"dmp","Captured",1,1,23.86,-1.40833333333333,-0.516666666666667,-1.77,-2.95333333333333,1.45
"270-2011-1-225",2020,2011,9.5,"dmp","Alive-Cuddy",1,0,40.91,-3.4025,-3.32,-3.52,-3.33,-3.37666666666667
"270-2011-1-225",2021,2011,10.5,"dmp","Captured",1,1,25.91,-1.8125,-3.27666666666667,-0.343333333333333,-0.893333333333333,-3.17
"270-2011-1-225",2022,2011,11.5,"dmp","not_detected",0,0,16.82,-1.96083333333333,-3.23,-2.95666666666667,0.08,-2.33
"270-2011-1-242",2011,2011,0.5,"dmp","Captured",1,1,28.86,-3.3625,-3.19333333333333,-4.41333333333333,-4.20666666666667,-1.53333333333333
"270-2011-1-242",2012,2011,1.5,"dmp","Captured",1,1,28.86,-0.763333333333333,1.29,-0.876666666666667,-1.53333333333333,-1.67333333333333
"270-2011-1-242",2013,2011,2.5,"dmp","Captured",1,1,36.82,-1.95083333333333,-3.10666666666667,-2.17666666666667,-1.04333333333333,-2.49333333333333
"270-2011-1-242",2014,2011,3.5,"dmp","Alive-Cuddy",1,0,42.5,-1.2175,-0.98,-2.16333333333333,-1.51333333333333,0.00666666666666666
"270-2011-1-242",2015,2011,4.5,"dmp","Captured",1,1,48.41,1.83166666666667,2.94333333333333,3.56666666666667,0.42,0.223333333333333
"270-2011-1-242",2016,2011,5.5,"dmp","Captured",1,1,25.45,-0.574166666666667,-0.553333333333333,-0.816666666666667,-0.986666666666667,-0.183333333333333
"270-2011-1-242",2017,2011,6.5,"dmp","not_detected",0,0,20.91,-0.921666666666667,-0.983333333333333,-1.73,-0.536666666666667,-0.11
"270-2011-1-242",2018,2011,7.5,"dmp","Captured",1,1,19.77,-0.465,-1.89,-2.77666666666667,2.41333333333333,-0.356666666666667
"270-2011-1-242",2019,2011,8.5,"dmp","Captured",1,1,23.86,-1.40833333333333,-0.516666666666667,-1.77,-2.95333333333333,1.45
"270-2011-1-242",2020,2011,9.5,"dmp","not_detected",0,0,40.91,-3.4025,-3.32,-3.52,-3.33,-3.37666666666667
"270-2011-1-242",2021,2011,10.5,"dmp","Captured",1,1,25.91,-1.8125,-3.27666666666667,-0.343333333333333,-0.893333333333333,-3.17
"270-2011-1-242",2022,2011,11.5,"dmp","Harvested",2,2,16.82,-1.96083333333333,-3.23,-2.95666666666667,0.08,-2.33
"270-2011-1-243",2011,2011,0.5,"dmp","Captured",1,1,28.86,-3.3625,-3.19333333333333,-4.41333333333333,-4.20666666666667,-1.53333333333333
"270-2011-1-243",2012,2011,1.5,"dmp","not_detected",0,0,28.86,-0.763333333333333,1.29,-0.876666666666667,-1.53333333333333,-1.67333333333333
"270-2011-1-243",2013,2011,2.5,"dmp","not_detected",0,0,36.82,-1.95083333333333,-3.10666666666667,-2.17666666666667,-1.04333333333333,-2.49333333333333
"270-2011-1-243",2014,2011,3.5,"dmp","not_detected",0,0,42.5,-1.2175,-0.98,-2.16333333333333,-1.51333333333333,0.00666666666666666
"270-2011-1-243",2015,2011,4.5,"dmp","not_detected",0,0,48.41,1.83166666666667,2.94333333333333,3.56666666666667,0.42,0.223333333333333
"270-2011-1-243",2016,2011,5.5,"dmp","not_detected",0,0,25.45,-0.574166666666667,-0.553333333333333,-0.816666666666667,-0.986666666666667,-0.183333333333333
"270-2011-1-243",2017,2011,6.5,"dmp","not_detected",0,0,20.91,-0.921666666666667,-0.983333333333333,-1.73,-0.536666666666667,-0.11
"270-2011-1-243",2018,2011,7.5,"dmp","not_detected",0,0,19.77,-0.465,-1.89,-2.77666666666667,2.41333333333333,-0.356666666666667
"270-2011-1-243",2019,2011,8.5,"dmp","not_detected",0,0,23.86,-1.40833333333333,-0.516666666666667,-1.77,-2.95333333333333,1.45
"270-2011-1-243",2020,2011,9.5,"dmp","not_detected",0,0,40.91,-3.4025,-3.32,-3.52,-3.33,-3.37666666666667
"270-2011-1-243",2021,2011,10.5,"dmp","not_detected",0,0,25.91,-1.8125,-3.27666666666667,-0.343333333333333,-0.893333333333333,-3.17
"270-2011-1-243",2022,2011,11.5,"dmp","not_detected",0,0,16.82,-1.96083333333333,-3.23,-2.95666666666667,0.08,-2.33
"270-2011-1-244",2011,2011,0.5,"dmp","Captured",1,1,28.86,-3.3625,-3.19333333333333,-4.41333333333333,-4.20666666666667,-1.53333333333333
"270-2011-1-244",2012,2011,1.5,"dmp","Captured",1,1,28.86,-0.763333333333333,1.29,-0.876666666666667,-1.53333333333333,-1.67333333333333
"270-2011-1-244",2013,2011,2.5,"dmp","Captured",1,1,36.82,-1.95083333333333,-3.10666666666667,-2.17666666666667,-1.04333333333333,-2.49333333333333
"270-2011-1-244",2014,2011,3.5,"dmp","Captured",1,1,42.5,-1.2175,-0.98,-2.16333333333333,-1.51333333333333,0.00666666666666666
"270-2011-1-244",2015,2011,4.5,"dmp","not_detected",0,0,48.41,1.83166666666667,2.94333333333333,3.56666666666667,0.42,0.223333333333333
"270-2011-1-244",2016,2011,5.5,"dmp","not_detected",0,0,25.45,-0.574166666666667,-0.553333333333333,-0.816666666666667,-0.986666666666667,-0.183333333333333
"270-2011-1-244",2017,2011,6.5,"dmp","not_detected",0,0,20.91,-0.921666666666667,-0.983333333333333,-1.73,-0.536666666666667,-0.11
"270-2011-1-244",2018,2011,7.5,"dmp","not_detected",0,0,19.77,-0.465,-1.89,-2.77666666666667,2.41333333333333,-0.356666666666667
"270-2011-1-244",2019,2011,8.5,"dmp","not_detected",0,0,23.86,-1.40833333333333,-0.516666666666667,-1.77,-2.95333333333333,1.45
"270-2011-1-244",2020,2011,9.5,"dmp","not_detected",0,0,40.91,-3.4025,-3.32,-3.52,-3.33,-3.37666666666667
"270-2011-1-244",2021,2011,10.5,"dmp","not_detected",0,0,25.91,-1.8125,-3.27666666666667,-0.343333333333333,-0.893333333333333,-3.17
"270-2011-1-244",2022,2011,11.5,"dmp","not_detected",0,0,16.82,-1.96083333333333,-3.23,-2.95666666666667,0.08,-2.33
"270-2011-1-246",2011,2011,0.5,"dmp","Captured",1,1,28.86,-3.3625,-3.19333333333333,-4.41333333333333,-4.20666666666667,-1.53333333333333
"270-2011-1-246",2012,2011,1.5,"dmp","Alive-Cuddy",1,0,28.86,-0.763333333333333,1.29,-0.876666666666667,-1.53333333333333,-1.67333333333333
"270-2011-1-246",2013,2011,2.5,"dmp","Captured",1,1,36.82,-1.95083333333333,-3.10666666666667,-2.17666666666667,-1.04333333333333,-2.49333333333333
"270-2011-1-246",2014,2011,3.5,"dmp","Captured",1,1,42.5,-1.2175,-0.98,-2.16333333333333,-1.51333333333333,0.00666666666666666
"270-2011-1-246",2015,2011,4.5,"dmp","not_detected",0,0,48.41,1.83166666666667,2.94333333333333,3.56666666666667,0.42,0.223333333333333
"270-2011-1-246",2016,2011,5.5,"dmp","Captured",1,1,25.45,-0.574166666666667,-0.553333333333333,-0.816666666666667,-0.986666666666667,-0.183333333333333
"270-2011-1-246",2017,2011,6.5,"dmp","Captured",1,1,20.91,-0.921666666666667,-0.983333333333333,-1.73,-0.536666666666667,-0.11
"270-2011-1-246",2018,2011,7.5,"dmp","Captured",1,1,19.77,-0.465,-1.89,-2.77666666666667,2.41333333333333,-0.356666666666667
"270-2011-1-246",2019,2011,8.5,"dmp","Captured",1,1,23.86,-1.40833333333333,-0.516666666666667,-1.77,-2.95333333333333,1.45
"270-2011-1-246",2020,2011,9.5,"dmp","Captured",1,1,40.91,-3.4025,-3.32,-3.52,-3.33,-3.37666666666667
"270-2011-1-246",2021,2011,10.5,"dmp","Captured",1,1,25.91,-1.8125,-3.27666666666667,-0.343333333333333,-0.893333333333333,-3.17
"270-2011-1-246",2022,2011,11.5,"dmp","Captured",1,1,16.82,-1.96083333333333,-3.23,-2.95666666666667,0.08,-2.33
"270-2011-1-247",2011,2011,0.5,"dmp","Captured",1,1,28.86,-3.3625,-3.19333333333333,-4.41333333333333,-4.20666666666667,-1.53333333333333
"270-2011-1-247",2012,2011,1.5,"dmp","Captured",1,1,28.86,-0.763333333333333,1.29,-0.876666666666667,-1.53333333333333,-1.67333333333333
"270-2011-1-247",2013,2011,2.5,"dmp","Captured",1,1,36.82,-1.95083333333333,-3.10666666666667,-2.17666666666667,-1.04333333333333,-2.49333333333333
"270-2011-1-247",2014,2011,3.5,"dmp","Harvested",2,2,42.5,-1.2175,-0.98,-2.16333333333333,-1.51333333333333,0.00666666666666666
"270-2011-1-247",2015,2011,4.5,"dmp","not_detected",0,0,48.41,1.83166666666667,2.94333333333333,3.56666666666667,0.42,0.223333333333333
"270-2011-1-247",2016,2011,5.5,"dmp","not_detected",0,0,25.45,-0.574166666666667,-0.553333333333333,-0.816666666666667,-0.986666666666667,-0.183333333333333
"270-2011-1-247",2017,2011,6.5,"dmp","not_detected",0,0,20.91,-0.921666666666667,-0.983333333333333,-1.73,-0.536666666666667,-0.11
"270-2011-1-247",2018,2011,7.5,"dmp","not_detected",0,0,19.77,-0.465,-1.89,-2.77666666666667,2.41333333333333,-0.356666666666667
"270-2011-1-247",2019,2011,8.5,"dmp","not_detected",0,0,23.86,-1.40833333333333,-0.516666666666667,-1.77,-2.95333333333333,1.45
"270-2011-1-247",2020,2011,9.5,"dmp","not_detected",0,0,40.91,-3.4025,-3.32,-3.52,-3.33,-3.37666666666667
"270-2011-1-247",2021,2011,10.5,"dmp","not_detected",0,0,25.91,-1.8125,-3.27666666666667,-0.343333333333333,-0.893333333333333,-3.17
"270-2011-1-247",2022,2011,11.5,"dmp","not_detected",0,0,16.82,-1.96083333333333,-3.23,-2.95666666666667,0.08,-2.33
"270-2011-1-248",2011,2011,0.5,"dmp","Captured",1,1,28.86,-3.3625,-3.19333333333333,-4.41333333333333,-4.20666666666667,-1.53333333333333
"270-2011-1-248",2012,2011,1.5,"dmp","Captured",1,1,28.86,-0.763333333333333,1.29,-0.876666666666667,-1.53333333333333,-1.67333333333333
"270-2011-1-248",2013,2011,2.5,"dmp","Captured",1,1,36.82,-1.95083333333333,-3.10666666666667,-2.17666666666667,-1.04333333333333,-2.49333333333333
"270-2011-1-248",2014,2011,3.5,"dmp","not_detected",0,0,42.5,-1.2175,-0.98,-2.16333333333333,-1.51333333333333,0.00666666666666666
"270-2011-1-248",2015,2011,4.5,"dmp","Captured",1,1,48.41,1.83166666666667,2.94333333333333,3.56666666666667,0.42,0.223333333333333
"270-2011-1-248",2016,2011,5.5,"dmp","Captured",1,1,25.45,-0.574166666666667,-0.553333333333333,-0.816666666666667,-0.986666666666667,-0.183333333333333
"270-2011-1-248",2017,2011,6.5,"dmp","Alive-Cuddy",1,0,20.91,-0.921666666666667,-0.983333333333333,-1.73,-0.536666666666667,-0.11
"270-2011-1-248",2018,2011,7.5,"dmp","Alive-Cuddy",1,0,19.77,-0.465,-1.89,-2.77666666666667,2.41333333333333,-0.356666666666667
"270-2011-1-248",2019,2011,8.5,"dmp","Captured",1,1,23.86,-1.40833333333333,-0.516666666666667,-1.77,-2.95333333333333,1.45
"270-2011-1-248",2020,2011,9.5,"dmp","Alive-Cuddy",1,0,40.91,-3.4025,-3.32,-3.52,-3.33,-3.37666666666667
"270-2011-1-248",2021,2011,10.5,"dmp","Alive-Cuddy",1,0,25.91,-1.8125,-3.27666666666667,-0.343333333333333,-0.893333333333333,-3.17
"270-2011-1-248",2022,2011,11.5,"dmp","not_detected",0,0,16.82,-1.96083333333333,-3.23,-2.95666666666667,0.08,-2.33
"270-2011-1-249",2011,2011,0.5,"dmp","Captured",1,1,28.86,-3.3625,-3.19333333333333,-4.41333333333333,-4.20666666666667,-1.53333333333333
"270-2011-1-249",2012,2011,1.5,"dmp","not_detected",0,0,28.86,-0.763333333333333,1.29,-0.876666666666667,-1.53333333333333,-1.67333333333333
"270-2011-1-249",2013,2011,2.5,"dmp","Alive-Cuddy",1,0,36.82,-1.95083333333333,-3.10666666666667,-2.17666666666667,-1.04333333333333,-2.49333333333333
"270-2011-1-249",2014,2011,3.5,"dmp","Alive-Cuddy",1,0,42.5,-1.2175,-0.98,-2.16333333333333,-1.51333333333333,0.00666666666666666
"270-2011-1-249",2015,2011,4.5,"dmp","not_detected",0,0,48.41,1.83166666666667,2.94333333333333,3.56666666666667,0.42,0.223333333333333
"270-2011-1-249",2016,2011,5.5,"dmp","not_detected",0,0,25.45,-0.574166666666667,-0.553333333333333,-0.816666666666667,-0.986666666666667,-0.183333333333333
"270-2011-1-249",2017,2011,6.5,"dmp","not_detected",0,0,20.91,-0.921666666666667,-0.983333333333333,-1.73,-0.536666666666667,-0.11
"270-2011-1-249",2018,2011,7.5,"dmp","not_detected",0,0,19.77,-0.465,-1.89,-2.77666666666667,2.41333333333333,-0.356666666666667
"270-2011-1-249",2019,2011,8.5,"dmp","not_detected",0,0,23.86,-1.40833333333333,-0.516666666666667,-1.77,-2.95333333333333,1.45
"270-2011-1-249",2020,2011,9.5,"dmp","not_detected",0,0,40.91,-3.4025,-3.32,-3.52,-3.33,-3.37666666666667
"270-2011-1-249",2021,2011,10.5,"dmp","not_detected",0,0,25.91,-1.8125,-3.27666666666667,-0.343333333333333,-0.893333333333333,-3.17
"270-2011-1-249",2022,2011,11.5,"dmp","not_detected",0,0,16.82,-1.96083333333333,-3.23,-2.95666666666667,0.08,-2.33
"270-2011-1-250",2011,2011,0.5,"dmp","Captured",1,1,28.86,-3.3625,-3.19333333333333,-4.41333333333333,-4.20666666666667,-1.53333333333333
"270-2011-1-250",2012,2011,1.5,"dmp","Captured",1,1,28.86,-0.763333333333333,1.29,-0.876666666666667,-1.53333333333333,-1.67333333333333
"270-2011-1-250",2013,2011,2.5,"dmp","Captured",1,1,36.82,-1.95083333333333,-3.10666666666667,-2.17666666666667,-1.04333333333333,-2.49333333333333
"270-2011-1-250",2014,2011,3.5,"dmp","Alive-Cuddy",1,0,42.5,-1.2175,-0.98,-2.16333333333333,-1.51333333333333,0.00666666666666666
"270-2011-1-250",2015,2011,4.5,"dmp","Captured",1,1,48.41,1.83166666666667,2.94333333333333,3.56666666666667,0.42,0.223333333333333
"270-2011-1-250",2016,2011,5.5,"dmp","Alive-Cuddy",1,0,25.45,-0.574166666666667,-0.553333333333333,-0.816666666666667,-0.986666666666667,-0.183333333333333
"270-2011-1-250",2017,2011,6.5,"dmp","not_detected",0,0,20.91,-0.921666666666667,-0.983333333333333,-1.73,-0.536666666666667,-0.11
"270-2011-1-250",2018,2011,7.5,"dmp","not_detected",0,0,19.77,-0.465,-1.89,-2.77666666666667,2.41333333333333,-0.356666666666667
"270-2011-1-250",2019,2011,8.5,"dmp","not_detected",0,0,23.86,-1.40833333333333,-0.516666666666667,-1.77,-2.95333333333333,1.45
"270-2011-1-250",2020,2011,9.5,"dmp","not_detected",0,0,40.91,-3.4025,-3.32,-3.52,-3.33,-3.37666666666667
"270-2011-1-250",2021,2011,10.5,"dmp","not_detected",0,0,25.91,-1.8125,-3.27666666666667,-0.343333333333333,-0.893333333333333,-3.17
"270-2011-1-250",2022,2011,11.5,"dmp","not_detected",0,0,16.82,-1.96083333333333,-3.23,-2.95666666666667,0.08,-2.33
"270-2011-1-260",2011,2011,0.5,"dmp","Captured",1,1,28.86,-3.3625,-3.19333333333333,-4.41333333333333,-4.20666666666667,-1.53333333333333
"270-2011-1-260",2012,2011,1.5,"dmp","Captured",1,1,28.86,-0.763333333333333,1.29,-0.876666666666667,-1.53333333333333,-1.67333333333333
"270-2011-1-260",2013,2011,2.5,"dmp","Captured",1,1,36.82,-1.95083333333333,-3.10666666666667,-2.17666666666667,-1.04333333333333,-2.49333333333333
"270-2011-1-260",2014,2011,3.5,"dmp","Captured",1,1,42.5,-1.2175,-0.98,-2.16333333333333,-1.51333333333333,0.00666666666666666
"270-2011-1-260",2015,2011,4.5,"dmp","Captured",1,1,48.41,1.83166666666667,2.94333333333333,3.56666666666667,0.42,0.223333333333333
"270-2011-1-260",2016,2011,5.5,"dmp","Captured",1,1,25.45,-0.574166666666667,-0.553333333333333,-0.816666666666667,-0.986666666666667,-0.183333333333333
"270-2011-1-260",2017,2011,6.5,"dmp","Captured",1,1,20.91,-0.921666666666667,-0.983333333333333,-1.73,-0.536666666666667,-0.11
"270-2011-1-260",2018,2011,7.5,"dmp","Captured",1,1,19.77,-0.465,-1.89,-2.77666666666667,2.41333333333333,-0.356666666666667
"270-2011-1-260",2019,2011,8.5,"dmp","Captured",1,1,23.86,-1.40833333333333,-0.516666666666667,-1.77,-2.95333333333333,1.45
"270-2011-1-260",2020,2011,9.5,"dmp","Alive-Cuddy",1,0,40.91,-3.4025,-3.32,-3.52,-3.33,-3.37666666666667
"270-2011-1-260",2021,2011,10.5,"dmp","Captured",1,1,25.91,-1.8125,-3.27666666666667,-0.343333333333333,-0.893333333333333,-3.17
"270-2011-1-260",2022,2011,11.5,"dmp","Captured",1,1,16.82,-1.96083333333333,-3.23,-2.95666666666667,0.08,-2.33
"270-2011-1-261",2011,2011,0.5,"dmp","Captured",1,1,28.86,-3.3625,-3.19333333333333,-4.41333333333333,-4.20666666666667,-1.53333333333333
"270-2011-1-261",2012,2011,1.5,"dmp","Captured",1,1,28.86,-0.763333333333333,1.29,-0.876666666666667,-1.53333333333333,-1.67333333333333
"270-2011-1-261",2013,2011,2.5,"dmp","Alive-Cuddy",1,0,36.82,-1.95083333333333,-3.10666666666667,-2.17666666666667,-1.04333333333333,-2.49333333333333
"270-2011-1-261",2014,2011,3.5,"dmp","Captured",1,1,42.5,-1.2175,-0.98,-2.16333333333333,-1.51333333333333,0.00666666666666666
"270-2011-1-261",2015,2011,4.5,"dmp","Captured",1,1,48.41,1.83166666666667,2.94333333333333,3.56666666666667,0.42,0.223333333333333
"270-2011-1-261",2016,2011,5.5,"dmp","Captured",1,1,25.45,-0.574166666666667,-0.553333333333333,-0.816666666666667,-0.986666666666667,-0.183333333333333
"270-2011-1-261",2017,2011,6.5,"dmp","Captured",1,1,20.91,-0.921666666666667,-0.983333333333333,-1.73,-0.536666666666667,-0.11
"270-2011-1-261",2018,2011,7.5,"dmp","Captured",1,1,19.77,-0.465,-1.89,-2.77666666666667,2.41333333333333,-0.356666666666667
"270-2011-1-261",2019,2011,8.5,"dmp","Captured",1,1,23.86,-1.40833333333333,-0.516666666666667,-1.77,-2.95333333333333,1.45
"270-2011-1-261",2020,2011,9.5,"dmp","Captured",1,1,40.91,-3.4025,-3.32,-3.52,-3.33,-3.37666666666667
"270-2011-1-261",2021,2011,10.5,"dmp","not_detected",0,0,25.91,-1.8125,-3.27666666666667,-0.343333333333333,-0.893333333333333,-3.17
"270-2011-1-261",2022,2011,11.5,"dmp","not_detected",0,0,16.82,-1.96083333333333,-3.23,-2.95666666666667,0.08,-2.33
"270-2011-1-266",2011,2011,0.5,"dmp","Captured",1,1,28.86,-3.3625,-3.19333333333333,-4.41333333333333,-4.20666666666667,-1.53333333333333
"270-2011-1-266",2012,2011,1.5,"dmp","not_detected",0,0,28.86,-0.763333333333333,1.29,-0.876666666666667,-1.53333333333333,-1.67333333333333
"270-2011-1-266",2013,2011,2.5,"dmp","not_detected",0,0,36.82,-1.95083333333333,-3.10666666666667,-2.17666666666667,-1.04333333333333,-2.49333333333333
"270-2011-1-266",2014,2011,3.5,"dmp","not_detected",0,0,42.5,-1.2175,-0.98,-2.16333333333333,-1.51333333333333,0.00666666666666666
"270-2011-1-266",2015,2011,4.5,"dmp","not_detected",0,0,48.41,1.83166666666667,2.94333333333333,3.56666666666667,0.42,0.223333333333333
"270-2011-1-266",2016,2011,5.5,"dmp","not_detected",0,0,25.45,-0.574166666666667,-0.553333333333333,-0.816666666666667,-0.986666666666667,-0.183333333333333
"270-2011-1-266",2017,2011,6.5,"dmp","not_detected",0,0,20.91,-0.921666666666667,-0.983333333333333,-1.73,-0.536666666666667,-0.11
"270-2011-1-266",2018,2011,7.5,"dmp","not_detected",0,0,19.77,-0.465,-1.89,-2.77666666666667,2.41333333333333,-0.356666666666667
"270-2011-1-266",2019,2011,8.5,"dmp","not_detected",0,0,23.86,-1.40833333333333,-0.516666666666667,-1.77,-2.95333333333333,1.45
"270-2011-1-266",2020,2011,9.5,"dmp","not_detected",0,0,40.91,-3.4025,-3.32,-3.52,-3.33,-3.37666666666667
"270-2011-1-266",2021,2011,10.5,"dmp","not_detected",0,0,25.91,-1.8125,-3.27666666666667,-0.343333333333333,-0.893333333333333,-3.17
"270-2011-1-266",2022,2011,11.5,"dmp","not_detected",0,0,16.82,-1.96083333333333,-3.23,-2.95666666666667,0.08,-2.33
"270-2011-1-268",2011,2011,0.5,"dmp","Captured",1,1,28.86,-3.3625,-3.19333333333333,-4.41333333333333,-4.20666666666667,-1.53333333333333
"270-2011-1-268",2012,2011,1.5,"dmp","Captured",1,1,28.86,-0.763333333333333,1.29,-0.876666666666667,-1.53333333333333,-1.67333333333333
"270-2011-1-268",2013,2011,2.5,"dmp","Captured",1,1,36.82,-1.95083333333333,-3.10666666666667,-2.17666666666667,-1.04333333333333,-2.49333333333333
"270-2011-1-268",2014,2011,3.5,"dmp","Captured",1,1,42.5,-1.2175,-0.98,-2.16333333333333,-1.51333333333333,0.00666666666666666
"270-2011-1-268",2015,2011,4.5,"dmp","Alive-Cuddy",1,0,48.41,1.83166666666667,2.94333333333333,3.56666666666667,0.42,0.223333333333333
"270-2011-1-268",2016,2011,5.5,"dmp","Captured",1,1,25.45,-0.574166666666667,-0.553333333333333,-0.816666666666667,-0.986666666666667,-0.183333333333333
"270-2011-1-268",2017,2011,6.5,"dmp","Captured",1,1,20.91,-0.921666666666667,-0.983333333333333,-1.73,-0.536666666666667,-0.11
"270-2011-1-268",2018,2011,7.5,"dmp","not_detected",0,0,19.77,-0.465,-1.89,-2.77666666666667,2.41333333333333,-0.356666666666667
"270-2011-1-268",2019,2011,8.5,"dmp","not_detected",0,0,23.86,-1.40833333333333,-0.516666666666667,-1.77,-2.95333333333333,1.45
"270-2011-1-268",2020,2011,9.5,"dmp","not_detected",0,0,40.91,-3.4025,-3.32,-3.52,-3.33,-3.37666666666667
"270-2011-1-268",2021,2011,10.5,"dmp","not_detected",0,0,25.91,-1.8125,-3.27666666666667,-0.343333333333333,-0.893333333333333,-3.17
"270-2011-1-268",2022,2011,11.5,"dmp","not_detected",0,0,16.82,-1.96083333333333,-3.23,-2.95666666666667,0.08,-2.33
"270-2011-1-269",2011,2011,0.5,"dmp","Captured",1,1,28.86,-3.3625,-3.19333333333333,-4.41333333333333,-4.20666666666667,-1.53333333333333
"270-2011-1-269",2012,2011,1.5,"dmp","Captured",1,1,28.86,-0.763333333333333,1.29,-0.876666666666667,-1.53333333333333,-1.67333333333333
"270-2011-1-269",2013,2011,2.5,"dmp","Captured",1,1,36.82,-1.95083333333333,-3.10666666666667,-2.17666666666667,-1.04333333333333,-2.49333333333333
"270-2011-1-269",2014,2011,3.5,"dmp","Captured",1,1,42.5,-1.2175,-0.98,-2.16333333333333,-1.51333333333333,0.00666666666666666
"270-2011-1-269",2015,2011,4.5,"dmp","Captured",1,1,48.41,1.83166666666667,2.94333333333333,3.56666666666667,0.42,0.223333333333333
"270-2011-1-269",2016,2011,5.5,"dmp","Captured",1,1,25.45,-0.574166666666667,-0.553333333333333,-0.816666666666667,-0.986666666666667,-0.183333333333333
"270-2011-1-269",2017,2011,6.5,"dmp","Captured",1,1,20.91,-0.921666666666667,-0.983333333333333,-1.73,-0.536666666666667,-0.11
"270-2011-1-269",2018,2011,7.5,"dmp","Captured",1,1,19.77,-0.465,-1.89,-2.77666666666667,2.41333333333333,-0.356666666666667
"270-2011-1-269",2019,2011,8.5,"dmp","Captured",1,1,23.86,-1.40833333333333,-0.516666666666667,-1.77,-2.95333333333333,1.45
"270-2011-1-269",2020,2011,9.5,"dmp","Captured",1,1,40.91,-3.4025,-3.32,-3.52,-3.33,-3.37666666666667
"270-2011-1-269",2021,2011,10.5,"dmp","Captured",1,1,25.91,-1.8125,-3.27666666666667,-0.343333333333333,-0.893333333333333,-3.17
"270-2011-1-269",2022,2011,11.5,"dmp","not_detected",0,0,16.82,-1.96083333333333,-3.23,-2.95666666666667,0.08,-2.33
"270-2011-1-295",2011,2011,0.5,"dmp","Captured",1,1,28.86,-3.3625,-3.19333333333333,-4.41333333333333,-4.20666666666667,-1.53333333333333
"270-2011-1-295",2012,2011,1.5,"dmp","Captured",1,1,28.86,-0.763333333333333,1.29,-0.876666666666667,-1.53333333333333,-1.67333333333333
"270-2011-1-295",2013,2011,2.5,"dmp","Captured",1,1,36.82,-1.95083333333333,-3.10666666666667,-2.17666666666667,-1.04333333333333,-2.49333333333333
"270-2011-1-295",2014,2011,3.5,"dmp","Captured",1,1,42.5,-1.2175,-0.98,-2.16333333333333,-1.51333333333333,0.00666666666666666
"270-2011-1-295",2015,2011,4.5,"dmp","Alive-Cuddy",1,0,48.41,1.83166666666667,2.94333333333333,3.56666666666667,0.42,0.223333333333333
"270-2011-1-295",2016,2011,5.5,"dmp","Captured",1,1,25.45,-0.574166666666667,-0.553333333333333,-0.816666666666667,-0.986666666666667,-0.183333333333333
"270-2011-1-295",2017,2011,6.5,"dmp","Alive-Cuddy",1,0,20.91,-0.921666666666667,-0.983333333333333,-1.73,-0.536666666666667,-0.11
"270-2011-1-295",2018,2011,7.5,"dmp","Captured",1,1,19.77,-0.465,-1.89,-2.77666666666667,2.41333333333333,-0.356666666666667
"270-2011-1-295",2019,2011,8.5,"dmp","Nat Mortality",2,2,23.86,-1.40833333333333,-0.516666666666667,-1.77,-2.95333333333333,1.45
"270-2011-1-295",2020,2011,9.5,"dmp","Alive-Cuddy",1,0,40.91,-3.4025,-3.32,-3.52,-3.33,-3.37666666666667
"270-2011-1-295",2021,2011,10.5,"dmp","not_detected",0,0,25.91,-1.8125,-3.27666666666667,-0.343333333333333,-0.893333333333333,-3.17
"270-2011-1-295",2022,2011,11.5,"dmp","not_detected",0,0,16.82,-1.96083333333333,-3.23,-2.95666666666667,0.08,-2.33
"270-2011-1-300",2011,2011,0.5,"dmp","Captured",1,1,28.86,-3.3625,-3.19333333333333,-4.41333333333333,-4.20666666666667,-1.53333333333333
"270-2011-1-300",2012,2011,1.5,"dmp","not_detected",0,0,28.86,-0.763333333333333,1.29,-0.876666666666667,-1.53333333333333,-1.67333333333333
"270-2011-1-300",2013,2011,2.5,"dmp","not_detected",0,0,36.82,-1.95083333333333,-3.10666666666667,-2.17666666666667,-1.04333333333333,-2.49333333333333
"270-2011-1-300",2014,2011,3.5,"dmp","not_detected",0,0,42.5,-1.2175,-0.98,-2.16333333333333,-1.51333333333333,0.00666666666666666
"270-2011-1-300",2015,2011,4.5,"dmp","not_detected",0,0,48.41,1.83166666666667,2.94333333333333,3.56666666666667,0.42,0.223333333333333
"270-2011-1-300",2016,2011,5.5,"dmp","not_detected",0,0,25.45,-0.574166666666667,-0.553333333333333,-0.816666666666667,-0.986666666666667,-0.183333333333333
"270-2011-1-300",2017,2011,6.5,"dmp","not_detected",0,0,20.91,-0.921666666666667,-0.983333333333333,-1.73,-0.536666666666667,-0.11
"270-2011-1-300",2018,2011,7.5,"dmp","not_detected",0,0,19.77,-0.465,-1.89,-2.77666666666667,2.41333333333333,-0.356666666666667
"270-2011-1-300",2019,2011,8.5,"dmp","not_detected",0,0,23.86,-1.40833333333333,-0.516666666666667,-1.77,-2.95333333333333,1.45
"270-2011-1-300",2020,2011,9.5,"dmp","not_detected",0,0,40.91,-3.4025,-3.32,-3.52,-3.33,-3.37666666666667
"270-2011-1-300",2021,2011,10.5,"dmp","not_detected",0,0,25.91,-1.8125,-3.27666666666667,-0.343333333333333,-0.893333333333333,-3.17
"270-2011-1-300",2022,2011,11.5,"dmp","not_detected",0,0,16.82,-1.96083333333333,-3.23,-2.95666666666667,0.08,-2.33
"270-2011-1-318",2011,2011,0.5,"dmp","Captured",1,1,28.86,-3.3625,-3.19333333333333,-4.41333333333333,-4.20666666666667,-1.53333333333333
"270-2011-1-318",2012,2011,1.5,"dmp","not_detected",0,0,28.86,-0.763333333333333,1.29,-0.876666666666667,-1.53333333333333,-1.67333333333333
"270-2011-1-318",2013,2011,2.5,"dmp","not_detected",0,0,36.82,-1.95083333333333,-3.10666666666667,-2.17666666666667,-1.04333333333333,-2.49333333333333
"270-2011-1-318",2014,2011,3.5,"dmp","not_detected",0,0,42.5,-1.2175,-0.98,-2.16333333333333,-1.51333333333333,0.00666666666666666
"270-2011-1-318",2015,2011,4.5,"dmp","not_detected",0,0,48.41,1.83166666666667,2.94333333333333,3.56666666666667,0.42,0.223333333333333
"270-2011-1-318",2016,2011,5.5,"dmp","not_detected",0,0,25.45,-0.574166666666667,-0.553333333333333,-0.816666666666667,-0.986666666666667,-0.183333333333333
"270-2011-1-318",2017,2011,6.5,"dmp","not_detected",0,0,20.91,-0.921666666666667,-0.983333333333333,-1.73,-0.536666666666667,-0.11
"270-2011-1-318",2018,2011,7.5,"dmp","not_detected",0,0,19.77,-0.465,-1.89,-2.77666666666667,2.41333333333333,-0.356666666666667
"270-2011-1-318",2019,2011,8.5,"dmp","not_detected",0,0,23.86,-1.40833333333333,-0.516666666666667,-1.77,-2.95333333333333,1.45
"270-2011-1-318",2020,2011,9.5,"dmp","not_detected",0,0,40.91,-3.4025,-3.32,-3.52,-3.33,-3.37666666666667
"270-2011-1-318",2021,2011,10.5,"dmp","not_detected",0,0,25.91,-1.8125,-3.27666666666667,-0.343333333333333,-0.893333333333333,-3.17
"270-2011-1-318",2022,2011,11.5,"dmp","not_detected",0,0,16.82,-1.96083333333333,-3.23,-2.95666666666667,0.08,-2.33
"270-2011-1-321",2011,2011,0.5,"dmp","Captured",1,1,28.86,-3.3625,-3.19333333333333,-4.41333333333333,-4.20666666666667,-1.53333333333333
"270-2011-1-321",2012,2011,1.5,"dmp","Alive-Cuddy",1,0,28.86,-0.763333333333333,1.29,-0.876666666666667,-1.53333333333333,-1.67333333333333
"270-2011-1-321",2013,2011,2.5,"dmp","Alive-Cuddy",1,0,36.82,-1.95083333333333,-3.10666666666667,-2.17666666666667,-1.04333333333333,-2.49333333333333
"270-2011-1-321",2014,2011,3.5,"dmp","not_detected",0,0,42.5,-1.2175,-0.98,-2.16333333333333,-1.51333333333333,0.00666666666666666
"270-2011-1-321",2015,2011,4.5,"dmp","not_detected",0,0,48.41,1.83166666666667,2.94333333333333,3.56666666666667,0.42,0.223333333333333
"270-2011-1-321",2016,2011,5.5,"dmp","not_detected",0,0,25.45,-0.574166666666667,-0.553333333333333,-0.816666666666667,-0.986666666666667,-0.183333333333333
"270-2011-1-321",2017,2011,6.5,"dmp","not_detected",0,0,20.91,-0.921666666666667,-0.983333333333333,-1.73,-0.536666666666667,-0.11
"270-2011-1-321",2018,2011,7.5,"dmp","not_detected",0,0,19.77,-0.465,-1.89,-2.77666666666667,2.41333333333333,-0.356666666666667
"270-2011-1-321",2019,2011,8.5,"dmp","not_detected",0,0,23.86,-1.40833333333333,-0.516666666666667,-1.77,-2.95333333333333,1.45
"270-2011-1-321",2020,2011,9.5,"dmp","not_detected",0,0,40.91,-3.4025,-3.32,-3.52,-3.33,-3.37666666666667
"270-2011-1-321",2021,2011,10.5,"dmp","not_detected",0,0,25.91,-1.8125,-3.27666666666667,-0.343333333333333,-0.893333333333333,-3.17
"270-2011-1-321",2022,2011,11.5,"dmp","not_detected",0,0,16.82,-1.96083333333333,-3.23,-2.95666666666667,0.08,-2.33
"270-2011-1-322",2011,2011,0.5,"dmp","Captured",1,1,28.86,-3.3625,-3.19333333333333,-4.41333333333333,-4.20666666666667,-1.53333333333333
"270-2011-1-322",2012,2011,1.5,"dmp","Captured",1,1,28.86,-0.763333333333333,1.29,-0.876666666666667,-1.53333333333333,-1.67333333333333
"270-2011-1-322",2013,2011,2.5,"dmp","Captured",1,1,36.82,-1.95083333333333,-3.10666666666667,-2.17666666666667,-1.04333333333333,-2.49333333333333
"270-2011-1-322",2014,2011,3.5,"dmp","Captured",1,1,42.5,-1.2175,-0.98,-2.16333333333333,-1.51333333333333,0.00666666666666666
"270-2011-1-322",2015,2011,4.5,"dmp","Captured",1,1,48.41,1.83166666666667,2.94333333333333,3.56666666666667,0.42,0.223333333333333
"270-2011-1-322",2016,2011,5.5,"dmp","Captured",1,1,25.45,-0.574166666666667,-0.553333333333333,-0.816666666666667,-0.986666666666667,-0.183333333333333
"270-2011-1-322",2017,2011,6.5,"dmp","Captured",1,1,20.91,-0.921666666666667,-0.983333333333333,-1.73,-0.536666666666667,-0.11
"270-2011-1-322",2018,2011,7.5,"dmp","Captured",1,1,19.77,-0.465,-1.89,-2.77666666666667,2.41333333333333,-0.356666666666667
"270-2011-1-322",2019,2011,8.5,"dmp","Nat Mortality",2,2,23.86,-1.40833333333333,-0.516666666666667,-1.77,-2.95333333333333,1.45
"270-2011-1-322",2020,2011,9.5,"dmp","not_detected",0,0,40.91,-3.4025,-3.32,-3.52,-3.33,-3.37666666666667
"270-2011-1-322",2021,2011,10.5,"dmp","not_detected",0,0,25.91,-1.8125,-3.27666666666667,-0.343333333333333,-0.893333333333333,-3.17
"270-2011-1-322",2022,2011,11.5,"dmp","not_detected",0,0,16.82,-1.96083333333333,-3.23,-2.95666666666667,0.08,-2.33
"270-2011-1-333",2011,2011,0.5,"dmp","Captured",1,1,28.86,-3.3625,-3.19333333333333,-4.41333333333333,-4.20666666666667,-1.53333333333333
"270-2011-1-333",2012,2011,1.5,"dmp","Captured",1,1,28.86,-0.763333333333333,1.29,-0.876666666666667,-1.53333333333333,-1.67333333333333
"270-2011-1-333",2013,2011,2.5,"dmp","Captured",1,1,36.82,-1.95083333333333,-3.10666666666667,-2.17666666666667,-1.04333333333333,-2.49333333333333
"270-2011-1-333",2014,2011,3.5,"dmp","Captured",1,1,42.5,-1.2175,-0.98,-2.16333333333333,-1.51333333333333,0.00666666666666666
"270-2011-1-333",2015,2011,4.5,"dmp","Captured",1,1,48.41,1.83166666666667,2.94333333333333,3.56666666666667,0.42,0.223333333333333
"270-2011-1-333",2016,2011,5.5,"dmp","Captured",1,1,25.45,-0.574166666666667,-0.553333333333333,-0.816666666666667,-0.986666666666667,-0.183333333333333
"270-2011-1-333",2017,2011,6.5,"dmp","Captured",1,1,20.91,-0.921666666666667,-0.983333333333333,-1.73,-0.536666666666667,-0.11
"270-2011-1-333",2018,2011,7.5,"dmp","Captured",1,1,19.77,-0.465,-1.89,-2.77666666666667,2.41333333333333,-0.356666666666667
"270-2011-1-333",2019,2011,8.5,"dmp","Captured",1,1,23.86,-1.40833333333333,-0.516666666666667,-1.77,-2.95333333333333,1.45
"270-2011-1-333",2020,2011,9.5,"dmp","Captured",1,1,40.91,-3.4025,-3.32,-3.52,-3.33,-3.37666666666667
"270-2011-1-333",2021,2011,10.5,"dmp","Captured",1,1,25.91,-1.8125,-3.27666666666667,-0.343333333333333,-0.893333333333333,-3.17
"270-2011-1-333",2022,2011,11.5,"dmp","Captured",1,1,16.82,-1.96083333333333,-3.23,-2.95666666666667,0.08,-2.33
"270-2012-0-152",2012,2012,0.5,"wy","Captured",1,1,28.86,-0.763333333333333,1.29,-0.876666666666667,-1.53333333333333,-1.67333333333333
"270-2012-0-152",2013,2012,1.5,"wy","not_detected",0,0,36.82,-1.95083333333333,-3.10666666666667,-2.17666666666667,-1.04333333333333,-2.49333333333333
"270-2012-0-152",2014,2012,2.5,"wy","not_detected",0,0,42.5,-1.2175,-0.98,-2.16333333333333,-1.51333333333333,0.00666666666666666
"270-2012-0-152",2015,2012,3.5,"wy","not_detected",0,0,48.41,1.83166666666667,2.94333333333333,3.56666666666667,0.42,0.223333333333333
"270-2012-0-152",2016,2012,4.5,"wy","not_detected",0,0,25.45,-0.574166666666667,-0.553333333333333,-0.816666666666667,-0.986666666666667,-0.183333333333333
"270-2012-0-152",2017,2012,5.5,"wy","not_detected",0,0,20.91,-0.921666666666667,-0.983333333333333,-1.73,-0.536666666666667,-0.11
"270-2012-0-152",2018,2012,6.5,"wy","not_detected",0,0,19.77,-0.465,-1.89,-2.77666666666667,2.41333333333333,-0.356666666666667
"270-2012-0-152",2019,2012,7.5,"wy","not_detected",0,0,23.86,-1.40833333333333,-0.516666666666667,-1.77,-2.95333333333333,1.45
"270-2012-0-152",2020,2012,8.5,"wy","not_detected",0,0,40.91,-3.4025,-3.32,-3.52,-3.33,-3.37666666666667
"270-2012-0-152",2021,2012,9.5,"wy","not_detected",0,0,25.91,-1.8125,-3.27666666666667,-0.343333333333333,-0.893333333333333,-3.17
"270-2012-0-152",2022,2012,10.5,"wy","not_detected",0,0,16.82,-1.96083333333333,-3.23,-2.95666666666667,0.08,-2.33
"270-2012-0-153",2012,2012,0.5,"wy","Captured",1,1,28.86,-0.763333333333333,1.29,-0.876666666666667,-1.53333333333333,-1.67333333333333
"270-2012-0-153",2013,2012,1.5,"wy","Captured",1,1,36.82,-1.95083333333333,-3.10666666666667,-2.17666666666667,-1.04333333333333,-2.49333333333333
"270-2012-0-153",2014,2012,2.5,"wy","Alive-Cuddy",1,0,42.5,-1.2175,-0.98,-2.16333333333333,-1.51333333333333,0.00666666666666666
"270-2012-0-153",2015,2012,3.5,"wy","Captured",1,1,48.41,1.83166666666667,2.94333333333333,3.56666666666667,0.42,0.223333333333333
"270-2012-0-153",2016,2012,4.5,"wy","Alive-Cuddy",1,0,25.45,-0.574166666666667,-0.553333333333333,-0.816666666666667,-0.986666666666667,-0.183333333333333
"270-2012-0-153",2017,2012,5.5,"wy","Captured",1,1,20.91,-0.921666666666667,-0.983333333333333,-1.73,-0.536666666666667,-0.11
"270-2012-0-153",2018,2012,6.5,"wy","Captured",1,1,19.77,-0.465,-1.89,-2.77666666666667,2.41333333333333,-0.356666666666667
"270-2012-0-153",2019,2012,7.5,"wy","Alive-Cuddy",1,0,23.86,-1.40833333333333,-0.516666666666667,-1.77,-2.95333333333333,1.45
"270-2012-0-153",2020,2012,8.5,"wy","Captured",1,1,40.91,-3.4025,-3.32,-3.52,-3.33,-3.37666666666667
"270-2012-0-153",2021,2012,9.5,"wy","Captured",1,1,25.91,-1.8125,-3.27666666666667,-0.343333333333333,-0.893333333333333,-3.17
"270-2012-0-153",2022,2012,10.5,"wy","not_detected",0,0,16.82,-1.96083333333333,-3.23,-2.95666666666667,0.08,-2.33
"270-2012-0-330",2012,2012,0.5,"wy","Captured",1,1,28.86,-0.763333333333333,1.29,-0.876666666666667,-1.53333333333333,-1.67333333333333
"270-2012-0-330",2013,2012,1.5,"wy","Captured",1,1,36.82,-1.95083333333333,-3.10666666666667,-2.17666666666667,-1.04333333333333,-2.49333333333333
"270-2012-0-330",2014,2012,2.5,"wy","Captured",1,1,42.5,-1.2175,-0.98,-2.16333333333333,-1.51333333333333,0.00666666666666666
"270-2012-0-330",2015,2012,3.5,"wy","Captured",1,1,48.41,1.83166666666667,2.94333333333333,3.56666666666667,0.42,0.223333333333333
"270-2012-0-330",2016,2012,4.5,"wy","Captured",1,1,25.45,-0.574166666666667,-0.553333333333333,-0.816666666666667,-0.986666666666667,-0.183333333333333
"270-2012-0-330",2017,2012,5.5,"wy","Captured",1,1,20.91,-0.921666666666667,-0.983333333333333,-1.73,-0.536666666666667,-0.11
"270-2012-0-330",2018,2012,6.5,"wy","Captured",1,1,19.77,-0.465,-1.89,-2.77666666666667,2.41333333333333,-0.356666666666667
"270-2012-0-330",2019,2012,7.5,"wy","Captured",1,1,23.86,-1.40833333333333,-0.516666666666667,-1.77,-2.95333333333333,1.45
"270-2012-0-330",2020,2012,8.5,"wy","Captured",1,1,40.91,-3.4025,-3.32,-3.52,-3.33,-3.37666666666667
"270-2012-0-330",2021,2012,9.5,"wy","not_detected",0,0,25.91,-1.8125,-3.27666666666667,-0.343333333333333,-0.893333333333333,-3.17
"270-2012-0-330",2022,2012,10.5,"wy","Alive-Cuddy",1,0,16.82,-1.96083333333333,-3.23,-2.95666666666667,0.08,-2.33
"270-2012-0-331",2012,2012,0.5,"wy","Captured",1,1,28.86,-0.763333333333333,1.29,-0.876666666666667,-1.53333333333333,-1.67333333333333
"270-2012-0-331",2013,2012,1.5,"wy","Captured",1,1,36.82,-1.95083333333333,-3.10666666666667,-2.17666666666667,-1.04333333333333,-2.49333333333333
"270-2012-0-331",2014,2012,2.5,"wy","Captured",1,1,42.5,-1.2175,-0.98,-2.16333333333333,-1.51333333333333,0.00666666666666666
"270-2012-0-331",2015,2012,3.5,"wy","Alive-Cuddy",1,0,48.41,1.83166666666667,2.94333333333333,3.56666666666667,0.42,0.223333333333333
"270-2012-0-331",2016,2012,4.5,"wy","Captured",1,1,25.45,-0.574166666666667,-0.553333333333333,-0.816666666666667,-0.986666666666667,-0.183333333333333
"270-2012-0-331",2017,2012,5.5,"wy","not_detected",0,0,20.91,-0.921666666666667,-0.983333333333333,-1.73,-0.536666666666667,-0.11
"270-2012-0-331",2018,2012,6.5,"wy","not_detected",0,0,19.77,-0.465,-1.89,-2.77666666666667,2.41333333333333,-0.356666666666667
"270-2012-0-331",2019,2012,7.5,"wy","not_detected",0,0,23.86,-1.40833333333333,-0.516666666666667,-1.77,-2.95333333333333,1.45
"270-2012-0-331",2020,2012,8.5,"wy","not_detected",0,0,40.91,-3.4025,-3.32,-3.52,-3.33,-3.37666666666667
"270-2012-0-331",2021,2012,9.5,"wy","not_detected",0,0,25.91,-1.8125,-3.27666666666667,-0.343333333333333,-0.893333333333333,-3.17
"270-2012-0-331",2022,2012,10.5,"wy","not_detected",0,0,16.82,-1.96083333333333,-3.23,-2.95666666666667,0.08,-2.33
"270-2012-0-332",2012,2012,0.5,"wy","Captured",1,1,28.86,-0.763333333333333,1.29,-0.876666666666667,-1.53333333333333,-1.67333333333333
"270-2012-0-332",2013,2012,1.5,"wy","Captured",1,1,36.82,-1.95083333333333,-3.10666666666667,-2.17666666666667,-1.04333333333333,-2.49333333333333
"270-2012-0-332",2014,2012,2.5,"wy","Captured",1,1,42.5,-1.2175,-0.98,-2.16333333333333,-1.51333333333333,0.00666666666666666
"270-2012-0-332",2015,2012,3.5,"wy","not_detected",0,0,48.41,1.83166666666667,2.94333333333333,3.56666666666667,0.42,0.223333333333333
"270-2012-0-332",2016,2012,4.5,"wy","not_detected",0,0,25.45,-0.574166666666667,-0.553333333333333,-0.816666666666667,-0.986666666666667,-0.183333333333333
"270-2012-0-332",2017,2012,5.5,"wy","not_detected",0,0,20.91,-0.921666666666667,-0.983333333333333,-1.73,-0.536666666666667,-0.11
"270-2012-0-332",2018,2012,6.5,"wy","not_detected",0,0,19.77,-0.465,-1.89,-2.77666666666667,2.41333333333333,-0.356666666666667
"270-2012-0-332",2019,2012,7.5,"wy","not_detected",0,0,23.86,-1.40833333333333,-0.516666666666667,-1.77,-2.95333333333333,1.45
"270-2012-0-332",2020,2012,8.5,"wy","not_detected",0,0,40.91,-3.4025,-3.32,-3.52,-3.33,-3.37666666666667
"270-2012-0-332",2021,2012,9.5,"wy","not_detected",0,0,25.91,-1.8125,-3.27666666666667,-0.343333333333333,-0.893333333333333,-3.17
"270-2012-0-332",2022,2012,10.5,"wy","not_detected",0,0,16.82,-1.96083333333333,-3.23,-2.95666666666667,0.08,-2.33
"270-2012-0-333",2012,2012,0.5,"wy","Captured",1,1,28.86,-0.763333333333333,1.29,-0.876666666666667,-1.53333333333333,-1.67333333333333
"270-2012-0-333",2013,2012,1.5,"wy","Captured",1,1,36.82,-1.95083333333333,-3.10666666666667,-2.17666666666667,-1.04333333333333,-2.49333333333333
"270-2012-0-333",2014,2012,2.5,"wy","Captured",1,1,42.5,-1.2175,-0.98,-2.16333333333333,-1.51333333333333,0.00666666666666666
"270-2012-0-333",2015,2012,3.5,"wy","Captured",1,1,48.41,1.83166666666667,2.94333333333333,3.56666666666667,0.42,0.223333333333333
"270-2012-0-333",2016,2012,4.5,"wy","Captured",1,1,25.45,-0.574166666666667,-0.553333333333333,-0.816666666666667,-0.986666666666667,-0.183333333333333
"270-2012-0-333",2017,2012,5.5,"wy","Captured",1,1,20.91,-0.921666666666667,-0.983333333333333,-1.73,-0.536666666666667,-0.11
"270-2012-0-333",2018,2012,6.5,"wy","Captured",1,1,19.77,-0.465,-1.89,-2.77666666666667,2.41333333333333,-0.356666666666667
"270-2012-0-333",2019,2012,7.5,"wy","Captured",1,1,23.86,-1.40833333333333,-0.516666666666667,-1.77,-2.95333333333333,1.45
"270-2012-0-333",2020,2012,8.5,"wy","Nat Mortality",2,2,40.91,-3.4025,-3.32,-3.52,-3.33,-3.37666666666667
"270-2012-0-333",2021,2012,9.5,"wy","not_detected",0,0,25.91,-1.8125,-3.27666666666667,-0.343333333333333,-0.893333333333333,-3.17
"270-2012-0-333",2022,2012,10.5,"wy","not_detected",0,0,16.82,-1.96083333333333,-3.23,-2.95666666666667,0.08,-2.33
"270-2012-0-334",2012,2012,0.5,"wy","Captured",1,1,28.86,-0.763333333333333,1.29,-0.876666666666667,-1.53333333333333,-1.67333333333333
"270-2012-0-334",2013,2012,1.5,"wy","Captured",1,1,36.82,-1.95083333333333,-3.10666666666667,-2.17666666666667,-1.04333333333333,-2.49333333333333
"270-2012-0-334",2014,2012,2.5,"wy","Captured",1,1,42.5,-1.2175,-0.98,-2.16333333333333,-1.51333333333333,0.00666666666666666
"270-2012-0-334",2015,2012,3.5,"wy","Captured",1,1,48.41,1.83166666666667,2.94333333333333,3.56666666666667,0.42,0.223333333333333
"270-2012-0-334",2016,2012,4.5,"wy","Captured",1,1,25.45,-0.574166666666667,-0.553333333333333,-0.816666666666667,-0.986666666666667,-0.183333333333333
"270-2012-0-334",2017,2012,5.5,"wy","Captured",1,1,20.91,-0.921666666666667,-0.983333333333333,-1.73,-0.536666666666667,-0.11
"270-2012-0-334",2018,2012,6.5,"wy","Alive-Cuddy",1,0,19.77,-0.465,-1.89,-2.77666666666667,2.41333333333333,-0.356666666666667
"270-2012-0-334",2019,2012,7.5,"wy","Alive-Cuddy",1,0,23.86,-1.40833333333333,-0.516666666666667,-1.77,-2.95333333333333,1.45
"270-2012-0-334",2020,2012,8.5,"wy","Nat Mortality",2,2,40.91,-3.4025,-3.32,-3.52,-3.33,-3.37666666666667
"270-2012-0-334",2021,2012,9.5,"wy","not_detected",0,0,25.91,-1.8125,-3.27666666666667,-0.343333333333333,-0.893333333333333,-3.17
"270-2012-0-334",2022,2012,10.5,"wy","not_detected",0,0,16.82,-1.96083333333333,-3.23,-2.95666666666667,0.08,-2.33
"270-2012-0-335",2012,2012,0.5,"wy","Captured",1,1,28.86,-0.763333333333333,1.29,-0.876666666666667,-1.53333333333333,-1.67333333333333
"270-2012-0-335",2013,2012,1.5,"wy","Captured",1,1,36.82,-1.95083333333333,-3.10666666666667,-2.17666666666667,-1.04333333333333,-2.49333333333333
"270-2012-0-335",2014,2012,2.5,"wy","Captured",1,1,42.5,-1.2175,-0.98,-2.16333333333333,-1.51333333333333,0.00666666666666666
"270-2012-0-335",2015,2012,3.5,"wy","Alive-Cuddy",1,0,48.41,1.83166666666667,2.94333333333333,3.56666666666667,0.42,0.223333333333333
"270-2012-0-335",2016,2012,4.5,"wy","not_detected",0,0,25.45,-0.574166666666667,-0.553333333333333,-0.816666666666667,-0.986666666666667,-0.183333333333333
"270-2012-0-335",2017,2012,5.5,"wy","not_detected",0,0,20.91,-0.921666666666667,-0.983333333333333,-1.73,-0.536666666666667,-0.11
"270-2012-0-335",2018,2012,6.5,"wy","not_detected",0,0,19.77,-0.465,-1.89,-2.77666666666667,2.41333333333333,-0.356666666666667
"270-2012-0-335",2019,2012,7.5,"wy","not_detected",0,0,23.86,-1.40833333333333,-0.516666666666667,-1.77,-2.95333333333333,1.45
"270-2012-0-335",2020,2012,8.5,"wy","not_detected",0,0,40.91,-3.4025,-3.32,-3.52,-3.33,-3.37666666666667
"270-2012-0-335",2021,2012,9.5,"wy","not_detected",0,0,25.91,-1.8125,-3.27666666666667,-0.343333333333333,-0.893333333333333,-3.17
"270-2012-0-335",2022,2012,10.5,"wy","not_detected",0,0,16.82,-1.96083333333333,-3.23,-2.95666666666667,0.08,-2.33
"270-2012-0-336",2012,2012,0.5,"wy","Captured",1,1,28.86,-0.763333333333333,1.29,-0.876666666666667,-1.53333333333333,-1.67333333333333
"270-2012-0-336",2013,2012,1.5,"wy","not_detected",0,0,36.82,-1.95083333333333,-3.10666666666667,-2.17666666666667,-1.04333333333333,-2.49333333333333
"270-2012-0-336",2014,2012,2.5,"wy","not_detected",0,0,42.5,-1.2175,-0.98,-2.16333333333333,-1.51333333333333,0.00666666666666666
"270-2012-0-336",2015,2012,3.5,"wy","not_detected",0,0,48.41,1.83166666666667,2.94333333333333,3.56666666666667,0.42,0.223333333333333
"270-2012-0-336",2016,2012,4.5,"wy","not_detected",0,0,25.45,-0.574166666666667,-0.553333333333333,-0.816666666666667,-0.986666666666667,-0.183333333333333
"270-2012-0-336",2017,2012,5.5,"wy","not_detected",0,0,20.91,-0.921666666666667,-0.983333333333333,-1.73,-0.536666666666667,-0.11
"270-2012-0-336",2018,2012,6.5,"wy","not_detected",0,0,19.77,-0.465,-1.89,-2.77666666666667,2.41333333333333,-0.356666666666667
"270-2012-0-336",2019,2012,7.5,"wy","not_detected",0,0,23.86,-1.40833333333333,-0.516666666666667,-1.77,-2.95333333333333,1.45
"270-2012-0-336",2020,2012,8.5,"wy","not_detected",0,0,40.91,-3.4025,-3.32,-3.52,-3.33,-3.37666666666667
"270-2012-0-336",2021,2012,9.5,"wy","not_detected",0,0,25.91,-1.8125,-3.27666666666667,-0.343333333333333,-0.893333333333333,-3.17
"270-2012-0-336",2022,2012,10.5,"wy","not_detected",0,0,16.82,-1.96083333333333,-3.23,-2.95666666666667,0.08,-2.33
"270-2012-0-337",2012,2012,0.5,"wy","Captured",1,1,28.86,-0.763333333333333,1.29,-0.876666666666667,-1.53333333333333,-1.67333333333333
"270-2012-0-337",2013,2012,1.5,"wy","Captured",1,1,36.82,-1.95083333333333,-3.10666666666667,-2.17666666666667,-1.04333333333333,-2.49333333333333
"270-2012-0-337",2014,2012,2.5,"wy","Captured",1,1,42.5,-1.2175,-0.98,-2.16333333333333,-1.51333333333333,0.00666666666666666
"270-2012-0-337",2015,2012,3.5,"wy","Captured",1,1,48.41,1.83166666666667,2.94333333333333,3.56666666666667,0.42,0.223333333333333
"270-2012-0-337",2016,2012,4.5,"wy","Captured",1,1,25.45,-0.574166666666667,-0.553333333333333,-0.816666666666667,-0.986666666666667,-0.183333333333333
"270-2012-0-337",2017,2012,5.5,"wy","Captured",1,1,20.91,-0.921666666666667,-0.983333333333333,-1.73,-0.536666666666667,-0.11
"270-2012-0-337",2018,2012,6.5,"wy","Captured",1,1,19.77,-0.465,-1.89,-2.77666666666667,2.41333333333333,-0.356666666666667
"270-2012-0-337",2019,2012,7.5,"wy","Captured",1,1,23.86,-1.40833333333333,-0.516666666666667,-1.77,-2.95333333333333,1.45
"270-2012-0-337",2020,2012,8.5,"wy","Captured",1,1,40.91,-3.4025,-3.32,-3.52,-3.33,-3.37666666666667
"270-2012-0-337",2021,2012,9.5,"wy","Captured",1,1,25.91,-1.8125,-3.27666666666667,-0.343333333333333,-0.893333333333333,-3.17
"270-2012-0-337",2022,2012,10.5,"wy","Harvested",2,2,16.82,-1.96083333333333,-3.23,-2.95666666666667,0.08,-2.33
"270-2012-0-338",2012,2012,0.5,"wy","Captured",1,1,28.86,-0.763333333333333,1.29,-0.876666666666667,-1.53333333333333,-1.67333333333333
"270-2012-0-338",2013,2012,1.5,"wy","Captured",1,1,36.82,-1.95083333333333,-3.10666666666667,-2.17666666666667,-1.04333333333333,-2.49333333333333
"270-2012-0-338",2014,2012,2.5,"wy","Captured",1,1,42.5,-1.2175,-0.98,-2.16333333333333,-1.51333333333333,0.00666666666666666
"270-2012-0-338",2015,2012,3.5,"wy","Alive-Cuddy",1,0,48.41,1.83166666666667,2.94333333333333,3.56666666666667,0.42,0.223333333333333
"270-2012-0-338",2016,2012,4.5,"wy","not_detected",0,0,25.45,-0.574166666666667,-0.553333333333333,-0.816666666666667,-0.986666666666667,-0.183333333333333
"270-2012-0-338",2017,2012,5.5,"wy","not_detected",0,0,20.91,-0.921666666666667,-0.983333333333333,-1.73,-0.536666666666667,-0.11
"270-2012-0-338",2018,2012,6.5,"wy","not_detected",0,0,19.77,-0.465,-1.89,-2.77666666666667,2.41333333333333,-0.356666666666667
"270-2012-0-338",2019,2012,7.5,"wy","not_detected",0,0,23.86,-1.40833333333333,-0.516666666666667,-1.77,-2.95333333333333,1.45
"270-2012-0-338",2020,2012,8.5,"wy","not_detected",0,0,40.91,-3.4025,-3.32,-3.52,-3.33,-3.37666666666667
"270-2012-0-338",2021,2012,9.5,"wy","not_detected",0,0,25.91,-1.8125,-3.27666666666667,-0.343333333333333,-0.893333333333333,-3.17
"270-2012-0-338",2022,2012,10.5,"wy","not_detected",0,0,16.82,-1.96083333333333,-3.23,-2.95666666666667,0.08,-2.33
"270-2012-0-339",2012,2012,0.5,"wy","Captured",1,1,28.86,-0.763333333333333,1.29,-0.876666666666667,-1.53333333333333,-1.67333333333333
"270-2012-0-339",2013,2012,1.5,"wy","Captured",1,1,36.82,-1.95083333333333,-3.10666666666667,-2.17666666666667,-1.04333333333333,-2.49333333333333
"270-2012-0-339",2014,2012,2.5,"wy","Captured",1,1,42.5,-1.2175,-0.98,-2.16333333333333,-1.51333333333333,0.00666666666666666
"270-2012-0-339",2015,2012,3.5,"wy","not_detected",0,0,48.41,1.83166666666667,2.94333333333333,3.56666666666667,0.42,0.223333333333333
"270-2012-0-339",2016,2012,4.5,"wy","not_detected",0,0,25.45,-0.574166666666667,-0.553333333333333,-0.816666666666667,-0.986666666666667,-0.183333333333333
"270-2012-0-339",2017,2012,5.5,"wy","not_detected",0,0,20.91,-0.921666666666667,-0.983333333333333,-1.73,-0.536666666666667,-0.11
"270-2012-0-339",2018,2012,6.5,"wy","not_detected",0,0,19.77,-0.465,-1.89,-2.77666666666667,2.41333333333333,-0.356666666666667
"270-2012-0-339",2019,2012,7.5,"wy","not_detected",0,0,23.86,-1.40833333333333,-0.516666666666667,-1.77,-2.95333333333333,1.45
"270-2012-0-339",2020,2012,8.5,"wy","not_detected",0,0,40.91,-3.4025,-3.32,-3.52,-3.33,-3.37666666666667
"270-2012-0-339",2021,2012,9.5,"wy","not_detected",0,0,25.91,-1.8125,-3.27666666666667,-0.343333333333333,-0.893333333333333,-3.17
"270-2012-0-339",2022,2012,10.5,"wy","not_detected",0,0,16.82,-1.96083333333333,-3.23,-2.95666666666667,0.08,-2.33
"270-2012-0-340",2012,2012,0.5,"wy","Captured",1,1,28.86,-0.763333333333333,1.29,-0.876666666666667,-1.53333333333333,-1.67333333333333
"270-2012-0-340",2013,2012,1.5,"wy","Captured",1,1,36.82,-1.95083333333333,-3.10666666666667,-2.17666666666667,-1.04333333333333,-2.49333333333333
"270-2012-0-340",2014,2012,2.5,"wy","Captured",1,1,42.5,-1.2175,-0.98,-2.16333333333333,-1.51333333333333,0.00666666666666666
"270-2012-0-340",2015,2012,3.5,"wy","Captured",1,1,48.41,1.83166666666667,2.94333333333333,3.56666666666667,0.42,0.223333333333333
"270-2012-0-340",2016,2012,4.5,"wy","Captured",1,1,25.45,-0.574166666666667,-0.553333333333333,-0.816666666666667,-0.986666666666667,-0.183333333333333
"270-2012-0-340",2017,2012,5.5,"wy","Captured",1,1,20.91,-0.921666666666667,-0.983333333333333,-1.73,-0.536666666666667,-0.11
"270-2012-0-340",2018,2012,6.5,"wy","Captured",1,1,19.77,-0.465,-1.89,-2.77666666666667,2.41333333333333,-0.356666666666667
"270-2012-0-340",2019,2012,7.5,"wy","Captured",1,1,23.86,-1.40833333333333,-0.516666666666667,-1.77,-2.95333333333333,1.45
"270-2012-0-340",2020,2012,8.5,"wy","Alive-Cuddy",1,0,40.91,-3.4025,-3.32,-3.52,-3.33,-3.37666666666667
"270-2012-0-340",2021,2012,9.5,"wy","Captured",1,1,25.91,-1.8125,-3.27666666666667,-0.343333333333333,-0.893333333333333,-3.17
"270-2012-0-340",2022,2012,10.5,"wy","Captured",1,1,16.82,-1.96083333333333,-3.23,-2.95666666666667,0.08,-2.33
"270-2012-0-341",2012,2012,0.5,"wy","Captured",1,1,28.86,-0.763333333333333,1.29,-0.876666666666667,-1.53333333333333,-1.67333333333333
"270-2012-0-341",2013,2012,1.5,"wy","Captured",1,1,36.82,-1.95083333333333,-3.10666666666667,-2.17666666666667,-1.04333333333333,-2.49333333333333
"270-2012-0-341",2014,2012,2.5,"wy","Captured",1,1,42.5,-1.2175,-0.98,-2.16333333333333,-1.51333333333333,0.00666666666666666
"270-2012-0-341",2015,2012,3.5,"wy","Captured",1,1,48.41,1.83166666666667,2.94333333333333,3.56666666666667,0.42,0.223333333333333
"270-2012-0-341",2016,2012,4.5,"wy","Alive-Cuddy",1,0,25.45,-0.574166666666667,-0.553333333333333,-0.816666666666667,-0.986666666666667,-0.183333333333333
"270-2012-0-341",2017,2012,5.5,"wy","Alive-Cuddy",1,0,20.91,-0.921666666666667,-0.983333333333333,-1.73,-0.536666666666667,-0.11
"270-2012-0-341",2018,2012,6.5,"wy","Captured",1,1,19.77,-0.465,-1.89,-2.77666666666667,2.41333333333333,-0.356666666666667
"270-2012-0-341",2019,2012,7.5,"wy","Captured",1,1,23.86,-1.40833333333333,-0.516666666666667,-1.77,-2.95333333333333,1.45
"270-2012-0-341",2020,2012,8.5,"wy","Captured",1,1,40.91,-3.4025,-3.32,-3.52,-3.33,-3.37666666666667
"270-2012-0-341",2021,2012,9.5,"wy","Captured",1,1,25.91,-1.8125,-3.27666666666667,-0.343333333333333,-0.893333333333333,-3.17
"270-2012-0-341",2022,2012,10.5,"wy","Captured",1,1,16.82,-1.96083333333333,-3.23,-2.95666666666667,0.08,-2.33
"270-2012-0-342",2012,2012,0.5,"wy","Captured",1,1,28.86,-0.763333333333333,1.29,-0.876666666666667,-1.53333333333333,-1.67333333333333
"270-2012-0-342",2013,2012,1.5,"wy","Captured",1,1,36.82,-1.95083333333333,-3.10666666666667,-2.17666666666667,-1.04333333333333,-2.49333333333333
"270-2012-0-342",2014,2012,2.5,"wy","Captured",1,1,42.5,-1.2175,-0.98,-2.16333333333333,-1.51333333333333,0.00666666666666666
"270-2012-0-342",2015,2012,3.5,"wy","Captured",1,1,48.41,1.83166666666667,2.94333333333333,3.56666666666667,0.42,0.223333333333333
"270-2012-0-342",2016,2012,4.5,"wy","Captured",1,1,25.45,-0.574166666666667,-0.553333333333333,-0.816666666666667,-0.986666666666667,-0.183333333333333
"270-2012-0-342",2017,2012,5.5,"wy","Captured",1,1,20.91,-0.921666666666667,-0.983333333333333,-1.73,-0.536666666666667,-0.11
"270-2012-0-342",2018,2012,6.5,"wy","Captured",1,1,19.77,-0.465,-1.89,-2.77666666666667,2.41333333333333,-0.356666666666667
"270-2012-0-342",2019,2012,7.5,"wy","Captured",1,1,23.86,-1.40833333333333,-0.516666666666667,-1.77,-2.95333333333333,1.45
"270-2012-0-342",2020,2012,8.5,"wy","Captured",1,1,40.91,-3.4025,-3.32,-3.52,-3.33,-3.37666666666667
"270-2012-0-342",2021,2012,9.5,"wy","Captured",1,1,25.91,-1.8125,-3.27666666666667,-0.343333333333333,-0.893333333333333,-3.17
"270-2012-0-342",2022,2012,10.5,"wy","Harvested",2,2,16.82,-1.96083333333333,-3.23,-2.95666666666667,0.08,-2.33
"270-2012-0-343",2012,2012,0.5,"wy","Captured",1,1,28.86,-0.763333333333333,1.29,-0.876666666666667,-1.53333333333333,-1.67333333333333
"270-2012-0-343",2013,2012,1.5,"wy","Captured",1,1,36.82,-1.95083333333333,-3.10666666666667,-2.17666666666667,-1.04333333333333,-2.49333333333333
"270-2012-0-343",2014,2012,2.5,"wy","Captured",1,1,42.5,-1.2175,-0.98,-2.16333333333333,-1.51333333333333,0.00666666666666666
"270-2012-0-343",2015,2012,3.5,"wy","Captured",1,1,48.41,1.83166666666667,2.94333333333333,3.56666666666667,0.42,0.223333333333333
"270-2012-0-343",2016,2012,4.5,"wy","Alive-Cuddy",1,0,25.45,-0.574166666666667,-0.553333333333333,-0.816666666666667,-0.986666666666667,-0.183333333333333
"270-2012-0-343",2017,2012,5.5,"wy","Alive-Cuddy",1,0,20.91,-0.921666666666667,-0.983333333333333,-1.73,-0.536666666666667,-0.11
"270-2012-0-343",2018,2012,6.5,"wy","not_detected",0,0,19.77,-0.465,-1.89,-2.77666666666667,2.41333333333333,-0.356666666666667
"270-2012-0-343",2019,2012,7.5,"wy","not_detected",0,0,23.86,-1.40833333333333,-0.516666666666667,-1.77,-2.95333333333333,1.45
"270-2012-0-343",2020,2012,8.5,"wy","not_detected",0,0,40.91,-3.4025,-3.32,-3.52,-3.33,-3.37666666666667
"270-2012-0-343",2021,2012,9.5,"wy","not_detected",0,0,25.91,-1.8125,-3.27666666666667,-0.343333333333333,-0.893333333333333,-3.17
"270-2012-0-343",2022,2012,10.5,"wy","not_detected",0,0,16.82,-1.96083333333333,-3.23,-2.95666666666667,0.08,-2.33
"270-2012-0-344",2012,2012,0.5,"wy","Captured",1,1,28.86,-0.763333333333333,1.29,-0.876666666666667,-1.53333333333333,-1.67333333333333
"270-2012-0-344",2013,2012,1.5,"wy","Captured",1,1,36.82,-1.95083333333333,-3.10666666666667,-2.17666666666667,-1.04333333333333,-2.49333333333333
"270-2012-0-344",2014,2012,2.5,"wy","Captured",1,1,42.5,-1.2175,-0.98,-2.16333333333333,-1.51333333333333,0.00666666666666666
"270-2012-0-344",2015,2012,3.5,"wy","Captured",1,1,48.41,1.83166666666667,2.94333333333333,3.56666666666667,0.42,0.223333333333333
"270-2012-0-344",2016,2012,4.5,"wy","Captured",1,1,25.45,-0.574166666666667,-0.553333333333333,-0.816666666666667,-0.986666666666667,-0.183333333333333
"270-2012-0-344",2017,2012,5.5,"wy","Captured",1,1,20.91,-0.921666666666667,-0.983333333333333,-1.73,-0.536666666666667,-0.11
"270-2012-0-344",2018,2012,6.5,"wy","Captured",1,1,19.77,-0.465,-1.89,-2.77666666666667,2.41333333333333,-0.356666666666667
"270-2012-0-344",2019,2012,7.5,"wy","Captured",1,1,23.86,-1.40833333333333,-0.516666666666667,-1.77,-2.95333333333333,1.45
"270-2012-0-344",2020,2012,8.5,"wy","Captured",1,1,40.91,-3.4025,-3.32,-3.52,-3.33,-3.37666666666667
"270-2012-0-344",2021,2012,9.5,"wy","Captured",1,1,25.91,-1.8125,-3.27666666666667,-0.343333333333333,-0.893333333333333,-3.17
"270-2012-0-344",2022,2012,10.5,"wy","Harvested",2,2,16.82,-1.96083333333333,-3.23,-2.95666666666667,0.08,-2.33
"270-2012-0-345",2012,2012,0.5,"wy","Captured",1,1,28.86,-0.763333333333333,1.29,-0.876666666666667,-1.53333333333333,-1.67333333333333
"270-2012-0-345",2013,2012,1.5,"wy","Captured",1,1,36.82,-1.95083333333333,-3.10666666666667,-2.17666666666667,-1.04333333333333,-2.49333333333333
"270-2012-0-345",2014,2012,2.5,"wy","Alive-Cuddy",1,0,42.5,-1.2175,-0.98,-2.16333333333333,-1.51333333333333,0.00666666666666666
"270-2012-0-345",2015,2012,3.5,"wy","not_detected",0,0,48.41,1.83166666666667,2.94333333333333,3.56666666666667,0.42,0.223333333333333
"270-2012-0-345",2016,2012,4.5,"wy","Nat Mortality",2,2,25.45,-0.574166666666667,-0.553333333333333,-0.816666666666667,-0.986666666666667,-0.183333333333333
"270-2012-0-345",2017,2012,5.5,"wy","not_detected",0,0,20.91,-0.921666666666667,-0.983333333333333,-1.73,-0.536666666666667,-0.11
"270-2012-0-345",2018,2012,6.5,"wy","not_detected",0,0,19.77,-0.465,-1.89,-2.77666666666667,2.41333333333333,-0.356666666666667
"270-2012-0-345",2019,2012,7.5,"wy","not_detected",0,0,23.86,-1.40833333333333,-0.516666666666667,-1.77,-2.95333333333333,1.45
"270-2012-0-345",2020,2012,8.5,"wy","not_detected",0,0,40.91,-3.4025,-3.32,-3.52,-3.33,-3.37666666666667
"270-2012-0-345",2021,2012,9.5,"wy","not_detected",0,0,25.91,-1.8125,-3.27666666666667,-0.343333333333333,-0.893333333333333,-3.17
"270-2012-0-345",2022,2012,10.5,"wy","not_detected",0,0,16.82,-1.96083333333333,-3.23,-2.95666666666667,0.08,-2.33
"270-2012-1-207",2012,2012,0.5,"dmp","Captured",1,1,28.86,-0.763333333333333,1.29,-0.876666666666667,-1.53333333333333,-1.67333333333333
"270-2012-1-207",2013,2012,1.5,"dmp","Captured",1,1,36.82,-1.95083333333333,-3.10666666666667,-2.17666666666667,-1.04333333333333,-2.49333333333333
"270-2012-1-207",2014,2012,2.5,"dmp","Captured",1,1,42.5,-1.2175,-0.98,-2.16333333333333,-1.51333333333333,0.00666666666666666
"270-2012-1-207",2015,2012,3.5,"dmp","Captured",1,1,48.41,1.83166666666667,2.94333333333333,3.56666666666667,0.42,0.223333333333333
"270-2012-1-207",2016,2012,4.5,"dmp","Captured",1,1,25.45,-0.574166666666667,-0.553333333333333,-0.816666666666667,-0.986666666666667,-0.183333333333333
"270-2012-1-207",2017,2012,5.5,"dmp","Captured",1,1,20.91,-0.921666666666667,-0.983333333333333,-1.73,-0.536666666666667,-0.11
"270-2012-1-207",2018,2012,6.5,"dmp","Alive-Cuddy",1,0,19.77,-0.465,-1.89,-2.77666666666667,2.41333333333333,-0.356666666666667
"270-2012-1-207",2019,2012,7.5,"dmp","not_detected",0,0,23.86,-1.40833333333333,-0.516666666666667,-1.77,-2.95333333333333,1.45
"270-2012-1-207",2020,2012,8.5,"dmp","not_detected",0,0,40.91,-3.4025,-3.32,-3.52,-3.33,-3.37666666666667
"270-2012-1-207",2021,2012,9.5,"dmp","not_detected",0,0,25.91,-1.8125,-3.27666666666667,-0.343333333333333,-0.893333333333333,-3.17
"270-2012-1-207",2022,2012,10.5,"dmp","not_detected",0,0,16.82,-1.96083333333333,-3.23,-2.95666666666667,0.08,-2.33
"270-2012-1-208",2012,2012,0.5,"dmp","Captured",1,1,28.86,-0.763333333333333,1.29,-0.876666666666667,-1.53333333333333,-1.67333333333333
"270-2012-1-208",2013,2012,1.5,"dmp","not_detected",0,0,36.82,-1.95083333333333,-3.10666666666667,-2.17666666666667,-1.04333333333333,-2.49333333333333
"270-2012-1-208",2014,2012,2.5,"dmp","not_detected",0,0,42.5,-1.2175,-0.98,-2.16333333333333,-1.51333333333333,0.00666666666666666
"270-2012-1-208",2015,2012,3.5,"dmp","not_detected",0,0,48.41,1.83166666666667,2.94333333333333,3.56666666666667,0.42,0.223333333333333
"270-2012-1-208",2016,2012,4.5,"dmp","not_detected",0,0,25.45,-0.574166666666667,-0.553333333333333,-0.816666666666667,-0.986666666666667,-0.183333333333333
"270-2012-1-208",2017,2012,5.5,"dmp","not_detected",0,0,20.91,-0.921666666666667,-0.983333333333333,-1.73,-0.536666666666667,-0.11
"270-2012-1-208",2018,2012,6.5,"dmp","not_detected",0,0,19.77,-0.465,-1.89,-2.77666666666667,2.41333333333333,-0.356666666666667
"270-2012-1-208",2019,2012,7.5,"dmp","not_detected",0,0,23.86,-1.40833333333333,-0.516666666666667,-1.77,-2.95333333333333,1.45
"270-2012-1-208",2020,2012,8.5,"dmp","not_detected",0,0,40.91,-3.4025,-3.32,-3.52,-3.33,-3.37666666666667
"270-2012-1-208",2021,2012,9.5,"dmp","not_detected",0,0,25.91,-1.8125,-3.27666666666667,-0.343333333333333,-0.893333333333333,-3.17
"270-2012-1-208",2022,2012,10.5,"dmp","not_detected",0,0,16.82,-1.96083333333333,-3.23,-2.95666666666667,0.08,-2.33
"270-2012-1-224",2012,2012,0.5,"dmp","Captured",1,1,28.86,-0.763333333333333,1.29,-0.876666666666667,-1.53333333333333,-1.67333333333333
"270-2012-1-224",2013,2012,1.5,"dmp","Captured",1,1,36.82,-1.95083333333333,-3.10666666666667,-2.17666666666667,-1.04333333333333,-2.49333333333333
"270-2012-1-224",2014,2012,2.5,"dmp","Captured",1,1,42.5,-1.2175,-0.98,-2.16333333333333,-1.51333333333333,0.00666666666666666
"270-2012-1-224",2015,2012,3.5,"dmp","Harvested",2,2,48.41,1.83166666666667,2.94333333333333,3.56666666666667,0.42,0.223333333333333
"270-2012-1-224",2016,2012,4.5,"dmp","not_detected",0,0,25.45,-0.574166666666667,-0.553333333333333,-0.816666666666667,-0.986666666666667,-0.183333333333333
"270-2012-1-224",2017,2012,5.5,"dmp","not_detected",0,0,20.91,-0.921666666666667,-0.983333333333333,-1.73,-0.536666666666667,-0.11
"270-2012-1-224",2018,2012,6.5,"dmp","not_detected",0,0,19.77,-0.465,-1.89,-2.77666666666667,2.41333333333333,-0.356666666666667
"270-2012-1-224",2019,2012,7.5,"dmp","not_detected",0,0,23.86,-1.40833333333333,-0.516666666666667,-1.77,-2.95333333333333,1.45
"270-2012-1-224",2020,2012,8.5,"dmp","not_detected",0,0,40.91,-3.4025,-3.32,-3.52,-3.33,-3.37666666666667
"270-2012-1-224",2021,2012,9.5,"dmp","not_detected",0,0,25.91,-1.8125,-3.27666666666667,-0.343333333333333,-0.893333333333333,-3.17
"270-2012-1-224",2022,2012,10.5,"dmp","not_detected",0,0,16.82,-1.96083333333333,-3.23,-2.95666666666667,0.08,-2.33
"270-2012-1-228",2012,2012,0.5,"dmp","Captured",1,1,28.86,-0.763333333333333,1.29,-0.876666666666667,-1.53333333333333,-1.67333333333333
"270-2012-1-228",2013,2012,1.5,"dmp","not_detected",0,0,36.82,-1.95083333333333,-3.10666666666667,-2.17666666666667,-1.04333333333333,-2.49333333333333
"270-2012-1-228",2014,2012,2.5,"dmp","not_detected",0,0,42.5,-1.2175,-0.98,-2.16333333333333,-1.51333333333333,0.00666666666666666
"270-2012-1-228",2015,2012,3.5,"dmp","not_detected",0,0,48.41,1.83166666666667,2.94333333333333,3.56666666666667,0.42,0.223333333333333
"270-2012-1-228",2016,2012,4.5,"dmp","not_detected",0,0,25.45,-0.574166666666667,-0.553333333333333,-0.816666666666667,-0.986666666666667,-0.183333333333333
"270-2012-1-228",2017,2012,5.5,"dmp","not_detected",0,0,20.91,-0.921666666666667,-0.983333333333333,-1.73,-0.536666666666667,-0.11
"270-2012-1-228",2018,2012,6.5,"dmp","not_detected",0,0,19.77,-0.465,-1.89,-2.77666666666667,2.41333333333333,-0.356666666666667
"270-2012-1-228",2019,2012,7.5,"dmp","not_detected",0,0,23.86,-1.40833333333333,-0.516666666666667,-1.77,-2.95333333333333,1.45
"270-2012-1-228",2020,2012,8.5,"dmp","not_detected",0,0,40.91,-3.4025,-3.32,-3.52,-3.33,-3.37666666666667
"270-2012-1-228",2021,2012,9.5,"dmp","not_detected",0,0,25.91,-1.8125,-3.27666666666667,-0.343333333333333,-0.893333333333333,-3.17
"270-2012-1-228",2022,2012,10.5,"dmp","not_detected",0,0,16.82,-1.96083333333333,-3.23,-2.95666666666667,0.08,-2.33
"270-2012-1-229",2012,2012,0.5,"dmp","Captured",1,1,28.86,-0.763333333333333,1.29,-0.876666666666667,-1.53333333333333,-1.67333333333333
"270-2012-1-229",2013,2012,1.5,"dmp","Captured",1,1,36.82,-1.95083333333333,-3.10666666666667,-2.17666666666667,-1.04333333333333,-2.49333333333333
"270-2012-1-229",2014,2012,2.5,"dmp","Captured",1,1,42.5,-1.2175,-0.98,-2.16333333333333,-1.51333333333333,0.00666666666666666
"270-2012-1-229",2015,2012,3.5,"dmp","Captured",1,1,48.41,1.83166666666667,2.94333333333333,3.56666666666667,0.42,0.223333333333333
"270-2012-1-229",2016,2012,4.5,"dmp","Captured",1,1,25.45,-0.574166666666667,-0.553333333333333,-0.816666666666667,-0.986666666666667,-0.183333333333333
"270-2012-1-229",2017,2012,5.5,"dmp","Captured",1,1,20.91,-0.921666666666667,-0.983333333333333,-1.73,-0.536666666666667,-0.11
"270-2012-1-229",2018,2012,6.5,"dmp","Captured",1,1,19.77,-0.465,-1.89,-2.77666666666667,2.41333333333333,-0.356666666666667
"270-2012-1-229",2019,2012,7.5,"dmp","Captured",1,1,23.86,-1.40833333333333,-0.516666666666667,-1.77,-2.95333333333333,1.45
"270-2012-1-229",2020,2012,8.5,"dmp","not_detected",0,0,40.91,-3.4025,-3.32,-3.52,-3.33,-3.37666666666667
"270-2012-1-229",2021,2012,9.5,"dmp","Captured",1,1,25.91,-1.8125,-3.27666666666667,-0.343333333333333,-0.893333333333333,-3.17
"270-2012-1-229",2022,2012,10.5,"dmp","Harvested",2,2,16.82,-1.96083333333333,-3.23,-2.95666666666667,0.08,-2.33
"270-2012-1-230",2012,2012,0.5,"dmp","Captured",1,1,28.86,-0.763333333333333,1.29,-0.876666666666667,-1.53333333333333,-1.67333333333333
"270-2012-1-230",2013,2012,1.5,"dmp","Alive-Cuddy",1,0,36.82,-1.95083333333333,-3.10666666666667,-2.17666666666667,-1.04333333333333,-2.49333333333333
"270-2012-1-230",2014,2012,2.5,"dmp","not_detected",0,0,42.5,-1.2175,-0.98,-2.16333333333333,-1.51333333333333,0.00666666666666666
"270-2012-1-230",2015,2012,3.5,"dmp","Captured",1,1,48.41,1.83166666666667,2.94333333333333,3.56666666666667,0.42,0.223333333333333
"270-2012-1-230",2016,2012,4.5,"dmp","Captured",1,1,25.45,-0.574166666666667,-0.553333333333333,-0.816666666666667,-0.986666666666667,-0.183333333333333
"270-2012-1-230",2017,2012,5.5,"dmp","Captured",1,1,20.91,-0.921666666666667,-0.983333333333333,-1.73,-0.536666666666667,-0.11
"270-2012-1-230",2018,2012,6.5,"dmp","Captured",1,1,19.77,-0.465,-1.89,-2.77666666666667,2.41333333333333,-0.356666666666667
"270-2012-1-230",2019,2012,7.5,"dmp","Captured",1,1,23.86,-1.40833333333333,-0.516666666666667,-1.77,-2.95333333333333,1.45
"270-2012-1-230",2020,2012,8.5,"dmp","Captured",1,1,40.91,-3.4025,-3.32,-3.52,-3.33,-3.37666666666667
"270-2012-1-230",2021,2012,9.5,"dmp","Captured",1,1,25.91,-1.8125,-3.27666666666667,-0.343333333333333,-0.893333333333333,-3.17
"270-2012-1-230",2022,2012,10.5,"dmp","Nat Mortality",2,2,16.82,-1.96083333333333,-3.23,-2.95666666666667,0.08,-2.33
"270-2012-1-231",2012,2012,0.5,"dmp","Captured",1,1,28.86,-0.763333333333333,1.29,-0.876666666666667,-1.53333333333333,-1.67333333333333
"270-2012-1-231",2013,2012,1.5,"dmp","Captured",1,1,36.82,-1.95083333333333,-3.10666666666667,-2.17666666666667,-1.04333333333333,-2.49333333333333
"270-2012-1-231",2014,2012,2.5,"dmp","Captured",1,1,42.5,-1.2175,-0.98,-2.16333333333333,-1.51333333333333,0.00666666666666666
"270-2012-1-231",2015,2012,3.5,"dmp","Captured",1,1,48.41,1.83166666666667,2.94333333333333,3.56666666666667,0.42,0.223333333333333
"270-2012-1-231",2016,2012,4.5,"dmp","Nat Mortality",2,2,25.45,-0.574166666666667,-0.553333333333333,-0.816666666666667,-0.986666666666667,-0.183333333333333
"270-2012-1-231",2017,2012,5.5,"dmp","not_detected",0,0,20.91,-0.921666666666667,-0.983333333333333,-1.73,-0.536666666666667,-0.11
"270-2012-1-231",2018,2012,6.5,"dmp","not_detected",0,0,19.77,-0.465,-1.89,-2.77666666666667,2.41333333333333,-0.356666666666667
"270-2012-1-231",2019,2012,7.5,"dmp","not_detected",0,0,23.86,-1.40833333333333,-0.516666666666667,-1.77,-2.95333333333333,1.45
"270-2012-1-231",2020,2012,8.5,"dmp","not_detected",0,0,40.91,-3.4025,-3.32,-3.52,-3.33,-3.37666666666667
"270-2012-1-231",2021,2012,9.5,"dmp","not_detected",0,0,25.91,-1.8125,-3.27666666666667,-0.343333333333333,-0.893333333333333,-3.17
"270-2012-1-231",2022,2012,10.5,"dmp","not_detected",0,0,16.82,-1.96083333333333,-3.23,-2.95666666666667,0.08,-2.33
"270-2012-1-232",2012,2012,0.5,"dmp","Captured",1,1,28.86,-0.763333333333333,1.29,-0.876666666666667,-1.53333333333333,-1.67333333333333
"270-2012-1-232",2013,2012,1.5,"dmp","not_detected",0,0,36.82,-1.95083333333333,-3.10666666666667,-2.17666666666667,-1.04333333333333,-2.49333333333333
"270-2012-1-232",2014,2012,2.5,"dmp","not_detected",0,0,42.5,-1.2175,-0.98,-2.16333333333333,-1.51333333333333,0.00666666666666666
"270-2012-1-232",2015,2012,3.5,"dmp","not_detected",0,0,48.41,1.83166666666667,2.94333333333333,3.56666666666667,0.42,0.223333333333333
"270-2012-1-232",2016,2012,4.5,"dmp","not_detected",0,0,25.45,-0.574166666666667,-0.553333333333333,-0.816666666666667,-0.986666666666667,-0.183333333333333
"270-2012-1-232",2017,2012,5.5,"dmp","not_detected",0,0,20.91,-0.921666666666667,-0.983333333333333,-1.73,-0.536666666666667,-0.11
"270-2012-1-232",2018,2012,6.5,"dmp","not_detected",0,0,19.77,-0.465,-1.89,-2.77666666666667,2.41333333333333,-0.356666666666667
"270-2012-1-232",2019,2012,7.5,"dmp","not_detected",0,0,23.86,-1.40833333333333,-0.516666666666667,-1.77,-2.95333333333333,1.45
"270-2012-1-232",2020,2012,8.5,"dmp","not_detected",0,0,40.91,-3.4025,-3.32,-3.52,-3.33,-3.37666666666667
"270-2012-1-232",2021,2012,9.5,"dmp","not_detected",0,0,25.91,-1.8125,-3.27666666666667,-0.343333333333333,-0.893333333333333,-3.17
"270-2012-1-232",2022,2012,10.5,"dmp","not_detected",0,0,16.82,-1.96083333333333,-3.23,-2.95666666666667,0.08,-2.33
"270-2012-1-233",2012,2012,0.5,"dmp","Captured",1,1,28.86,-0.763333333333333,1.29,-0.876666666666667,-1.53333333333333,-1.67333333333333
"270-2012-1-233",2013,2012,1.5,"dmp","Captured",1,1,36.82,-1.95083333333333,-3.10666666666667,-2.17666666666667,-1.04333333333333,-2.49333333333333
"270-2012-1-233",2014,2012,2.5,"dmp","Captured",1,1,42.5,-1.2175,-0.98,-2.16333333333333,-1.51333333333333,0.00666666666666666
"270-2012-1-233",2015,2012,3.5,"dmp","Captured",1,1,48.41,1.83166666666667,2.94333333333333,3.56666666666667,0.42,0.223333333333333
"270-2012-1-233",2016,2012,4.5,"dmp","Captured",1,1,25.45,-0.574166666666667,-0.553333333333333,-0.816666666666667,-0.986666666666667,-0.183333333333333
"270-2012-1-233",2017,2012,5.5,"dmp","Captured",1,1,20.91,-0.921666666666667,-0.983333333333333,-1.73,-0.536666666666667,-0.11
"270-2012-1-233",2018,2012,6.5,"dmp","Captured",1,1,19.77,-0.465,-1.89,-2.77666666666667,2.41333333333333,-0.356666666666667
"270-2012-1-233",2019,2012,7.5,"dmp","Captured",1,1,23.86,-1.40833333333333,-0.516666666666667,-1.77,-2.95333333333333,1.45
"270-2012-1-233",2020,2012,8.5,"dmp","Captured",1,1,40.91,-3.4025,-3.32,-3.52,-3.33,-3.37666666666667
"270-2012-1-233",2021,2012,9.5,"dmp","not_detected",0,0,25.91,-1.8125,-3.27666666666667,-0.343333333333333,-0.893333333333333,-3.17
"270-2012-1-233",2022,2012,10.5,"dmp","not_detected",0,0,16.82,-1.96083333333333,-3.23,-2.95666666666667,0.08,-2.33
"270-2012-1-236",2012,2012,0.5,"dmp","Captured",1,1,28.86,-0.763333333333333,1.29,-0.876666666666667,-1.53333333333333,-1.67333333333333
"270-2012-1-236",2013,2012,1.5,"dmp","Captured",1,1,36.82,-1.95083333333333,-3.10666666666667,-2.17666666666667,-1.04333333333333,-2.49333333333333
"270-2012-1-236",2014,2012,2.5,"dmp","not_detected",0,0,42.5,-1.2175,-0.98,-2.16333333333333,-1.51333333333333,0.00666666666666666
"270-2012-1-236",2015,2012,3.5,"dmp","Captured",1,1,48.41,1.83166666666667,2.94333333333333,3.56666666666667,0.42,0.223333333333333
"270-2012-1-236",2016,2012,4.5,"dmp","Captured",1,1,25.45,-0.574166666666667,-0.553333333333333,-0.816666666666667,-0.986666666666667,-0.183333333333333
"270-2012-1-236",2017,2012,5.5,"dmp","Captured",1,1,20.91,-0.921666666666667,-0.983333333333333,-1.73,-0.536666666666667,-0.11
"270-2012-1-236",2018,2012,6.5,"dmp","Captured",1,1,19.77,-0.465,-1.89,-2.77666666666667,2.41333333333333,-0.356666666666667
"270-2012-1-236",2019,2012,7.5,"dmp","not_detected",0,0,23.86,-1.40833333333333,-0.516666666666667,-1.77,-2.95333333333333,1.45
"270-2012-1-236",2020,2012,8.5,"dmp","Nat Mortality",2,2,40.91,-3.4025,-3.32,-3.52,-3.33,-3.37666666666667
"270-2012-1-236",2021,2012,9.5,"dmp","not_detected",0,0,25.91,-1.8125,-3.27666666666667,-0.343333333333333,-0.893333333333333,-3.17
"270-2012-1-236",2022,2012,10.5,"dmp","not_detected",0,0,16.82,-1.96083333333333,-3.23,-2.95666666666667,0.08,-2.33
"270-2012-1-237",2012,2012,0.5,"dmp","Captured",1,1,28.86,-0.763333333333333,1.29,-0.876666666666667,-1.53333333333333,-1.67333333333333
"270-2012-1-237",2013,2012,1.5,"dmp","Captured",1,1,36.82,-1.95083333333333,-3.10666666666667,-2.17666666666667,-1.04333333333333,-2.49333333333333
"270-2012-1-237",2014,2012,2.5,"dmp","not_detected",0,0,42.5,-1.2175,-0.98,-2.16333333333333,-1.51333333333333,0.00666666666666666
"270-2012-1-237",2015,2012,3.5,"dmp","Alive-Cuddy",1,0,48.41,1.83166666666667,2.94333333333333,3.56666666666667,0.42,0.223333333333333
"270-2012-1-237",2016,2012,4.5,"dmp","Captured",1,1,25.45,-0.574166666666667,-0.553333333333333,-0.816666666666667,-0.986666666666667,-0.183333333333333
"270-2012-1-237",2017,2012,5.5,"dmp","Captured",1,1,20.91,-0.921666666666667,-0.983333333333333,-1.73,-0.536666666666667,-0.11
"270-2012-1-237",2018,2012,6.5,"dmp","Alive-Cuddy",1,0,19.77,-0.465,-1.89,-2.77666666666667,2.41333333333333,-0.356666666666667
"270-2012-1-237",2019,2012,7.5,"dmp","Captured",1,1,23.86,-1.40833333333333,-0.516666666666667,-1.77,-2.95333333333333,1.45
"270-2012-1-237",2020,2012,8.5,"dmp","Captured",1,1,40.91,-3.4025,-3.32,-3.52,-3.33,-3.37666666666667
"270-2012-1-237",2021,2012,9.5,"dmp","not_detected",0,0,25.91,-1.8125,-3.27666666666667,-0.343333333333333,-0.893333333333333,-3.17
"270-2012-1-237",2022,2012,10.5,"dmp","not_detected",0,0,16.82,-1.96083333333333,-3.23,-2.95666666666667,0.08,-2.33
"270-2012-1-238",2012,2012,0.5,"dmp","Captured",1,1,28.86,-0.763333333333333,1.29,-0.876666666666667,-1.53333333333333,-1.67333333333333
"270-2012-1-238",2013,2012,1.5,"dmp","not_detected",0,0,36.82,-1.95083333333333,-3.10666666666667,-2.17666666666667,-1.04333333333333,-2.49333333333333
"270-2012-1-238",2014,2012,2.5,"dmp","not_detected",0,0,42.5,-1.2175,-0.98,-2.16333333333333,-1.51333333333333,0.00666666666666666
"270-2012-1-238",2015,2012,3.5,"dmp","not_detected",0,0,48.41,1.83166666666667,2.94333333333333,3.56666666666667,0.42,0.223333333333333
"270-2012-1-238",2016,2012,4.5,"dmp","not_detected",0,0,25.45,-0.574166666666667,-0.553333333333333,-0.816666666666667,-0.986666666666667,-0.183333333333333
"270-2012-1-238",2017,2012,5.5,"dmp","not_detected",0,0,20.91,-0.921666666666667,-0.983333333333333,-1.73,-0.536666666666667,-0.11
"270-2012-1-238",2018,2012,6.5,"dmp","not_detected",0,0,19.77,-0.465,-1.89,-2.77666666666667,2.41333333333333,-0.356666666666667
"270-2012-1-238",2019,2012,7.5,"dmp","not_detected",0,0,23.86,-1.40833333333333,-0.516666666666667,-1.77,-2.95333333333333,1.45
"270-2012-1-238",2020,2012,8.5,"dmp","not_detected",0,0,40.91,-3.4025,-3.32,-3.52,-3.33,-3.37666666666667
"270-2012-1-238",2021,2012,9.5,"dmp","not_detected",0,0,25.91,-1.8125,-3.27666666666667,-0.343333333333333,-0.893333333333333,-3.17
"270-2012-1-238",2022,2012,10.5,"dmp","not_detected",0,0,16.82,-1.96083333333333,-3.23,-2.95666666666667,0.08,-2.33
"270-2012-1-248",2012,2012,0.5,"dmp","Captured",1,1,28.86,-0.763333333333333,1.29,-0.876666666666667,-1.53333333333333,-1.67333333333333
"270-2012-1-248",2013,2012,1.5,"dmp","Captured",1,1,36.82,-1.95083333333333,-3.10666666666667,-2.17666666666667,-1.04333333333333,-2.49333333333333
"270-2012-1-248",2014,2012,2.5,"dmp","Captured",1,1,42.5,-1.2175,-0.98,-2.16333333333333,-1.51333333333333,0.00666666666666666
"270-2012-1-248",2015,2012,3.5,"dmp","Captured",1,1,48.41,1.83166666666667,2.94333333333333,3.56666666666667,0.42,0.223333333333333
"270-2012-1-248",2016,2012,4.5,"dmp","Captured",1,1,25.45,-0.574166666666667,-0.553333333333333,-0.816666666666667,-0.986666666666667,-0.183333333333333
"270-2012-1-248",2017,2012,5.5,"dmp","Captured",1,1,20.91,-0.921666666666667,-0.983333333333333,-1.73,-0.536666666666667,-0.11
"270-2012-1-248",2018,2012,6.5,"dmp","Captured",1,1,19.77,-0.465,-1.89,-2.77666666666667,2.41333333333333,-0.356666666666667
"270-2012-1-248",2019,2012,7.5,"dmp","Captured",1,1,23.86,-1.40833333333333,-0.516666666666667,-1.77,-2.95333333333333,1.45
"270-2012-1-248",2020,2012,8.5,"dmp","Captured",1,1,40.91,-3.4025,-3.32,-3.52,-3.33,-3.37666666666667
"270-2012-1-248",2021,2012,9.5,"dmp","Alive-Cuddy",1,0,25.91,-1.8125,-3.27666666666667,-0.343333333333333,-0.893333333333333,-3.17
"270-2012-1-248",2022,2012,10.5,"dmp","not_detected",0,0,16.82,-1.96083333333333,-3.23,-2.95666666666667,0.08,-2.33
"270-2012-1-250",2012,2012,0.5,"dmp","Captured",1,1,28.86,-0.763333333333333,1.29,-0.876666666666667,-1.53333333333333,-1.67333333333333
"270-2012-1-250",2013,2012,1.5,"dmp","not_detected",0,0,36.82,-1.95083333333333,-3.10666666666667,-2.17666666666667,-1.04333333333333,-2.49333333333333
"270-2012-1-250",2014,2012,2.5,"dmp","not_detected",0,0,42.5,-1.2175,-0.98,-2.16333333333333,-1.51333333333333,0.00666666666666666
"270-2012-1-250",2015,2012,3.5,"dmp","not_detected",0,0,48.41,1.83166666666667,2.94333333333333,3.56666666666667,0.42,0.223333333333333
"270-2012-1-250",2016,2012,4.5,"dmp","not_detected",0,0,25.45,-0.574166666666667,-0.553333333333333,-0.816666666666667,-0.986666666666667,-0.183333333333333
"270-2012-1-250",2017,2012,5.5,"dmp","not_detected",0,0,20.91,-0.921666666666667,-0.983333333333333,-1.73,-0.536666666666667,-0.11
"270-2012-1-250",2018,2012,6.5,"dmp","not_detected",0,0,19.77,-0.465,-1.89,-2.77666666666667,2.41333333333333,-0.356666666666667
"270-2012-1-250",2019,2012,7.5,"dmp","not_detected",0,0,23.86,-1.40833333333333,-0.516666666666667,-1.77,-2.95333333333333,1.45
"270-2012-1-250",2020,2012,8.5,"dmp","not_detected",0,0,40.91,-3.4025,-3.32,-3.52,-3.33,-3.37666666666667
"270-2012-1-250",2021,2012,9.5,"dmp","not_detected",0,0,25.91,-1.8125,-3.27666666666667,-0.343333333333333,-0.893333333333333,-3.17
"270-2012-1-250",2022,2012,10.5,"dmp","not_detected",0,0,16.82,-1.96083333333333,-3.23,-2.95666666666667,0.08,-2.33
"270-2012-1-260",2012,2012,0.5,"dmp","Captured",1,1,28.86,-0.763333333333333,1.29,-0.876666666666667,-1.53333333333333,-1.67333333333333
"270-2012-1-260",2013,2012,1.5,"dmp","Captured",1,1,36.82,-1.95083333333333,-3.10666666666667,-2.17666666666667,-1.04333333333333,-2.49333333333333
"270-2012-1-260",2014,2012,2.5,"dmp","Captured",1,1,42.5,-1.2175,-0.98,-2.16333333333333,-1.51333333333333,0.00666666666666666
"270-2012-1-260",2015,2012,3.5,"dmp","Alive-Cuddy",1,0,48.41,1.83166666666667,2.94333333333333,3.56666666666667,0.42,0.223333333333333
"270-2012-1-260",2016,2012,4.5,"dmp","Alive-Cuddy",1,0,25.45,-0.574166666666667,-0.553333333333333,-0.816666666666667,-0.986666666666667,-0.183333333333333
"270-2012-1-260",2017,2012,5.5,"dmp","not_detected",0,0,20.91,-0.921666666666667,-0.983333333333333,-1.73,-0.536666666666667,-0.11
"270-2012-1-260",2018,2012,6.5,"dmp","not_detected",0,0,19.77,-0.465,-1.89,-2.77666666666667,2.41333333333333,-0.356666666666667
"270-2012-1-260",2019,2012,7.5,"dmp","not_detected",0,0,23.86,-1.40833333333333,-0.516666666666667,-1.77,-2.95333333333333,1.45
"270-2012-1-260",2020,2012,8.5,"dmp","not_detected",0,0,40.91,-3.4025,-3.32,-3.52,-3.33,-3.37666666666667
"270-2012-1-260",2021,2012,9.5,"dmp","not_detected",0,0,25.91,-1.8125,-3.27666666666667,-0.343333333333333,-0.893333333333333,-3.17
"270-2012-1-260",2022,2012,10.5,"dmp","not_detected",0,0,16.82,-1.96083333333333,-3.23,-2.95666666666667,0.08,-2.33
"270-2012-1-262",2012,2012,0.5,"dmp","Captured",1,1,28.86,-0.763333333333333,1.29,-0.876666666666667,-1.53333333333333,-1.67333333333333
"270-2012-1-262",2013,2012,1.5,"dmp","Alive-Cuddy",1,0,36.82,-1.95083333333333,-3.10666666666667,-2.17666666666667,-1.04333333333333,-2.49333333333333
"270-2012-1-262",2014,2012,2.5,"dmp","Captured",1,1,42.5,-1.2175,-0.98,-2.16333333333333,-1.51333333333333,0.00666666666666666
"270-2012-1-262",2015,2012,3.5,"dmp","Captured",1,1,48.41,1.83166666666667,2.94333333333333,3.56666666666667,0.42,0.223333333333333
"270-2012-1-262",2016,2012,4.5,"dmp","Captured",1,1,25.45,-0.574166666666667,-0.553333333333333,-0.816666666666667,-0.986666666666667,-0.183333333333333
"270-2012-1-262",2017,2012,5.5,"dmp","Captured",1,1,20.91,-0.921666666666667,-0.983333333333333,-1.73,-0.536666666666667,-0.11
"270-2012-1-262",2018,2012,6.5,"dmp","Captured",1,1,19.77,-0.465,-1.89,-2.77666666666667,2.41333333333333,-0.356666666666667
"270-2012-1-262",2019,2012,7.5,"dmp","Alive-Cuddy",1,0,23.86,-1.40833333333333,-0.516666666666667,-1.77,-2.95333333333333,1.45
"270-2012-1-262",2020,2012,8.5,"dmp","Alive-Cuddy",1,0,40.91,-3.4025,-3.32,-3.52,-3.33,-3.37666666666667
"270-2012-1-262",2021,2012,9.5,"dmp","Captured",1,1,25.91,-1.8125,-3.27666666666667,-0.343333333333333,-0.893333333333333,-3.17
"270-2012-1-262",2022,2012,10.5,"dmp","Captured",1,1,16.82,-1.96083333333333,-3.23,-2.95666666666667,0.08,-2.33
"270-2012-1-263",2012,2012,0.5,"dmp","Captured",1,1,28.86,-0.763333333333333,1.29,-0.876666666666667,-1.53333333333333,-1.67333333333333
"270-2012-1-263",2013,2012,1.5,"dmp","Captured",1,1,36.82,-1.95083333333333,-3.10666666666667,-2.17666666666667,-1.04333333333333,-2.49333333333333
"270-2012-1-263",2014,2012,2.5,"dmp","Captured",1,1,42.5,-1.2175,-0.98,-2.16333333333333,-1.51333333333333,0.00666666666666666
"270-2012-1-263",2015,2012,3.5,"dmp","Captured",1,1,48.41,1.83166666666667,2.94333333333333,3.56666666666667,0.42,0.223333333333333
"270-2012-1-263",2016,2012,4.5,"dmp","not_detected",0,0,25.45,-0.574166666666667,-0.553333333333333,-0.816666666666667,-0.986666666666667,-0.183333333333333
"270-2012-1-263",2017,2012,5.5,"dmp","Captured",1,1,20.91,-0.921666666666667,-0.983333333333333,-1.73,-0.536666666666667,-0.11
"270-2012-1-263",2018,2012,6.5,"dmp","Captured",1,1,19.77,-0.465,-1.89,-2.77666666666667,2.41333333333333,-0.356666666666667
"270-2012-1-263",2019,2012,7.5,"dmp","Alive-Cuddy",1,0,23.86,-1.40833333333333,-0.516666666666667,-1.77,-2.95333333333333,1.45
"270-2012-1-263",2020,2012,8.5,"dmp","Captured",1,1,40.91,-3.4025,-3.32,-3.52,-3.33,-3.37666666666667
"270-2012-1-263",2021,2012,9.5,"dmp","Captured",1,1,25.91,-1.8125,-3.27666666666667,-0.343333333333333,-0.893333333333333,-3.17
"270-2012-1-263",2022,2012,10.5,"dmp","Dead-Capture",2,2,16.82,-1.96083333333333,-3.23,-2.95666666666667,0.08,-2.33
"270-2012-1-265",2012,2012,0.5,"dmp","Captured",1,1,28.86,-0.763333333333333,1.29,-0.876666666666667,-1.53333333333333,-1.67333333333333
"270-2012-1-265",2013,2012,1.5,"dmp","Captured",1,1,36.82,-1.95083333333333,-3.10666666666667,-2.17666666666667,-1.04333333333333,-2.49333333333333
"270-2012-1-265",2014,2012,2.5,"dmp","Captured",1,1,42.5,-1.2175,-0.98,-2.16333333333333,-1.51333333333333,0.00666666666666666
"270-2012-1-265",2015,2012,3.5,"dmp","Captured",1,1,48.41,1.83166666666667,2.94333333333333,3.56666666666667,0.42,0.223333333333333
"270-2012-1-265",2016,2012,4.5,"dmp","Captured",1,1,25.45,-0.574166666666667,-0.553333333333333,-0.816666666666667,-0.986666666666667,-0.183333333333333
"270-2012-1-265",2017,2012,5.5,"dmp","Captured",1,1,20.91,-0.921666666666667,-0.983333333333333,-1.73,-0.536666666666667,-0.11
"270-2012-1-265",2018,2012,6.5,"dmp","not_detected",0,0,19.77,-0.465,-1.89,-2.77666666666667,2.41333333333333,-0.356666666666667
"270-2012-1-265",2019,2012,7.5,"dmp","not_detected",0,0,23.86,-1.40833333333333,-0.516666666666667,-1.77,-2.95333333333333,1.45
"270-2012-1-265",2020,2012,8.5,"dmp","not_detected",0,0,40.91,-3.4025,-3.32,-3.52,-3.33,-3.37666666666667
"270-2012-1-265",2021,2012,9.5,"dmp","not_detected",0,0,25.91,-1.8125,-3.27666666666667,-0.343333333333333,-0.893333333333333,-3.17
"270-2012-1-265",2022,2012,10.5,"dmp","not_detected",0,0,16.82,-1.96083333333333,-3.23,-2.95666666666667,0.08,-2.33
"270-2012-1-266",2012,2012,0.5,"dmp","Captured",1,1,28.86,-0.763333333333333,1.29,-0.876666666666667,-1.53333333333333,-1.67333333333333
"270-2012-1-266",2013,2012,1.5,"dmp","not_detected",0,0,36.82,-1.95083333333333,-3.10666666666667,-2.17666666666667,-1.04333333333333,-2.49333333333333
"270-2012-1-266",2014,2012,2.5,"dmp","Captured",1,1,42.5,-1.2175,-0.98,-2.16333333333333,-1.51333333333333,0.00666666666666666
"270-2012-1-266",2015,2012,3.5,"dmp","Captured",1,1,48.41,1.83166666666667,2.94333333333333,3.56666666666667,0.42,0.223333333333333
"270-2012-1-266",2016,2012,4.5,"dmp","Captured",1,1,25.45,-0.574166666666667,-0.553333333333333,-0.816666666666667,-0.986666666666667,-0.183333333333333
"270-2012-1-266",2017,2012,5.5,"dmp","Captured",1,1,20.91,-0.921666666666667,-0.983333333333333,-1.73,-0.536666666666667,-0.11
"270-2012-1-266",2018,2012,6.5,"dmp","Captured",1,1,19.77,-0.465,-1.89,-2.77666666666667,2.41333333333333,-0.356666666666667
"270-2012-1-266",2019,2012,7.5,"dmp","Captured",1,1,23.86,-1.40833333333333,-0.516666666666667,-1.77,-2.95333333333333,1.45
"270-2012-1-266",2020,2012,8.5,"dmp","Captured",1,1,40.91,-3.4025,-3.32,-3.52,-3.33,-3.37666666666667
"270-2012-1-266",2021,2012,9.5,"dmp","Captured",1,1,25.91,-1.8125,-3.27666666666667,-0.343333333333333,-0.893333333333333,-3.17
"270-2012-1-266",2022,2012,10.5,"dmp","Captured",1,1,16.82,-1.96083333333333,-3.23,-2.95666666666667,0.08,-2.33
"270-2012-1-274",2012,2012,0.5,"dmp","Captured",1,1,28.86,-0.763333333333333,1.29,-0.876666666666667,-1.53333333333333,-1.67333333333333
"270-2012-1-274",2013,2012,1.5,"dmp","not_detected",0,0,36.82,-1.95083333333333,-3.10666666666667,-2.17666666666667,-1.04333333333333,-2.49333333333333
"270-2012-1-274",2014,2012,2.5,"dmp","not_detected",0,0,42.5,-1.2175,-0.98,-2.16333333333333,-1.51333333333333,0.00666666666666666
"270-2012-1-274",2015,2012,3.5,"dmp","not_detected",0,0,48.41,1.83166666666667,2.94333333333333,3.56666666666667,0.42,0.223333333333333
"270-2012-1-274",2016,2012,4.5,"dmp","not_detected",0,0,25.45,-0.574166666666667,-0.553333333333333,-0.816666666666667,-0.986666666666667,-0.183333333333333
"270-2012-1-274",2017,2012,5.5,"dmp","not_detected",0,0,20.91,-0.921666666666667,-0.983333333333333,-1.73,-0.536666666666667,-0.11
"270-2012-1-274",2018,2012,6.5,"dmp","not_detected",0,0,19.77,-0.465,-1.89,-2.77666666666667,2.41333333333333,-0.356666666666667
"270-2012-1-274",2019,2012,7.5,"dmp","not_detected",0,0,23.86,-1.40833333333333,-0.516666666666667,-1.77,-2.95333333333333,1.45
"270-2012-1-274",2020,2012,8.5,"dmp","not_detected",0,0,40.91,-3.4025,-3.32,-3.52,-3.33,-3.37666666666667
"270-2012-1-274",2021,2012,9.5,"dmp","not_detected",0,0,25.91,-1.8125,-3.27666666666667,-0.343333333333333,-0.893333333333333,-3.17
"270-2012-1-274",2022,2012,10.5,"dmp","not_detected",0,0,16.82,-1.96083333333333,-3.23,-2.95666666666667,0.08,-2.33
"270-2012-1-277",2012,2012,0.5,"dmp","Captured",1,1,28.86,-0.763333333333333,1.29,-0.876666666666667,-1.53333333333333,-1.67333333333333
"270-2012-1-277",2013,2012,1.5,"dmp","Captured",1,1,36.82,-1.95083333333333,-3.10666666666667,-2.17666666666667,-1.04333333333333,-2.49333333333333
"270-2012-1-277",2014,2012,2.5,"dmp","Alive-Cuddy",1,0,42.5,-1.2175,-0.98,-2.16333333333333,-1.51333333333333,0.00666666666666666
"270-2012-1-277",2015,2012,3.5,"dmp","Captured",1,1,48.41,1.83166666666667,2.94333333333333,3.56666666666667,0.42,0.223333333333333
"270-2012-1-277",2016,2012,4.5,"dmp","Captured",1,1,25.45,-0.574166666666667,-0.553333333333333,-0.816666666666667,-0.986666666666667,-0.183333333333333
"270-2012-1-277",2017,2012,5.5,"dmp","Captured",1,1,20.91,-0.921666666666667,-0.983333333333333,-1.73,-0.536666666666667,-0.11
"270-2012-1-277",2018,2012,6.5,"dmp","Captured",1,1,19.77,-0.465,-1.89,-2.77666666666667,2.41333333333333,-0.356666666666667
"270-2012-1-277",2019,2012,7.5,"dmp","Nat Mortality",2,2,23.86,-1.40833333333333,-0.516666666666667,-1.77,-2.95333333333333,1.45
"270-2012-1-277",2020,2012,8.5,"dmp","not_detected",0,0,40.91,-3.4025,-3.32,-3.52,-3.33,-3.37666666666667
"270-2012-1-277",2021,2012,9.5,"dmp","not_detected",0,0,25.91,-1.8125,-3.27666666666667,-0.343333333333333,-0.893333333333333,-3.17
"270-2012-1-277",2022,2012,10.5,"dmp","not_detected",0,0,16.82,-1.96083333333333,-3.23,-2.95666666666667,0.08,-2.33
"270-2012-1-278",2012,2012,0.5,"dmp","Captured",1,1,28.86,-0.763333333333333,1.29,-0.876666666666667,-1.53333333333333,-1.67333333333333
"270-2012-1-278",2013,2012,1.5,"dmp","Captured",1,1,36.82,-1.95083333333333,-3.10666666666667,-2.17666666666667,-1.04333333333333,-2.49333333333333
"270-2012-1-278",2014,2012,2.5,"dmp","Captured",1,1,42.5,-1.2175,-0.98,-2.16333333333333,-1.51333333333333,0.00666666666666666
"270-2012-1-278",2015,2012,3.5,"dmp","Captured",1,1,48.41,1.83166666666667,2.94333333333333,3.56666666666667,0.42,0.223333333333333
"270-2012-1-278",2016,2012,4.5,"dmp","Captured",1,1,25.45,-0.574166666666667,-0.553333333333333,-0.816666666666667,-0.986666666666667,-0.183333333333333
"270-2012-1-278",2017,2012,5.5,"dmp","Captured",1,1,20.91,-0.921666666666667,-0.983333333333333,-1.73,-0.536666666666667,-0.11
"270-2012-1-278",2018,2012,6.5,"dmp","Alive-Cuddy",1,0,19.77,-0.465,-1.89,-2.77666666666667,2.41333333333333,-0.356666666666667
"270-2012-1-278",2019,2012,7.5,"dmp","Captured",1,1,23.86,-1.40833333333333,-0.516666666666667,-1.77,-2.95333333333333,1.45
"270-2012-1-278",2020,2012,8.5,"dmp","Captured",1,1,40.91,-3.4025,-3.32,-3.52,-3.33,-3.37666666666667
"270-2012-1-278",2021,2012,9.5,"dmp","Nat Mortality",2,2,25.91,-1.8125,-3.27666666666667,-0.343333333333333,-0.893333333333333,-3.17
"270-2012-1-278",2022,2012,10.5,"dmp","not_detected",0,0,16.82,-1.96083333333333,-3.23,-2.95666666666667,0.08,-2.33
"270-2012-1-284",2012,2012,0.5,"dmp","Captured",1,1,28.86,-0.763333333333333,1.29,-0.876666666666667,-1.53333333333333,-1.67333333333333
"270-2012-1-284",2013,2012,1.5,"dmp","not_detected",0,0,36.82,-1.95083333333333,-3.10666666666667,-2.17666666666667,-1.04333333333333,-2.49333333333333
"270-2012-1-284",2014,2012,2.5,"dmp","not_detected",0,0,42.5,-1.2175,-0.98,-2.16333333333333,-1.51333333333333,0.00666666666666666
"270-2012-1-284",2015,2012,3.5,"dmp","not_detected",0,0,48.41,1.83166666666667,2.94333333333333,3.56666666666667,0.42,0.223333333333333
"270-2012-1-284",2016,2012,4.5,"dmp","not_detected",0,0,25.45,-0.574166666666667,-0.553333333333333,-0.816666666666667,-0.986666666666667,-0.183333333333333
"270-2012-1-284",2017,2012,5.5,"dmp","not_detected",0,0,20.91,-0.921666666666667,-0.983333333333333,-1.73,-0.536666666666667,-0.11
"270-2012-1-284",2018,2012,6.5,"dmp","not_detected",0,0,19.77,-0.465,-1.89,-2.77666666666667,2.41333333333333,-0.356666666666667
"270-2012-1-284",2019,2012,7.5,"dmp","not_detected",0,0,23.86,-1.40833333333333,-0.516666666666667,-1.77,-2.95333333333333,1.45
"270-2012-1-284",2020,2012,8.5,"dmp","not_detected",0,0,40.91,-3.4025,-3.32,-3.52,-3.33,-3.37666666666667
"270-2012-1-284",2021,2012,9.5,"dmp","not_detected",0,0,25.91,-1.8125,-3.27666666666667,-0.343333333333333,-0.893333333333333,-3.17
"270-2012-1-284",2022,2012,10.5,"dmp","not_detected",0,0,16.82,-1.96083333333333,-3.23,-2.95666666666667,0.08,-2.33
"270-2012-1-305",2012,2012,0.5,"dmp","Captured",1,1,28.86,-0.763333333333333,1.29,-0.876666666666667,-1.53333333333333,-1.67333333333333
"270-2012-1-305",2013,2012,1.5,"dmp","not_detected",0,0,36.82,-1.95083333333333,-3.10666666666667,-2.17666666666667,-1.04333333333333,-2.49333333333333
"270-2012-1-305",2014,2012,2.5,"dmp","not_detected",0,0,42.5,-1.2175,-0.98,-2.16333333333333,-1.51333333333333,0.00666666666666666
"270-2012-1-305",2015,2012,3.5,"dmp","not_detected",0,0,48.41,1.83166666666667,2.94333333333333,3.56666666666667,0.42,0.223333333333333
"270-2012-1-305",2016,2012,4.5,"dmp","not_detected",0,0,25.45,-0.574166666666667,-0.553333333333333,-0.816666666666667,-0.986666666666667,-0.183333333333333
"270-2012-1-305",2017,2012,5.5,"dmp","not_detected",0,0,20.91,-0.921666666666667,-0.983333333333333,-1.73,-0.536666666666667,-0.11
"270-2012-1-305",2018,2012,6.5,"dmp","not_detected",0,0,19.77,-0.465,-1.89,-2.77666666666667,2.41333333333333,-0.356666666666667
"270-2012-1-305",2019,2012,7.5,"dmp","not_detected",0,0,23.86,-1.40833333333333,-0.516666666666667,-1.77,-2.95333333333333,1.45
"270-2012-1-305",2020,2012,8.5,"dmp","not_detected",0,0,40.91,-3.4025,-3.32,-3.52,-3.33,-3.37666666666667
"270-2012-1-305",2021,2012,9.5,"dmp","not_detected",0,0,25.91,-1.8125,-3.27666666666667,-0.343333333333333,-0.893333333333333,-3.17
"270-2012-1-305",2022,2012,10.5,"dmp","not_detected",0,0,16.82,-1.96083333333333,-3.23,-2.95666666666667,0.08,-2.33
"270-2012-1-314",2012,2012,0.5,"dmp","Captured",1,1,28.86,-0.763333333333333,1.29,-0.876666666666667,-1.53333333333333,-1.67333333333333
"270-2012-1-314",2013,2012,1.5,"dmp","Captured",1,1,36.82,-1.95083333333333,-3.10666666666667,-2.17666666666667,-1.04333333333333,-2.49333333333333
"270-2012-1-314",2014,2012,2.5,"dmp","Captured",1,1,42.5,-1.2175,-0.98,-2.16333333333333,-1.51333333333333,0.00666666666666666
"270-2012-1-314",2015,2012,3.5,"dmp","Captured",1,1,48.41,1.83166666666667,2.94333333333333,3.56666666666667,0.42,0.223333333333333
"270-2012-1-314",2016,2012,4.5,"dmp","Captured",1,1,25.45,-0.574166666666667,-0.553333333333333,-0.816666666666667,-0.986666666666667,-0.183333333333333
"270-2012-1-314",2017,2012,5.5,"dmp","not_detected",0,0,20.91,-0.921666666666667,-0.983333333333333,-1.73,-0.536666666666667,-0.11
"270-2012-1-314",2018,2012,6.5,"dmp","not_detected",0,0,19.77,-0.465,-1.89,-2.77666666666667,2.41333333333333,-0.356666666666667
"270-2012-1-314",2019,2012,7.5,"dmp","not_detected",0,0,23.86,-1.40833333333333,-0.516666666666667,-1.77,-2.95333333333333,1.45
"270-2012-1-314",2020,2012,8.5,"dmp","not_detected",0,0,40.91,-3.4025,-3.32,-3.52,-3.33,-3.37666666666667
"270-2012-1-314",2021,2012,9.5,"dmp","not_detected",0,0,25.91,-1.8125,-3.27666666666667,-0.343333333333333,-0.893333333333333,-3.17
"270-2012-1-314",2022,2012,10.5,"dmp","not_detected",0,0,16.82,-1.96083333333333,-3.23,-2.95666666666667,0.08,-2.33
"270-2013-0-258",2013,2013,0.5,"wy","Captured",1,1,36.82,-1.95083333333333,-3.10666666666667,-2.17666666666667,-1.04333333333333,-2.49333333333333
"270-2013-0-258",2014,2013,1.5,"wy","Alive-Cuddy",1,0,42.5,-1.2175,-0.98,-2.16333333333333,-1.51333333333333,0.00666666666666666
"270-2013-0-258",2015,2013,2.5,"wy","Captured",1,1,48.41,1.83166666666667,2.94333333333333,3.56666666666667,0.42,0.223333333333333
"270-2013-0-258",2016,2013,3.5,"wy","Captured",1,1,25.45,-0.574166666666667,-0.553333333333333,-0.816666666666667,-0.986666666666667,-0.183333333333333
"270-2013-0-258",2017,2013,4.5,"wy","Captured",1,1,20.91,-0.921666666666667,-0.983333333333333,-1.73,-0.536666666666667,-0.11
"270-2013-0-258",2018,2013,5.5,"wy","not_detected",0,0,19.77,-0.465,-1.89,-2.77666666666667,2.41333333333333,-0.356666666666667
"270-2013-0-258",2019,2013,6.5,"wy","not_detected",0,0,23.86,-1.40833333333333,-0.516666666666667,-1.77,-2.95333333333333,1.45
"270-2013-0-258",2020,2013,7.5,"wy","not_detected",0,0,40.91,-3.4025,-3.32,-3.52,-3.33,-3.37666666666667
"270-2013-0-258",2021,2013,8.5,"wy","not_detected",0,0,25.91,-1.8125,-3.27666666666667,-0.343333333333333,-0.893333333333333,-3.17
"270-2013-0-258",2022,2013,9.5,"wy","not_detected",0,0,16.82,-1.96083333333333,-3.23,-2.95666666666667,0.08,-2.33
"270-2013-0-259",2013,2013,0.5,"wy","Captured",1,1,36.82,-1.95083333333333,-3.10666666666667,-2.17666666666667,-1.04333333333333,-2.49333333333333
"270-2013-0-259",2014,2013,1.5,"wy","not_detected",0,0,42.5,-1.2175,-0.98,-2.16333333333333,-1.51333333333333,0.00666666666666666
"270-2013-0-259",2015,2013,2.5,"wy","not_detected",0,0,48.41,1.83166666666667,2.94333333333333,3.56666666666667,0.42,0.223333333333333
"270-2013-0-259",2016,2013,3.5,"wy","not_detected",0,0,25.45,-0.574166666666667,-0.553333333333333,-0.816666666666667,-0.986666666666667,-0.183333333333333
"270-2013-0-259",2017,2013,4.5,"wy","not_detected",0,0,20.91,-0.921666666666667,-0.983333333333333,-1.73,-0.536666666666667,-0.11
"270-2013-0-259",2018,2013,5.5,"wy","not_detected",0,0,19.77,-0.465,-1.89,-2.77666666666667,2.41333333333333,-0.356666666666667
"270-2013-0-259",2019,2013,6.5,"wy","not_detected",0,0,23.86,-1.40833333333333,-0.516666666666667,-1.77,-2.95333333333333,1.45
"270-2013-0-259",2020,2013,7.5,"wy","not_detected",0,0,40.91,-3.4025,-3.32,-3.52,-3.33,-3.37666666666667
"270-2013-0-259",2021,2013,8.5,"wy","not_detected",0,0,25.91,-1.8125,-3.27666666666667,-0.343333333333333,-0.893333333333333,-3.17
"270-2013-0-259",2022,2013,9.5,"wy","not_detected",0,0,16.82,-1.96083333333333,-3.23,-2.95666666666667,0.08,-2.33
"270-2013-0-260",2013,2013,0.5,"wy","Captured",1,1,36.82,-1.95083333333333,-3.10666666666667,-2.17666666666667,-1.04333333333333,-2.49333333333333
"270-2013-0-260",2014,2013,1.5,"wy","Captured",1,1,42.5,-1.2175,-0.98,-2.16333333333333,-1.51333333333333,0.00666666666666666
"270-2013-0-260",2015,2013,2.5,"wy","Captured",1,1,48.41,1.83166666666667,2.94333333333333,3.56666666666667,0.42,0.223333333333333
"270-2013-0-260",2016,2013,3.5,"wy","Captured",1,1,25.45,-0.574166666666667,-0.553333333333333,-0.816666666666667,-0.986666666666667,-0.183333333333333
"270-2013-0-260",2017,2013,4.5,"wy","Captured",1,1,20.91,-0.921666666666667,-0.983333333333333,-1.73,-0.536666666666667,-0.11
"270-2013-0-260",2018,2013,5.5,"wy","Captured",1,1,19.77,-0.465,-1.89,-2.77666666666667,2.41333333333333,-0.356666666666667
"270-2013-0-260",2019,2013,6.5,"wy","Captured",1,1,23.86,-1.40833333333333,-0.516666666666667,-1.77,-2.95333333333333,1.45
"270-2013-0-260",2020,2013,7.5,"wy","Alive-Cuddy",1,0,40.91,-3.4025,-3.32,-3.52,-3.33,-3.37666666666667
"270-2013-0-260",2021,2013,8.5,"wy","Captured",1,1,25.91,-1.8125,-3.27666666666667,-0.343333333333333,-0.893333333333333,-3.17
"270-2013-0-260",2022,2013,9.5,"wy","Captured",1,1,16.82,-1.96083333333333,-3.23,-2.95666666666667,0.08,-2.33
"270-2013-0-261",2013,2013,0.5,"wy","Captured",1,1,36.82,-1.95083333333333,-3.10666666666667,-2.17666666666667,-1.04333333333333,-2.49333333333333
"270-2013-0-261",2014,2013,1.5,"wy","Captured",1,1,42.5,-1.2175,-0.98,-2.16333333333333,-1.51333333333333,0.00666666666666666
"270-2013-0-261",2015,2013,2.5,"wy","Alive-Cuddy",1,0,48.41,1.83166666666667,2.94333333333333,3.56666666666667,0.42,0.223333333333333
"270-2013-0-261",2016,2013,3.5,"wy","not_detected",0,0,25.45,-0.574166666666667,-0.553333333333333,-0.816666666666667,-0.986666666666667,-0.183333333333333
"270-2013-0-261",2017,2013,4.5,"wy","not_detected",0,0,20.91,-0.921666666666667,-0.983333333333333,-1.73,-0.536666666666667,-0.11
"270-2013-0-261",2018,2013,5.5,"wy","not_detected",0,0,19.77,-0.465,-1.89,-2.77666666666667,2.41333333333333,-0.356666666666667
"270-2013-0-261",2019,2013,6.5,"wy","not_detected",0,0,23.86,-1.40833333333333,-0.516666666666667,-1.77,-2.95333333333333,1.45
"270-2013-0-261",2020,2013,7.5,"wy","not_detected",0,0,40.91,-3.4025,-3.32,-3.52,-3.33,-3.37666666666667
"270-2013-0-261",2021,2013,8.5,"wy","not_detected",0,0,25.91,-1.8125,-3.27666666666667,-0.343333333333333,-0.893333333333333,-3.17
"270-2013-0-261",2022,2013,9.5,"wy","not_detected",0,0,16.82,-1.96083333333333,-3.23,-2.95666666666667,0.08,-2.33
"270-2013-0-262",2013,2013,0.5,"wy","Captured",1,1,36.82,-1.95083333333333,-3.10666666666667,-2.17666666666667,-1.04333333333333,-2.49333333333333
"270-2013-0-262",2014,2013,1.5,"wy","Alive-Cuddy",1,0,42.5,-1.2175,-0.98,-2.16333333333333,-1.51333333333333,0.00666666666666666
"270-2013-0-262",2015,2013,2.5,"wy","Captured",1,1,48.41,1.83166666666667,2.94333333333333,3.56666666666667,0.42,0.223333333333333
"270-2013-0-262",2016,2013,3.5,"wy","Captured",1,1,25.45,-0.574166666666667,-0.553333333333333,-0.816666666666667,-0.986666666666667,-0.183333333333333
"270-2013-0-262",2017,2013,4.5,"wy","Captured",1,1,20.91,-0.921666666666667,-0.983333333333333,-1.73,-0.536666666666667,-0.11
"270-2013-0-262",2018,2013,5.5,"wy","Captured",1,1,19.77,-0.465,-1.89,-2.77666666666667,2.41333333333333,-0.356666666666667
"270-2013-0-262",2019,2013,6.5,"wy","Captured",1,1,23.86,-1.40833333333333,-0.516666666666667,-1.77,-2.95333333333333,1.45
"270-2013-0-262",2020,2013,7.5,"wy","Captured",1,1,40.91,-3.4025,-3.32,-3.52,-3.33,-3.37666666666667
"270-2013-0-262",2021,2013,8.5,"wy","Nat Mortality",2,2,25.91,-1.8125,-3.27666666666667,-0.343333333333333,-0.893333333333333,-3.17
"270-2013-0-262",2022,2013,9.5,"wy","not_detected",0,0,16.82,-1.96083333333333,-3.23,-2.95666666666667,0.08,-2.33
"270-2013-0-263",2013,2013,0.5,"wy","Captured",1,1,36.82,-1.95083333333333,-3.10666666666667,-2.17666666666667,-1.04333333333333,-2.49333333333333
"270-2013-0-263",2014,2013,1.5,"wy","Alive-Cuddy",1,0,42.5,-1.2175,-0.98,-2.16333333333333,-1.51333333333333,0.00666666666666666
"270-2013-0-263",2015,2013,2.5,"wy","Captured",1,1,48.41,1.83166666666667,2.94333333333333,3.56666666666667,0.42,0.223333333333333
"270-2013-0-263",2016,2013,3.5,"wy","Captured",1,1,25.45,-0.574166666666667,-0.553333333333333,-0.816666666666667,-0.986666666666667,-0.183333333333333
"270-2013-0-263",2017,2013,4.5,"wy","Captured",1,1,20.91,-0.921666666666667,-0.983333333333333,-1.73,-0.536666666666667,-0.11
"270-2013-0-263",2018,2013,5.5,"wy","Captured",1,1,19.77,-0.465,-1.89,-2.77666666666667,2.41333333333333,-0.356666666666667
"270-2013-0-263",2019,2013,6.5,"wy","Captured",1,1,23.86,-1.40833333333333,-0.516666666666667,-1.77,-2.95333333333333,1.45
"270-2013-0-263",2020,2013,7.5,"wy","Captured",1,1,40.91,-3.4025,-3.32,-3.52,-3.33,-3.37666666666667
"270-2013-0-263",2021,2013,8.5,"wy","not_detected",0,0,25.91,-1.8125,-3.27666666666667,-0.343333333333333,-0.893333333333333,-3.17
"270-2013-0-263",2022,2013,9.5,"wy","not_detected",0,0,16.82,-1.96083333333333,-3.23,-2.95666666666667,0.08,-2.33
"270-2013-0-264",2013,2013,0.5,"wy","Captured",1,1,36.82,-1.95083333333333,-3.10666666666667,-2.17666666666667,-1.04333333333333,-2.49333333333333
"270-2013-0-264",2014,2013,1.5,"wy","Alive-Cuddy",1,0,42.5,-1.2175,-0.98,-2.16333333333333,-1.51333333333333,0.00666666666666666
"270-2013-0-264",2015,2013,2.5,"wy","Captured",1,1,48.41,1.83166666666667,2.94333333333333,3.56666666666667,0.42,0.223333333333333
"270-2013-0-264",2016,2013,3.5,"wy","Captured",1,1,25.45,-0.574166666666667,-0.553333333333333,-0.816666666666667,-0.986666666666667,-0.183333333333333
"270-2013-0-264",2017,2013,4.5,"wy","Captured",1,1,20.91,-0.921666666666667,-0.983333333333333,-1.73,-0.536666666666667,-0.11
"270-2013-0-264",2018,2013,5.5,"wy","Captured",1,1,19.77,-0.465,-1.89,-2.77666666666667,2.41333333333333,-0.356666666666667
"270-2013-0-264",2019,2013,6.5,"wy","Alive-Cuddy",1,0,23.86,-1.40833333333333,-0.516666666666667,-1.77,-2.95333333333333,1.45
"270-2013-0-264",2020,2013,7.5,"wy","Alive-Cuddy",1,0,40.91,-3.4025,-3.32,-3.52,-3.33,-3.37666666666667
"270-2013-0-264",2021,2013,8.5,"wy","not_detected",0,0,25.91,-1.8125,-3.27666666666667,-0.343333333333333,-0.893333333333333,-3.17
"270-2013-0-264",2022,2013,9.5,"wy","not_detected",0,0,16.82,-1.96083333333333,-3.23,-2.95666666666667,0.08,-2.33
"270-2013-0-265",2013,2013,0.5,"wy","Captured",1,1,36.82,-1.95083333333333,-3.10666666666667,-2.17666666666667,-1.04333333333333,-2.49333333333333
"270-2013-0-265",2014,2013,1.5,"wy","Captured",1,1,42.5,-1.2175,-0.98,-2.16333333333333,-1.51333333333333,0.00666666666666666
"270-2013-0-265",2015,2013,2.5,"wy","Captured",1,1,48.41,1.83166666666667,2.94333333333333,3.56666666666667,0.42,0.223333333333333
"270-2013-0-265",2016,2013,3.5,"wy","Captured",1,1,25.45,-0.574166666666667,-0.553333333333333,-0.816666666666667,-0.986666666666667,-0.183333333333333
"270-2013-0-265",2017,2013,4.5,"wy","Nat Mortality",2,2,20.91,-0.921666666666667,-0.983333333333333,-1.73,-0.536666666666667,-0.11
"270-2013-0-265",2018,2013,5.5,"wy","not_detected",0,0,19.77,-0.465,-1.89,-2.77666666666667,2.41333333333333,-0.356666666666667
"270-2013-0-265",2019,2013,6.5,"wy","not_detected",0,0,23.86,-1.40833333333333,-0.516666666666667,-1.77,-2.95333333333333,1.45
"270-2013-0-265",2020,2013,7.5,"wy","not_detected",0,0,40.91,-3.4025,-3.32,-3.52,-3.33,-3.37666666666667
"270-2013-0-265",2021,2013,8.5,"wy","not_detected",0,0,25.91,-1.8125,-3.27666666666667,-0.343333333333333,-0.893333333333333,-3.17
"270-2013-0-265",2022,2013,9.5,"wy","not_detected",0,0,16.82,-1.96083333333333,-3.23,-2.95666666666667,0.08,-2.33
"270-2013-0-266",2013,2013,0.5,"wy","Captured",1,1,36.82,-1.95083333333333,-3.10666666666667,-2.17666666666667,-1.04333333333333,-2.49333333333333
"270-2013-0-266",2014,2013,1.5,"wy","Captured",1,1,42.5,-1.2175,-0.98,-2.16333333333333,-1.51333333333333,0.00666666666666666
"270-2013-0-266",2015,2013,2.5,"wy","Captured",1,1,48.41,1.83166666666667,2.94333333333333,3.56666666666667,0.42,0.223333333333333
"270-2013-0-266",2016,2013,3.5,"wy","Captured",1,1,25.45,-0.574166666666667,-0.553333333333333,-0.816666666666667,-0.986666666666667,-0.183333333333333
"270-2013-0-266",2017,2013,4.5,"wy","Alive-Cuddy",1,0,20.91,-0.921666666666667,-0.983333333333333,-1.73,-0.536666666666667,-0.11
"270-2013-0-266",2018,2013,5.5,"wy","Alive-Cuddy",1,0,19.77,-0.465,-1.89,-2.77666666666667,2.41333333333333,-0.356666666666667
"270-2013-0-266",2019,2013,6.5,"wy","Captured",1,1,23.86,-1.40833333333333,-0.516666666666667,-1.77,-2.95333333333333,1.45
"270-2013-0-266",2020,2013,7.5,"wy","not_detected",0,0,40.91,-3.4025,-3.32,-3.52,-3.33,-3.37666666666667
"270-2013-0-266",2021,2013,8.5,"wy","not_detected",0,0,25.91,-1.8125,-3.27666666666667,-0.343333333333333,-0.893333333333333,-3.17
"270-2013-0-266",2022,2013,9.5,"wy","not_detected",0,0,16.82,-1.96083333333333,-3.23,-2.95666666666667,0.08,-2.33
"270-2013-0-267",2013,2013,0.5,"wy","Captured",1,1,36.82,-1.95083333333333,-3.10666666666667,-2.17666666666667,-1.04333333333333,-2.49333333333333
"270-2013-0-267",2014,2013,1.5,"wy","Captured",1,1,42.5,-1.2175,-0.98,-2.16333333333333,-1.51333333333333,0.00666666666666666
"270-2013-0-267",2015,2013,2.5,"wy","Captured",1,1,48.41,1.83166666666667,2.94333333333333,3.56666666666667,0.42,0.223333333333333
"270-2013-0-267",2016,2013,3.5,"wy","Alive-Cuddy",1,0,25.45,-0.574166666666667,-0.553333333333333,-0.816666666666667,-0.986666666666667,-0.183333333333333
"270-2013-0-267",2017,2013,4.5,"wy","Captured",1,1,20.91,-0.921666666666667,-0.983333333333333,-1.73,-0.536666666666667,-0.11
"270-2013-0-267",2018,2013,5.5,"wy","Captured",1,1,19.77,-0.465,-1.89,-2.77666666666667,2.41333333333333,-0.356666666666667
"270-2013-0-267",2019,2013,6.5,"wy","Captured",1,1,23.86,-1.40833333333333,-0.516666666666667,-1.77,-2.95333333333333,1.45
"270-2013-0-267",2020,2013,7.5,"wy","Alive-Cuddy",1,0,40.91,-3.4025,-3.32,-3.52,-3.33,-3.37666666666667
"270-2013-0-267",2021,2013,8.5,"wy","Captured",1,1,25.91,-1.8125,-3.27666666666667,-0.343333333333333,-0.893333333333333,-3.17
"270-2013-0-267",2022,2013,9.5,"wy","Captured",1,1,16.82,-1.96083333333333,-3.23,-2.95666666666667,0.08,-2.33
"270-2013-0-268",2013,2013,0.5,"wy","Captured",1,1,36.82,-1.95083333333333,-3.10666666666667,-2.17666666666667,-1.04333333333333,-2.49333333333333
"270-2013-0-268",2014,2013,1.5,"wy","Captured",1,1,42.5,-1.2175,-0.98,-2.16333333333333,-1.51333333333333,0.00666666666666666
"270-2013-0-268",2015,2013,2.5,"wy","Captured",1,1,48.41,1.83166666666667,2.94333333333333,3.56666666666667,0.42,0.223333333333333
"270-2013-0-268",2016,2013,3.5,"wy","Captured",1,1,25.45,-0.574166666666667,-0.553333333333333,-0.816666666666667,-0.986666666666667,-0.183333333333333
"270-2013-0-268",2017,2013,4.5,"wy","Alive-Cuddy",1,0,20.91,-0.921666666666667,-0.983333333333333,-1.73,-0.536666666666667,-0.11
"270-2013-0-268",2018,2013,5.5,"wy","not_detected",0,0,19.77,-0.465,-1.89,-2.77666666666667,2.41333333333333,-0.356666666666667
"270-2013-0-268",2019,2013,6.5,"wy","not_detected",0,0,23.86,-1.40833333333333,-0.516666666666667,-1.77,-2.95333333333333,1.45
"270-2013-0-268",2020,2013,7.5,"wy","not_detected",0,0,40.91,-3.4025,-3.32,-3.52,-3.33,-3.37666666666667
"270-2013-0-268",2021,2013,8.5,"wy","not_detected",0,0,25.91,-1.8125,-3.27666666666667,-0.343333333333333,-0.893333333333333,-3.17
"270-2013-0-268",2022,2013,9.5,"wy","not_detected",0,0,16.82,-1.96083333333333,-3.23,-2.95666666666667,0.08,-2.33
"270-2013-0-269",2013,2013,0.5,"wy","Captured",1,1,36.82,-1.95083333333333,-3.10666666666667,-2.17666666666667,-1.04333333333333,-2.49333333333333
"270-2013-0-269",2014,2013,1.5,"wy","Alive-Cuddy",1,0,42.5,-1.2175,-0.98,-2.16333333333333,-1.51333333333333,0.00666666666666666
"270-2013-0-269",2015,2013,2.5,"wy","Captured",1,1,48.41,1.83166666666667,2.94333333333333,3.56666666666667,0.42,0.223333333333333
"270-2013-0-269",2016,2013,3.5,"wy","Captured",1,1,25.45,-0.574166666666667,-0.553333333333333,-0.816666666666667,-0.986666666666667,-0.183333333333333
"270-2013-0-269",2017,2013,4.5,"wy","Alive-Cuddy",1,0,20.91,-0.921666666666667,-0.983333333333333,-1.73,-0.536666666666667,-0.11
"270-2013-0-269",2018,2013,5.5,"wy","Captured",1,1,19.77,-0.465,-1.89,-2.77666666666667,2.41333333333333,-0.356666666666667
"270-2013-0-269",2019,2013,6.5,"wy","Captured",1,1,23.86,-1.40833333333333,-0.516666666666667,-1.77,-2.95333333333333,1.45
"270-2013-0-269",2020,2013,7.5,"wy","Captured",1,1,40.91,-3.4025,-3.32,-3.52,-3.33,-3.37666666666667
"270-2013-0-269",2021,2013,8.5,"wy","not_detected",0,0,25.91,-1.8125,-3.27666666666667,-0.343333333333333,-0.893333333333333,-3.17
"270-2013-0-269",2022,2013,9.5,"wy","not_detected",0,0,16.82,-1.96083333333333,-3.23,-2.95666666666667,0.08,-2.33
"270-2013-0-270",2013,2013,0.5,"wy","Captured",1,1,36.82,-1.95083333333333,-3.10666666666667,-2.17666666666667,-1.04333333333333,-2.49333333333333
"270-2013-0-270",2014,2013,1.5,"wy","Harvested",2,2,42.5,-1.2175,-0.98,-2.16333333333333,-1.51333333333333,0.00666666666666666
"270-2013-0-270",2015,2013,2.5,"wy","not_detected",0,0,48.41,1.83166666666667,2.94333333333333,3.56666666666667,0.42,0.223333333333333
"270-2013-0-270",2016,2013,3.5,"wy","not_detected",0,0,25.45,-0.574166666666667,-0.553333333333333,-0.816666666666667,-0.986666666666667,-0.183333333333333
"270-2013-0-270",2017,2013,4.5,"wy","not_detected",0,0,20.91,-0.921666666666667,-0.983333333333333,-1.73,-0.536666666666667,-0.11
"270-2013-0-270",2018,2013,5.5,"wy","not_detected",0,0,19.77,-0.465,-1.89,-2.77666666666667,2.41333333333333,-0.356666666666667
"270-2013-0-270",2019,2013,6.5,"wy","not_detected",0,0,23.86,-1.40833333333333,-0.516666666666667,-1.77,-2.95333333333333,1.45
"270-2013-0-270",2020,2013,7.5,"wy","not_detected",0,0,40.91,-3.4025,-3.32,-3.52,-3.33,-3.37666666666667
"270-2013-0-270",2021,2013,8.5,"wy","not_detected",0,0,25.91,-1.8125,-3.27666666666667,-0.343333333333333,-0.893333333333333,-3.17
"270-2013-0-270",2022,2013,9.5,"wy","not_detected",0,0,16.82,-1.96083333333333,-3.23,-2.95666666666667,0.08,-2.33
"270-2013-0-271",2013,2013,0.5,"wy","Captured",1,1,36.82,-1.95083333333333,-3.10666666666667,-2.17666666666667,-1.04333333333333,-2.49333333333333
"270-2013-0-271",2014,2013,1.5,"wy","Captured",1,1,42.5,-1.2175,-0.98,-2.16333333333333,-1.51333333333333,0.00666666666666666
"270-2013-0-271",2015,2013,2.5,"wy","Captured",1,1,48.41,1.83166666666667,2.94333333333333,3.56666666666667,0.42,0.223333333333333
"270-2013-0-271",2016,2013,3.5,"wy","Captured",1,1,25.45,-0.574166666666667,-0.553333333333333,-0.816666666666667,-0.986666666666667,-0.183333333333333
"270-2013-0-271",2017,2013,4.5,"wy","Captured",1,1,20.91,-0.921666666666667,-0.983333333333333,-1.73,-0.536666666666667,-0.11
"270-2013-0-271",2018,2013,5.5,"wy","Captured",1,1,19.77,-0.465,-1.89,-2.77666666666667,2.41333333333333,-0.356666666666667
"270-2013-0-271",2019,2013,6.5,"wy","Captured",1,1,23.86,-1.40833333333333,-0.516666666666667,-1.77,-2.95333333333333,1.45
"270-2013-0-271",2020,2013,7.5,"wy","Captured",1,1,40.91,-3.4025,-3.32,-3.52,-3.33,-3.37666666666667
"270-2013-0-271",2021,2013,8.5,"wy","not_detected",0,0,25.91,-1.8125,-3.27666666666667,-0.343333333333333,-0.893333333333333,-3.17
"270-2013-0-271",2022,2013,9.5,"wy","Captured",1,1,16.82,-1.96083333333333,-3.23,-2.95666666666667,0.08,-2.33
"270-2013-0-272",2013,2013,0.5,"wy","Captured",1,1,36.82,-1.95083333333333,-3.10666666666667,-2.17666666666667,-1.04333333333333,-2.49333333333333
"270-2013-0-272",2014,2013,1.5,"wy","Captured",1,1,42.5,-1.2175,-0.98,-2.16333333333333,-1.51333333333333,0.00666666666666666
"270-2013-0-272",2015,2013,2.5,"wy","Captured",1,1,48.41,1.83166666666667,2.94333333333333,3.56666666666667,0.42,0.223333333333333
"270-2013-0-272",2016,2013,3.5,"wy","Captured",1,1,25.45,-0.574166666666667,-0.553333333333333,-0.816666666666667,-0.986666666666667,-0.183333333333333
"270-2013-0-272",2017,2013,4.5,"wy","Captured",1,1,20.91,-0.921666666666667,-0.983333333333333,-1.73,-0.536666666666667,-0.11
"270-2013-0-272",2018,2013,5.5,"wy","not_detected",0,0,19.77,-0.465,-1.89,-2.77666666666667,2.41333333333333,-0.356666666666667
"270-2013-0-272",2019,2013,6.5,"wy","not_detected",0,0,23.86,-1.40833333333333,-0.516666666666667,-1.77,-2.95333333333333,1.45
"270-2013-0-272",2020,2013,7.5,"wy","not_detected",0,0,40.91,-3.4025,-3.32,-3.52,-3.33,-3.37666666666667
"270-2013-0-272",2021,2013,8.5,"wy","not_detected",0,0,25.91,-1.8125,-3.27666666666667,-0.343333333333333,-0.893333333333333,-3.17
"270-2013-0-272",2022,2013,9.5,"wy","not_detected",0,0,16.82,-1.96083333333333,-3.23,-2.95666666666667,0.08,-2.33
"270-2013-1-202",2013,2013,0.5,"dmp","Captured",1,1,36.82,-1.95083333333333,-3.10666666666667,-2.17666666666667,-1.04333333333333,-2.49333333333333
"270-2013-1-202",2014,2013,1.5,"dmp","Alive-Cuddy",1,0,42.5,-1.2175,-0.98,-2.16333333333333,-1.51333333333333,0.00666666666666666
"270-2013-1-202",2015,2013,2.5,"dmp","Captured",1,1,48.41,1.83166666666667,2.94333333333333,3.56666666666667,0.42,0.223333333333333
"270-2013-1-202",2016,2013,3.5,"dmp","Captured",1,1,25.45,-0.574166666666667,-0.553333333333333,-0.816666666666667,-0.986666666666667,-0.183333333333333
"270-2013-1-202",2017,2013,4.5,"dmp","Captured",1,1,20.91,-0.921666666666667,-0.983333333333333,-1.73,-0.536666666666667,-0.11
"270-2013-1-202",2018,2013,5.5,"dmp","Captured",1,1,19.77,-0.465,-1.89,-2.77666666666667,2.41333333333333,-0.356666666666667
"270-2013-1-202",2019,2013,6.5,"dmp","Alive-Cuddy",1,0,23.86,-1.40833333333333,-0.516666666666667,-1.77,-2.95333333333333,1.45
"270-2013-1-202",2020,2013,7.5,"dmp","Captured",1,1,40.91,-3.4025,-3.32,-3.52,-3.33,-3.37666666666667
"270-2013-1-202",2021,2013,8.5,"dmp","not_detected",0,0,25.91,-1.8125,-3.27666666666667,-0.343333333333333,-0.893333333333333,-3.17
"270-2013-1-202",2022,2013,9.5,"dmp","not_detected",0,0,16.82,-1.96083333333333,-3.23,-2.95666666666667,0.08,-2.33
"270-2013-1-204",2013,2013,0.5,"dmp","Captured",1,1,36.82,-1.95083333333333,-3.10666666666667,-2.17666666666667,-1.04333333333333,-2.49333333333333
"270-2013-1-204",2014,2013,1.5,"dmp","Captured",1,1,42.5,-1.2175,-0.98,-2.16333333333333,-1.51333333333333,0.00666666666666666
"270-2013-1-204",2015,2013,2.5,"dmp","Captured",1,1,48.41,1.83166666666667,2.94333333333333,3.56666666666667,0.42,0.223333333333333
"270-2013-1-204",2016,2013,3.5,"dmp","Captured",1,1,25.45,-0.574166666666667,-0.553333333333333,-0.816666666666667,-0.986666666666667,-0.183333333333333
"270-2013-1-204",2017,2013,4.5,"dmp","Captured",1,1,20.91,-0.921666666666667,-0.983333333333333,-1.73,-0.536666666666667,-0.11
"270-2013-1-204",2018,2013,5.5,"dmp","Captured",1,1,19.77,-0.465,-1.89,-2.77666666666667,2.41333333333333,-0.356666666666667
"270-2013-1-204",2019,2013,6.5,"dmp","Captured",1,1,23.86,-1.40833333333333,-0.516666666666667,-1.77,-2.95333333333333,1.45
"270-2013-1-204",2020,2013,7.5,"dmp","Captured",1,1,40.91,-3.4025,-3.32,-3.52,-3.33,-3.37666666666667
"270-2013-1-204",2021,2013,8.5,"dmp","not_detected",0,0,25.91,-1.8125,-3.27666666666667,-0.343333333333333,-0.893333333333333,-3.17
"270-2013-1-204",2022,2013,9.5,"dmp","not_detected",0,0,16.82,-1.96083333333333,-3.23,-2.95666666666667,0.08,-2.33
"270-2013-1-205",2013,2013,0.5,"dmp","Captured",1,1,36.82,-1.95083333333333,-3.10666666666667,-2.17666666666667,-1.04333333333333,-2.49333333333333
"270-2013-1-205",2014,2013,1.5,"dmp","Captured",1,1,42.5,-1.2175,-0.98,-2.16333333333333,-1.51333333333333,0.00666666666666666
"270-2013-1-205",2015,2013,2.5,"dmp","Captured",1,1,48.41,1.83166666666667,2.94333333333333,3.56666666666667,0.42,0.223333333333333
"270-2013-1-205",2016,2013,3.5,"dmp","not_detected",0,0,25.45,-0.574166666666667,-0.553333333333333,-0.816666666666667,-0.986666666666667,-0.183333333333333
"270-2013-1-205",2017,2013,4.5,"dmp","not_detected",0,0,20.91,-0.921666666666667,-0.983333333333333,-1.73,-0.536666666666667,-0.11
"270-2013-1-205",2018,2013,5.5,"dmp","not_detected",0,0,19.77,-0.465,-1.89,-2.77666666666667,2.41333333333333,-0.356666666666667
"270-2013-1-205",2019,2013,6.5,"dmp","not_detected",0,0,23.86,-1.40833333333333,-0.516666666666667,-1.77,-2.95333333333333,1.45
"270-2013-1-205",2020,2013,7.5,"dmp","not_detected",0,0,40.91,-3.4025,-3.32,-3.52,-3.33,-3.37666666666667
"270-2013-1-205",2021,2013,8.5,"dmp","not_detected",0,0,25.91,-1.8125,-3.27666666666667,-0.343333333333333,-0.893333333333333,-3.17
"270-2013-1-205",2022,2013,9.5,"dmp","not_detected",0,0,16.82,-1.96083333333333,-3.23,-2.95666666666667,0.08,-2.33
"270-2013-1-210",2013,2013,0.5,"dmp","Captured",1,1,36.82,-1.95083333333333,-3.10666666666667,-2.17666666666667,-1.04333333333333,-2.49333333333333
"270-2013-1-210",2014,2013,1.5,"dmp","Captured",1,1,42.5,-1.2175,-0.98,-2.16333333333333,-1.51333333333333,0.00666666666666666
"270-2013-1-210",2015,2013,2.5,"dmp","Captured",1,1,48.41,1.83166666666667,2.94333333333333,3.56666666666667,0.42,0.223333333333333
"270-2013-1-210",2016,2013,3.5,"dmp","Alive-Cuddy",1,0,25.45,-0.574166666666667,-0.553333333333333,-0.816666666666667,-0.986666666666667,-0.183333333333333
"270-2013-1-210",2017,2013,4.5,"dmp","Captured",1,1,20.91,-0.921666666666667,-0.983333333333333,-1.73,-0.536666666666667,-0.11
"270-2013-1-210",2018,2013,5.5,"dmp","Captured",1,1,19.77,-0.465,-1.89,-2.77666666666667,2.41333333333333,-0.356666666666667
"270-2013-1-210",2019,2013,6.5,"dmp","Captured",1,1,23.86,-1.40833333333333,-0.516666666666667,-1.77,-2.95333333333333,1.45
"270-2013-1-210",2020,2013,7.5,"dmp","not_detected",0,0,40.91,-3.4025,-3.32,-3.52,-3.33,-3.37666666666667
"270-2013-1-210",2021,2013,8.5,"dmp","Captured",1,1,25.91,-1.8125,-3.27666666666667,-0.343333333333333,-0.893333333333333,-3.17
"270-2013-1-210",2022,2013,9.5,"dmp","Captured",1,1,16.82,-1.96083333333333,-3.23,-2.95666666666667,0.08,-2.33
"270-2013-1-212",2013,2013,0.5,"dmp","Captured",1,1,36.82,-1.95083333333333,-3.10666666666667,-2.17666666666667,-1.04333333333333,-2.49333333333333
"270-2013-1-212",2014,2013,1.5,"dmp","Captured",1,1,42.5,-1.2175,-0.98,-2.16333333333333,-1.51333333333333,0.00666666666666666
"270-2013-1-212",2015,2013,2.5,"dmp","Alive-Cuddy",1,0,48.41,1.83166666666667,2.94333333333333,3.56666666666667,0.42,0.223333333333333
"270-2013-1-212",2016,2013,3.5,"dmp","Captured",1,1,25.45,-0.574166666666667,-0.553333333333333,-0.816666666666667,-0.986666666666667,-0.183333333333333
"270-2013-1-212",2017,2013,4.5,"dmp","not_detected",0,0,20.91,-0.921666666666667,-0.983333333333333,-1.73,-0.536666666666667,-0.11
"270-2013-1-212",2018,2013,5.5,"dmp","not_detected",0,0,19.77,-0.465,-1.89,-2.77666666666667,2.41333333333333,-0.356666666666667
"270-2013-1-212",2019,2013,6.5,"dmp","not_detected",0,0,23.86,-1.40833333333333,-0.516666666666667,-1.77,-2.95333333333333,1.45
"270-2013-1-212",2020,2013,7.5,"dmp","not_detected",0,0,40.91,-3.4025,-3.32,-3.52,-3.33,-3.37666666666667
"270-2013-1-212",2021,2013,8.5,"dmp","not_detected",0,0,25.91,-1.8125,-3.27666666666667,-0.343333333333333,-0.893333333333333,-3.17
"270-2013-1-212",2022,2013,9.5,"dmp","not_detected",0,0,16.82,-1.96083333333333,-3.23,-2.95666666666667,0.08,-2.33
"270-2013-1-216",2013,2013,0.5,"dmp","Captured",1,1,36.82,-1.95083333333333,-3.10666666666667,-2.17666666666667,-1.04333333333333,-2.49333333333333
"270-2013-1-216",2014,2013,1.5,"dmp","Captured",1,1,42.5,-1.2175,-0.98,-2.16333333333333,-1.51333333333333,0.00666666666666666
"270-2013-1-216",2015,2013,2.5,"dmp","Captured",1,1,48.41,1.83166666666667,2.94333333333333,3.56666666666667,0.42,0.223333333333333
"270-2013-1-216",2016,2013,3.5,"dmp","Alive-Cuddy",1,0,25.45,-0.574166666666667,-0.553333333333333,-0.816666666666667,-0.986666666666667,-0.183333333333333
"270-2013-1-216",2017,2013,4.5,"dmp","Captured",1,1,20.91,-0.921666666666667,-0.983333333333333,-1.73,-0.536666666666667,-0.11
"270-2013-1-216",2018,2013,5.5,"dmp","Captured",1,1,19.77,-0.465,-1.89,-2.77666666666667,2.41333333333333,-0.356666666666667
"270-2013-1-216",2019,2013,6.5,"dmp","Alive-Cuddy",1,0,23.86,-1.40833333333333,-0.516666666666667,-1.77,-2.95333333333333,1.45
"270-2013-1-216",2020,2013,7.5,"dmp","Alive-Cuddy",1,0,40.91,-3.4025,-3.32,-3.52,-3.33,-3.37666666666667
"270-2013-1-216",2021,2013,8.5,"dmp","Alive-Cuddy",1,0,25.91,-1.8125,-3.27666666666667,-0.343333333333333,-0.893333333333333,-3.17
"270-2013-1-216",2022,2013,9.5,"dmp","not_detected",0,0,16.82,-1.96083333333333,-3.23,-2.95666666666667,0.08,-2.33
"270-2013-1-217",2013,2013,0.5,"dmp","Captured",1,1,36.82,-1.95083333333333,-3.10666666666667,-2.17666666666667,-1.04333333333333,-2.49333333333333
"270-2013-1-217",2014,2013,1.5,"dmp","not_detected",0,0,42.5,-1.2175,-0.98,-2.16333333333333,-1.51333333333333,0.00666666666666666
"270-2013-1-217",2015,2013,2.5,"dmp","not_detected",0,0,48.41,1.83166666666667,2.94333333333333,3.56666666666667,0.42,0.223333333333333
"270-2013-1-217",2016,2013,3.5,"dmp","not_detected",0,0,25.45,-0.574166666666667,-0.553333333333333,-0.816666666666667,-0.986666666666667,-0.183333333333333
"270-2013-1-217",2017,2013,4.5,"dmp","not_detected",0,0,20.91,-0.921666666666667,-0.983333333333333,-1.73,-0.536666666666667,-0.11
"270-2013-1-217",2018,2013,5.5,"dmp","not_detected",0,0,19.77,-0.465,-1.89,-2.77666666666667,2.41333333333333,-0.356666666666667
"270-2013-1-217",2019,2013,6.5,"dmp","not_detected",0,0,23.86,-1.40833333333333,-0.516666666666667,-1.77,-2.95333333333333,1.45
"270-2013-1-217",2020,2013,7.5,"dmp","not_detected",0,0,40.91,-3.4025,-3.32,-3.52,-3.33,-3.37666666666667
"270-2013-1-217",2021,2013,8.5,"dmp","not_detected",0,0,25.91,-1.8125,-3.27666666666667,-0.343333333333333,-0.893333333333333,-3.17
"270-2013-1-217",2022,2013,9.5,"dmp","not_detected",0,0,16.82,-1.96083333333333,-3.23,-2.95666666666667,0.08,-2.33
"270-2013-1-225",2013,2013,0.5,"dmp","Captured",1,1,36.82,-1.95083333333333,-3.10666666666667,-2.17666666666667,-1.04333333333333,-2.49333333333333
"270-2013-1-225",2014,2013,1.5,"dmp","Nat Mortality",2,2,42.5,-1.2175,-0.98,-2.16333333333333,-1.51333333333333,0.00666666666666666
"270-2013-1-225",2015,2013,2.5,"dmp","not_detected",0,0,48.41,1.83166666666667,2.94333333333333,3.56666666666667,0.42,0.223333333333333
"270-2013-1-225",2016,2013,3.5,"dmp","not_detected",0,0,25.45,-0.574166666666667,-0.553333333333333,-0.816666666666667,-0.986666666666667,-0.183333333333333
"270-2013-1-225",2017,2013,4.5,"dmp","not_detected",0,0,20.91,-0.921666666666667,-0.983333333333333,-1.73,-0.536666666666667,-0.11
"270-2013-1-225",2018,2013,5.5,"dmp","not_detected",0,0,19.77,-0.465,-1.89,-2.77666666666667,2.41333333333333,-0.356666666666667
"270-2013-1-225",2019,2013,6.5,"dmp","not_detected",0,0,23.86,-1.40833333333333,-0.516666666666667,-1.77,-2.95333333333333,1.45
"270-2013-1-225",2020,2013,7.5,"dmp","not_detected",0,0,40.91,-3.4025,-3.32,-3.52,-3.33,-3.37666666666667
"270-2013-1-225",2021,2013,8.5,"dmp","not_detected",0,0,25.91,-1.8125,-3.27666666666667,-0.343333333333333,-0.893333333333333,-3.17
"270-2013-1-225",2022,2013,9.5,"dmp","not_detected",0,0,16.82,-1.96083333333333,-3.23,-2.95666666666667,0.08,-2.33
"270-2013-1-227",2013,2013,0.5,"dmp","Captured",1,1,36.82,-1.95083333333333,-3.10666666666667,-2.17666666666667,-1.04333333333333,-2.49333333333333
"270-2013-1-227",2014,2013,1.5,"dmp","Harvested",2,2,42.5,-1.2175,-0.98,-2.16333333333333,-1.51333333333333,0.00666666666666666
"270-2013-1-227",2015,2013,2.5,"dmp","not_detected",0,0,48.41,1.83166666666667,2.94333333333333,3.56666666666667,0.42,0.223333333333333
"270-2013-1-227",2016,2013,3.5,"dmp","not_detected",0,0,25.45,-0.574166666666667,-0.553333333333333,-0.816666666666667,-0.986666666666667,-0.183333333333333
"270-2013-1-227",2017,2013,4.5,"dmp","not_detected",0,0,20.91,-0.921666666666667,-0.983333333333333,-1.73,-0.536666666666667,-0.11
"270-2013-1-227",2018,2013,5.5,"dmp","not_detected",0,0,19.77,-0.465,-1.89,-2.77666666666667,2.41333333333333,-0.356666666666667
"270-2013-1-227",2019,2013,6.5,"dmp","not_detected",0,0,23.86,-1.40833333333333,-0.516666666666667,-1.77,-2.95333333333333,1.45
"270-2013-1-227",2020,2013,7.5,"dmp","not_detected",0,0,40.91,-3.4025,-3.32,-3.52,-3.33,-3.37666666666667
"270-2013-1-227",2021,2013,8.5,"dmp","not_detected",0,0,25.91,-1.8125,-3.27666666666667,-0.343333333333333,-0.893333333333333,-3.17
"270-2013-1-227",2022,2013,9.5,"dmp","not_detected",0,0,16.82,-1.96083333333333,-3.23,-2.95666666666667,0.08,-2.33
"270-2013-1-230",2013,2013,0.5,"dmp","Captured",1,1,36.82,-1.95083333333333,-3.10666666666667,-2.17666666666667,-1.04333333333333,-2.49333333333333
"270-2013-1-230",2014,2013,1.5,"dmp","not_detected",0,0,42.5,-1.2175,-0.98,-2.16333333333333,-1.51333333333333,0.00666666666666666
"270-2013-1-230",2015,2013,2.5,"dmp","not_detected",0,0,48.41,1.83166666666667,2.94333333333333,3.56666666666667,0.42,0.223333333333333
"270-2013-1-230",2016,2013,3.5,"dmp","not_detected",0,0,25.45,-0.574166666666667,-0.553333333333333,-0.816666666666667,-0.986666666666667,-0.183333333333333
"270-2013-1-230",2017,2013,4.5,"dmp","not_detected",0,0,20.91,-0.921666666666667,-0.983333333333333,-1.73,-0.536666666666667,-0.11
"270-2013-1-230",2018,2013,5.5,"dmp","not_detected",0,0,19.77,-0.465,-1.89,-2.77666666666667,2.41333333333333,-0.356666666666667
"270-2013-1-230",2019,2013,6.5,"dmp","not_detected",0,0,23.86,-1.40833333333333,-0.516666666666667,-1.77,-2.95333333333333,1.45
"270-2013-1-230",2020,2013,7.5,"dmp","Alive-Cuddy",1,0,40.91,-3.4025,-3.32,-3.52,-3.33,-3.37666666666667
"270-2013-1-230",2021,2013,8.5,"dmp","not_detected",0,0,25.91,-1.8125,-3.27666666666667,-0.343333333333333,-0.893333333333333,-3.17
"270-2013-1-230",2022,2013,9.5,"dmp","not_detected",0,0,16.82,-1.96083333333333,-3.23,-2.95666666666667,0.08,-2.33
"270-2013-1-231",2013,2013,0.5,"dmp","Captured",1,1,36.82,-1.95083333333333,-3.10666666666667,-2.17666666666667,-1.04333333333333,-2.49333333333333
"270-2013-1-231",2014,2013,1.5,"dmp","Captured",1,1,42.5,-1.2175,-0.98,-2.16333333333333,-1.51333333333333,0.00666666666666666
"270-2013-1-231",2015,2013,2.5,"dmp","Alive-Cuddy",1,0,48.41,1.83166666666667,2.94333333333333,3.56666666666667,0.42,0.223333333333333
"270-2013-1-231",2016,2013,3.5,"dmp","Captured",1,1,25.45,-0.574166666666667,-0.553333333333333,-0.816666666666667,-0.986666666666667,-0.183333333333333
"270-2013-1-231",2017,2013,4.5,"dmp","Captured",1,1,20.91,-0.921666666666667,-0.983333333333333,-1.73,-0.536666666666667,-0.11
"270-2013-1-231",2018,2013,5.5,"dmp","Captured",1,1,19.77,-0.465,-1.89,-2.77666666666667,2.41333333333333,-0.356666666666667
"270-2013-1-231",2019,2013,6.5,"dmp","Alive-Cuddy",1,0,23.86,-1.40833333333333,-0.516666666666667,-1.77,-2.95333333333333,1.45
"270-2013-1-231",2020,2013,7.5,"dmp","Captured",1,1,40.91,-3.4025,-3.32,-3.52,-3.33,-3.37666666666667
"270-2013-1-231",2021,2013,8.5,"dmp","Captured",1,1,25.91,-1.8125,-3.27666666666667,-0.343333333333333,-0.893333333333333,-3.17
"270-2013-1-231",2022,2013,9.5,"dmp","not_detected",0,0,16.82,-1.96083333333333,-3.23,-2.95666666666667,0.08,-2.33
"270-2013-1-232",2013,2013,0.5,"dmp","Captured",1,1,36.82,-1.95083333333333,-3.10666666666667,-2.17666666666667,-1.04333333333333,-2.49333333333333
"270-2013-1-232",2014,2013,1.5,"dmp","not_detected",0,0,42.5,-1.2175,-0.98,-2.16333333333333,-1.51333333333333,0.00666666666666666
"270-2013-1-232",2015,2013,2.5,"dmp","not_detected",0,0,48.41,1.83166666666667,2.94333333333333,3.56666666666667,0.42,0.223333333333333
"270-2013-1-232",2016,2013,3.5,"dmp","not_detected",0,0,25.45,-0.574166666666667,-0.553333333333333,-0.816666666666667,-0.986666666666667,-0.183333333333333
"270-2013-1-232",2017,2013,4.5,"dmp","not_detected",0,0,20.91,-0.921666666666667,-0.983333333333333,-1.73,-0.536666666666667,-0.11
"270-2013-1-232",2018,2013,5.5,"dmp","not_detected",0,0,19.77,-0.465,-1.89,-2.77666666666667,2.41333333333333,-0.356666666666667
"270-2013-1-232",2019,2013,6.5,"dmp","not_detected",0,0,23.86,-1.40833333333333,-0.516666666666667,-1.77,-2.95333333333333,1.45
"270-2013-1-232",2020,2013,7.5,"dmp","not_detected",0,0,40.91,-3.4025,-3.32,-3.52,-3.33,-3.37666666666667
"270-2013-1-232",2021,2013,8.5,"dmp","not_detected",0,0,25.91,-1.8125,-3.27666666666667,-0.343333333333333,-0.893333333333333,-3.17
"270-2013-1-232",2022,2013,9.5,"dmp","not_detected",0,0,16.82,-1.96083333333333,-3.23,-2.95666666666667,0.08,-2.33
"270-2013-1-234",2013,2013,0.5,"dmp","Captured",1,1,36.82,-1.95083333333333,-3.10666666666667,-2.17666666666667,-1.04333333333333,-2.49333333333333
"270-2013-1-234",2014,2013,1.5,"dmp","Captured",1,1,42.5,-1.2175,-0.98,-2.16333333333333,-1.51333333333333,0.00666666666666666
"270-2013-1-234",2015,2013,2.5,"dmp","Captured",1,1,48.41,1.83166666666667,2.94333333333333,3.56666666666667,0.42,0.223333333333333
"270-2013-1-234",2016,2013,3.5,"dmp","Captured",1,1,25.45,-0.574166666666667,-0.553333333333333,-0.816666666666667,-0.986666666666667,-0.183333333333333
"270-2013-1-234",2017,2013,4.5,"dmp","not_detected",0,0,20.91,-0.921666666666667,-0.983333333333333,-1.73,-0.536666666666667,-0.11
"270-2013-1-234",2018,2013,5.5,"dmp","not_detected",0,0,19.77,-0.465,-1.89,-2.77666666666667,2.41333333333333,-0.356666666666667
"270-2013-1-234",2019,2013,6.5,"dmp","not_detected",0,0,23.86,-1.40833333333333,-0.516666666666667,-1.77,-2.95333333333333,1.45
"270-2013-1-234",2020,2013,7.5,"dmp","not_detected",0,0,40.91,-3.4025,-3.32,-3.52,-3.33,-3.37666666666667
"270-2013-1-234",2021,2013,8.5,"dmp","not_detected",0,0,25.91,-1.8125,-3.27666666666667,-0.343333333333333,-0.893333333333333,-3.17
"270-2013-1-234",2022,2013,9.5,"dmp","not_detected",0,0,16.82,-1.96083333333333,-3.23,-2.95666666666667,0.08,-2.33
"270-2013-1-238",2013,2013,0.5,"dmp","Captured",1,1,36.82,-1.95083333333333,-3.10666666666667,-2.17666666666667,-1.04333333333333,-2.49333333333333
"270-2013-1-238",2014,2013,1.5,"dmp","Captured",1,1,42.5,-1.2175,-0.98,-2.16333333333333,-1.51333333333333,0.00666666666666666
"270-2013-1-238",2015,2013,2.5,"dmp","Captured",1,1,48.41,1.83166666666667,2.94333333333333,3.56666666666667,0.42,0.223333333333333
"270-2013-1-238",2016,2013,3.5,"dmp","Alive-Cuddy",1,0,25.45,-0.574166666666667,-0.553333333333333,-0.816666666666667,-0.986666666666667,-0.183333333333333
"270-2013-1-238",2017,2013,4.5,"dmp","Captured",1,1,20.91,-0.921666666666667,-0.983333333333333,-1.73,-0.536666666666667,-0.11
"270-2013-1-238",2018,2013,5.5,"dmp","Alive-Cuddy",1,0,19.77,-0.465,-1.89,-2.77666666666667,2.41333333333333,-0.356666666666667
"270-2013-1-238",2019,2013,6.5,"dmp","Alive-Cuddy",1,0,23.86,-1.40833333333333,-0.516666666666667,-1.77,-2.95333333333333,1.45
"270-2013-1-238",2020,2013,7.5,"dmp","Captured",1,1,40.91,-3.4025,-3.32,-3.52,-3.33,-3.37666666666667
"270-2013-1-238",2021,2013,8.5,"dmp","not_detected",0,0,25.91,-1.8125,-3.27666666666667,-0.343333333333333,-0.893333333333333,-3.17
"270-2013-1-238",2022,2013,9.5,"dmp","not_detected",0,0,16.82,-1.96083333333333,-3.23,-2.95666666666667,0.08,-2.33
"270-2013-1-239",2013,2013,0.5,"dmp","Captured",1,1,36.82,-1.95083333333333,-3.10666666666667,-2.17666666666667,-1.04333333333333,-2.49333333333333
"270-2013-1-239",2014,2013,1.5,"dmp","Captured",1,1,42.5,-1.2175,-0.98,-2.16333333333333,-1.51333333333333,0.00666666666666666
"270-2013-1-239",2015,2013,2.5,"dmp","Captured",1,1,48.41,1.83166666666667,2.94333333333333,3.56666666666667,0.42,0.223333333333333
"270-2013-1-239",2016,2013,3.5,"dmp","Captured",1,1,25.45,-0.574166666666667,-0.553333333333333,-0.816666666666667,-0.986666666666667,-0.183333333333333
"270-2013-1-239",2017,2013,4.5,"dmp","Alive-Cuddy",1,0,20.91,-0.921666666666667,-0.983333333333333,-1.73,-0.536666666666667,-0.11
"270-2013-1-239",2018,2013,5.5,"dmp","Captured",1,1,19.77,-0.465,-1.89,-2.77666666666667,2.41333333333333,-0.356666666666667
"270-2013-1-239",2019,2013,6.5,"dmp","Captured",1,1,23.86,-1.40833333333333,-0.516666666666667,-1.77,-2.95333333333333,1.45
"270-2013-1-239",2020,2013,7.5,"dmp","Captured",1,1,40.91,-3.4025,-3.32,-3.52,-3.33,-3.37666666666667
"270-2013-1-239",2021,2013,8.5,"dmp","Captured",1,1,25.91,-1.8125,-3.27666666666667,-0.343333333333333,-0.893333333333333,-3.17
"270-2013-1-239",2022,2013,9.5,"dmp","Captured",1,1,16.82,-1.96083333333333,-3.23,-2.95666666666667,0.08,-2.33
"270-2013-1-242",2013,2013,0.5,"dmp","Captured",1,1,36.82,-1.95083333333333,-3.10666666666667,-2.17666666666667,-1.04333333333333,-2.49333333333333
"270-2013-1-242",2014,2013,1.5,"dmp","not_detected",0,0,42.5,-1.2175,-0.98,-2.16333333333333,-1.51333333333333,0.00666666666666666
"270-2013-1-242",2015,2013,2.5,"dmp","not_detected",0,0,48.41,1.83166666666667,2.94333333333333,3.56666666666667,0.42,0.223333333333333
"270-2013-1-242",2016,2013,3.5,"dmp","not_detected",0,0,25.45,-0.574166666666667,-0.553333333333333,-0.816666666666667,-0.986666666666667,-0.183333333333333
"270-2013-1-242",2017,2013,4.5,"dmp","not_detected",0,0,20.91,-0.921666666666667,-0.983333333333333,-1.73,-0.536666666666667,-0.11
"270-2013-1-242",2018,2013,5.5,"dmp","not_detected",0,0,19.77,-0.465,-1.89,-2.77666666666667,2.41333333333333,-0.356666666666667
"270-2013-1-242",2019,2013,6.5,"dmp","not_detected",0,0,23.86,-1.40833333333333,-0.516666666666667,-1.77,-2.95333333333333,1.45
"270-2013-1-242",2020,2013,7.5,"dmp","not_detected",0,0,40.91,-3.4025,-3.32,-3.52,-3.33,-3.37666666666667
"270-2013-1-242",2021,2013,8.5,"dmp","not_detected",0,0,25.91,-1.8125,-3.27666666666667,-0.343333333333333,-0.893333333333333,-3.17
"270-2013-1-242",2022,2013,9.5,"dmp","not_detected",0,0,16.82,-1.96083333333333,-3.23,-2.95666666666667,0.08,-2.33
"270-2013-1-246",2013,2013,0.5,"dmp","Captured",1,1,36.82,-1.95083333333333,-3.10666666666667,-2.17666666666667,-1.04333333333333,-2.49333333333333
"270-2013-1-246",2014,2013,1.5,"dmp","Captured",1,1,42.5,-1.2175,-0.98,-2.16333333333333,-1.51333333333333,0.00666666666666666
"270-2013-1-246",2015,2013,2.5,"dmp","Captured",1,1,48.41,1.83166666666667,2.94333333333333,3.56666666666667,0.42,0.223333333333333
"270-2013-1-246",2016,2013,3.5,"dmp","Captured",1,1,25.45,-0.574166666666667,-0.553333333333333,-0.816666666666667,-0.986666666666667,-0.183333333333333
"270-2013-1-246",2017,2013,4.5,"dmp","Captured",1,1,20.91,-0.921666666666667,-0.983333333333333,-1.73,-0.536666666666667,-0.11
"270-2013-1-246",2018,2013,5.5,"dmp","not_detected",0,0,19.77,-0.465,-1.89,-2.77666666666667,2.41333333333333,-0.356666666666667
"270-2013-1-246",2019,2013,6.5,"dmp","not_detected",0,0,23.86,-1.40833333333333,-0.516666666666667,-1.77,-2.95333333333333,1.45
"270-2013-1-246",2020,2013,7.5,"dmp","not_detected",0,0,40.91,-3.4025,-3.32,-3.52,-3.33,-3.37666666666667
"270-2013-1-246",2021,2013,8.5,"dmp","not_detected",0,0,25.91,-1.8125,-3.27666666666667,-0.343333333333333,-0.893333333333333,-3.17
"270-2013-1-246",2022,2013,9.5,"dmp","not_detected",0,0,16.82,-1.96083333333333,-3.23,-2.95666666666667,0.08,-2.33
"270-2013-1-249",2013,2013,0.5,"dmp","Captured",1,1,36.82,-1.95083333333333,-3.10666666666667,-2.17666666666667,-1.04333333333333,-2.49333333333333
"270-2013-1-249",2014,2013,1.5,"dmp","not_detected",0,0,42.5,-1.2175,-0.98,-2.16333333333333,-1.51333333333333,0.00666666666666666
"270-2013-1-249",2015,2013,2.5,"dmp","not_detected",0,0,48.41,1.83166666666667,2.94333333333333,3.56666666666667,0.42,0.223333333333333
"270-2013-1-249",2016,2013,3.5,"dmp","not_detected",0,0,25.45,-0.574166666666667,-0.553333333333333,-0.816666666666667,-0.986666666666667,-0.183333333333333
"270-2013-1-249",2017,2013,4.5,"dmp","not_detected",0,0,20.91,-0.921666666666667,-0.983333333333333,-1.73,-0.536666666666667,-0.11
"270-2013-1-249",2018,2013,5.5,"dmp","not_detected",0,0,19.77,-0.465,-1.89,-2.77666666666667,2.41333333333333,-0.356666666666667
"270-2013-1-249",2019,2013,6.5,"dmp","not_detected",0,0,23.86,-1.40833333333333,-0.516666666666667,-1.77,-2.95333333333333,1.45
"270-2013-1-249",2020,2013,7.5,"dmp","not_detected",0,0,40.91,-3.4025,-3.32,-3.52,-3.33,-3.37666666666667
"270-2013-1-249",2021,2013,8.5,"dmp","not_detected",0,0,25.91,-1.8125,-3.27666666666667,-0.343333333333333,-0.893333333333333,-3.17
"270-2013-1-249",2022,2013,9.5,"dmp","not_detected",0,0,16.82,-1.96083333333333,-3.23,-2.95666666666667,0.08,-2.33
"270-2013-1-252",2013,2013,0.5,"dmp","Captured",1,1,36.82,-1.95083333333333,-3.10666666666667,-2.17666666666667,-1.04333333333333,-2.49333333333333
"270-2013-1-252",2014,2013,1.5,"dmp","Alive-Cuddy",1,0,42.5,-1.2175,-0.98,-2.16333333333333,-1.51333333333333,0.00666666666666666
"270-2013-1-252",2015,2013,2.5,"dmp","Captured",1,1,48.41,1.83166666666667,2.94333333333333,3.56666666666667,0.42,0.223333333333333
"270-2013-1-252",2016,2013,3.5,"dmp","Captured",1,1,25.45,-0.574166666666667,-0.553333333333333,-0.816666666666667,-0.986666666666667,-0.183333333333333
"270-2013-1-252",2017,2013,4.5,"dmp","Captured",1,1,20.91,-0.921666666666667,-0.983333333333333,-1.73,-0.536666666666667,-0.11
"270-2013-1-252",2018,2013,5.5,"dmp","Alive-Cuddy",1,0,19.77,-0.465,-1.89,-2.77666666666667,2.41333333333333,-0.356666666666667
"270-2013-1-252",2019,2013,6.5,"dmp","Captured",1,1,23.86,-1.40833333333333,-0.516666666666667,-1.77,-2.95333333333333,1.45
"270-2013-1-252",2020,2013,7.5,"dmp","Alive-Cuddy",1,0,40.91,-3.4025,-3.32,-3.52,-3.33,-3.37666666666667
"270-2013-1-252",2021,2013,8.5,"dmp","Captured",1,1,25.91,-1.8125,-3.27666666666667,-0.343333333333333,-0.893333333333333,-3.17
"270-2013-1-252",2022,2013,9.5,"dmp","Alive-Cuddy",1,0,16.82,-1.96083333333333,-3.23,-2.95666666666667,0.08,-2.33
"270-2013-1-254",2013,2013,0.5,"dmp","Captured",1,1,36.82,-1.95083333333333,-3.10666666666667,-2.17666666666667,-1.04333333333333,-2.49333333333333
"270-2013-1-254",2014,2013,1.5,"dmp","Captured",1,1,42.5,-1.2175,-0.98,-2.16333333333333,-1.51333333333333,0.00666666666666666
"270-2013-1-254",2015,2013,2.5,"dmp","Alive-Cuddy",1,0,48.41,1.83166666666667,2.94333333333333,3.56666666666667,0.42,0.223333333333333
"270-2013-1-254",2016,2013,3.5,"dmp","not_detected",0,0,25.45,-0.574166666666667,-0.553333333333333,-0.816666666666667,-0.986666666666667,-0.183333333333333
"270-2013-1-254",2017,2013,4.5,"dmp","not_detected",0,0,20.91,-0.921666666666667,-0.983333333333333,-1.73,-0.536666666666667,-0.11
"270-2013-1-254",2018,2013,5.5,"dmp","not_detected",0,0,19.77,-0.465,-1.89,-2.77666666666667,2.41333333333333,-0.356666666666667
"270-2013-1-254",2019,2013,6.5,"dmp","not_detected",0,0,23.86,-1.40833333333333,-0.516666666666667,-1.77,-2.95333333333333,1.45
"270-2013-1-254",2020,2013,7.5,"dmp","not_detected",0,0,40.91,-3.4025,-3.32,-3.52,-3.33,-3.37666666666667
"270-2013-1-254",2021,2013,8.5,"dmp","not_detected",0,0,25.91,-1.8125,-3.27666666666667,-0.343333333333333,-0.893333333333333,-3.17
"270-2013-1-254",2022,2013,9.5,"dmp","not_detected",0,0,16.82,-1.96083333333333,-3.23,-2.95666666666667,0.08,-2.33
"270-2013-1-256",2013,2013,0.5,"dmp","Captured",1,1,36.82,-1.95083333333333,-3.10666666666667,-2.17666666666667,-1.04333333333333,-2.49333333333333
"270-2013-1-256",2014,2013,1.5,"dmp","Captured",1,1,42.5,-1.2175,-0.98,-2.16333333333333,-1.51333333333333,0.00666666666666666
"270-2013-1-256",2015,2013,2.5,"dmp","Captured",1,1,48.41,1.83166666666667,2.94333333333333,3.56666666666667,0.42,0.223333333333333
"270-2013-1-256",2016,2013,3.5,"dmp","Captured",1,1,25.45,-0.574166666666667,-0.553333333333333,-0.816666666666667,-0.986666666666667,-0.183333333333333
"270-2013-1-256",2017,2013,4.5,"dmp","Alive-Cuddy",1,0,20.91,-0.921666666666667,-0.983333333333333,-1.73,-0.536666666666667,-0.11
"270-2013-1-256",2018,2013,5.5,"dmp","Captured",1,1,19.77,-0.465,-1.89,-2.77666666666667,2.41333333333333,-0.356666666666667
"270-2013-1-256",2019,2013,6.5,"dmp","Alive-Cuddy",1,0,23.86,-1.40833333333333,-0.516666666666667,-1.77,-2.95333333333333,1.45
"270-2013-1-256",2020,2013,7.5,"dmp","Alive-Cuddy",1,0,40.91,-3.4025,-3.32,-3.52,-3.33,-3.37666666666667
"270-2013-1-256",2021,2013,8.5,"dmp","Captured",1,1,25.91,-1.8125,-3.27666666666667,-0.343333333333333,-0.893333333333333,-3.17
"270-2013-1-256",2022,2013,9.5,"dmp","Captured",1,1,16.82,-1.96083333333333,-3.23,-2.95666666666667,0.08,-2.33
"270-2013-1-257",2013,2013,0.5,"dmp","Captured",1,1,36.82,-1.95083333333333,-3.10666666666667,-2.17666666666667,-1.04333333333333,-2.49333333333333
"270-2013-1-257",2014,2013,1.5,"dmp","not_detected",0,0,42.5,-1.2175,-0.98,-2.16333333333333,-1.51333333333333,0.00666666666666666
"270-2013-1-257",2015,2013,2.5,"dmp","not_detected",0,0,48.41,1.83166666666667,2.94333333333333,3.56666666666667,0.42,0.223333333333333
"270-2013-1-257",2016,2013,3.5,"dmp","not_detected",0,0,25.45,-0.574166666666667,-0.553333333333333,-0.816666666666667,-0.986666666666667,-0.183333333333333
"270-2013-1-257",2017,2013,4.5,"dmp","not_detected",0,0,20.91,-0.921666666666667,-0.983333333333333,-1.73,-0.536666666666667,-0.11
"270-2013-1-257",2018,2013,5.5,"dmp","not_detected",0,0,19.77,-0.465,-1.89,-2.77666666666667,2.41333333333333,-0.356666666666667
"270-2013-1-257",2019,2013,6.5,"dmp","not_detected",0,0,23.86,-1.40833333333333,-0.516666666666667,-1.77,-2.95333333333333,1.45
"270-2013-1-257",2020,2013,7.5,"dmp","not_detected",0,0,40.91,-3.4025,-3.32,-3.52,-3.33,-3.37666666666667
"270-2013-1-257",2021,2013,8.5,"dmp","not_detected",0,0,25.91,-1.8125,-3.27666666666667,-0.343333333333333,-0.893333333333333,-3.17
"270-2013-1-257",2022,2013,9.5,"dmp","not_detected",0,0,16.82,-1.96083333333333,-3.23,-2.95666666666667,0.08,-2.33
"270-2014-0-441",2014,2014,0.5,"wy","Captured",1,1,42.5,-1.2175,-0.98,-2.16333333333333,-1.51333333333333,0.00666666666666666
"270-2014-0-441",2015,2014,1.5,"wy","Harvested",2,2,48.41,1.83166666666667,2.94333333333333,3.56666666666667,0.42,0.223333333333333
"270-2014-0-441",2016,2014,2.5,"wy","not_detected",0,0,25.45,-0.574166666666667,-0.553333333333333,-0.816666666666667,-0.986666666666667,-0.183333333333333
"270-2014-0-441",2017,2014,3.5,"wy","not_detected",0,0,20.91,-0.921666666666667,-0.983333333333333,-1.73,-0.536666666666667,-0.11
"270-2014-0-441",2018,2014,4.5,"wy","not_detected",0,0,19.77,-0.465,-1.89,-2.77666666666667,2.41333333333333,-0.356666666666667
"270-2014-0-441",2019,2014,5.5,"wy","not_detected",0,0,23.86,-1.40833333333333,-0.516666666666667,-1.77,-2.95333333333333,1.45
"270-2014-0-441",2020,2014,6.5,"wy","not_detected",0,0,40.91,-3.4025,-3.32,-3.52,-3.33,-3.37666666666667
"270-2014-0-441",2021,2014,7.5,"wy","not_detected",0,0,25.91,-1.8125,-3.27666666666667,-0.343333333333333,-0.893333333333333,-3.17
"270-2014-0-441",2022,2014,8.5,"wy","not_detected",0,0,16.82,-1.96083333333333,-3.23,-2.95666666666667,0.08,-2.33
"270-2014-0-442",2014,2014,0.5,"wy","Captured",1,1,42.5,-1.2175,-0.98,-2.16333333333333,-1.51333333333333,0.00666666666666666
"270-2014-0-442",2015,2014,1.5,"wy","not_detected",0,0,48.41,1.83166666666667,2.94333333333333,3.56666666666667,0.42,0.223333333333333
"270-2014-0-442",2016,2014,2.5,"wy","not_detected",0,0,25.45,-0.574166666666667,-0.553333333333333,-0.816666666666667,-0.986666666666667,-0.183333333333333
"270-2014-0-442",2017,2014,3.5,"wy","not_detected",0,0,20.91,-0.921666666666667,-0.983333333333333,-1.73,-0.536666666666667,-0.11
"270-2014-0-442",2018,2014,4.5,"wy","not_detected",0,0,19.77,-0.465,-1.89,-2.77666666666667,2.41333333333333,-0.356666666666667
"270-2014-0-442",2019,2014,5.5,"wy","not_detected",0,0,23.86,-1.40833333333333,-0.516666666666667,-1.77,-2.95333333333333,1.45
"270-2014-0-442",2020,2014,6.5,"wy","not_detected",0,0,40.91,-3.4025,-3.32,-3.52,-3.33,-3.37666666666667
"270-2014-0-442",2021,2014,7.5,"wy","not_detected",0,0,25.91,-1.8125,-3.27666666666667,-0.343333333333333,-0.893333333333333,-3.17
"270-2014-0-442",2022,2014,8.5,"wy","not_detected",0,0,16.82,-1.96083333333333,-3.23,-2.95666666666667,0.08,-2.33
"270-2014-0-443",2014,2014,0.5,"wy","Captured",1,1,42.5,-1.2175,-0.98,-2.16333333333333,-1.51333333333333,0.00666666666666666
"270-2014-0-443",2015,2014,1.5,"wy","Captured",1,1,48.41,1.83166666666667,2.94333333333333,3.56666666666667,0.42,0.223333333333333
"270-2014-0-443",2016,2014,2.5,"wy","Alive-Cuddy",1,0,25.45,-0.574166666666667,-0.553333333333333,-0.816666666666667,-0.986666666666667,-0.183333333333333
"270-2014-0-443",2017,2014,3.5,"wy","Captured",1,1,20.91,-0.921666666666667,-0.983333333333333,-1.73,-0.536666666666667,-0.11
"270-2014-0-443",2018,2014,4.5,"wy","Captured",1,1,19.77,-0.465,-1.89,-2.77666666666667,2.41333333333333,-0.356666666666667
"270-2014-0-443",2019,2014,5.5,"wy","Captured",1,1,23.86,-1.40833333333333,-0.516666666666667,-1.77,-2.95333333333333,1.45
"270-2014-0-443",2020,2014,6.5,"wy","Nat Mortality",2,2,40.91,-3.4025,-3.32,-3.52,-3.33,-3.37666666666667
"270-2014-0-443",2021,2014,7.5,"wy","not_detected",0,0,25.91,-1.8125,-3.27666666666667,-0.343333333333333,-0.893333333333333,-3.17
"270-2014-0-443",2022,2014,8.5,"wy","not_detected",0,0,16.82,-1.96083333333333,-3.23,-2.95666666666667,0.08,-2.33
"270-2014-0-444",2014,2014,0.5,"wy","Captured",1,1,42.5,-1.2175,-0.98,-2.16333333333333,-1.51333333333333,0.00666666666666666
"270-2014-0-444",2015,2014,1.5,"wy","Captured",1,1,48.41,1.83166666666667,2.94333333333333,3.56666666666667,0.42,0.223333333333333
"270-2014-0-444",2016,2014,2.5,"wy","Captured",1,1,25.45,-0.574166666666667,-0.553333333333333,-0.816666666666667,-0.986666666666667,-0.183333333333333
"270-2014-0-444",2017,2014,3.5,"wy","Captured",1,1,20.91,-0.921666666666667,-0.983333333333333,-1.73,-0.536666666666667,-0.11
"270-2014-0-444",2018,2014,4.5,"wy","Captured",1,1,19.77,-0.465,-1.89,-2.77666666666667,2.41333333333333,-0.356666666666667
"270-2014-0-444",2019,2014,5.5,"wy","Captured",1,1,23.86,-1.40833333333333,-0.516666666666667,-1.77,-2.95333333333333,1.45
"270-2014-0-444",2020,2014,6.5,"wy","Captured",1,1,40.91,-3.4025,-3.32,-3.52,-3.33,-3.37666666666667
"270-2014-0-444",2021,2014,7.5,"wy","Captured",1,1,25.91,-1.8125,-3.27666666666667,-0.343333333333333,-0.893333333333333,-3.17
"270-2014-0-444",2022,2014,8.5,"wy","Captured",1,1,16.82,-1.96083333333333,-3.23,-2.95666666666667,0.08,-2.33
"270-2014-0-445",2014,2014,0.5,"wy","Captured",1,1,42.5,-1.2175,-0.98,-2.16333333333333,-1.51333333333333,0.00666666666666666
"270-2014-0-445",2015,2014,1.5,"wy","not_detected",0,0,48.41,1.83166666666667,2.94333333333333,3.56666666666667,0.42,0.223333333333333
"270-2014-0-445",2016,2014,2.5,"wy","not_detected",0,0,25.45,-0.574166666666667,-0.553333333333333,-0.816666666666667,-0.986666666666667,-0.183333333333333
"270-2014-0-445",2017,2014,3.5,"wy","not_detected",0,0,20.91,-0.921666666666667,-0.983333333333333,-1.73,-0.536666666666667,-0.11
"270-2014-0-445",2018,2014,4.5,"wy","not_detected",0,0,19.77,-0.465,-1.89,-2.77666666666667,2.41333333333333,-0.356666666666667
"270-2014-0-445",2019,2014,5.5,"wy","not_detected",0,0,23.86,-1.40833333333333,-0.516666666666667,-1.77,-2.95333333333333,1.45
"270-2014-0-445",2020,2014,6.5,"wy","not_detected",0,0,40.91,-3.4025,-3.32,-3.52,-3.33,-3.37666666666667
"270-2014-0-445",2021,2014,7.5,"wy","not_detected",0,0,25.91,-1.8125,-3.27666666666667,-0.343333333333333,-0.893333333333333,-3.17
"270-2014-0-445",2022,2014,8.5,"wy","not_detected",0,0,16.82,-1.96083333333333,-3.23,-2.95666666666667,0.08,-2.33
"270-2014-0-446",2014,2014,0.5,"wy","Captured",1,1,42.5,-1.2175,-0.98,-2.16333333333333,-1.51333333333333,0.00666666666666666
"270-2014-0-446",2015,2014,1.5,"wy","Captured",1,1,48.41,1.83166666666667,2.94333333333333,3.56666666666667,0.42,0.223333333333333
"270-2014-0-446",2016,2014,2.5,"wy","Captured",1,1,25.45,-0.574166666666667,-0.553333333333333,-0.816666666666667,-0.986666666666667,-0.183333333333333
"270-2014-0-446",2017,2014,3.5,"wy","Captured",1,1,20.91,-0.921666666666667,-0.983333333333333,-1.73,-0.536666666666667,-0.11
"270-2014-0-446",2018,2014,4.5,"wy","Captured",1,1,19.77,-0.465,-1.89,-2.77666666666667,2.41333333333333,-0.356666666666667
"270-2014-0-446",2019,2014,5.5,"wy","Captured",1,1,23.86,-1.40833333333333,-0.516666666666667,-1.77,-2.95333333333333,1.45
"270-2014-0-446",2020,2014,6.5,"wy","Captured",1,1,40.91,-3.4025,-3.32,-3.52,-3.33,-3.37666666666667
"270-2014-0-446",2021,2014,7.5,"wy","Nat Mortality",2,2,25.91,-1.8125,-3.27666666666667,-0.343333333333333,-0.893333333333333,-3.17
"270-2014-0-446",2022,2014,8.5,"wy","not_detected",0,0,16.82,-1.96083333333333,-3.23,-2.95666666666667,0.08,-2.33
"270-2014-0-447",2014,2014,0.5,"wy","Captured",1,1,42.5,-1.2175,-0.98,-2.16333333333333,-1.51333333333333,0.00666666666666666
"270-2014-0-447",2015,2014,1.5,"wy","Captured",1,1,48.41,1.83166666666667,2.94333333333333,3.56666666666667,0.42,0.223333333333333
"270-2014-0-447",2016,2014,2.5,"wy","Captured",1,1,25.45,-0.574166666666667,-0.553333333333333,-0.816666666666667,-0.986666666666667,-0.183333333333333
"270-2014-0-447",2017,2014,3.5,"wy","Captured",1,1,20.91,-0.921666666666667,-0.983333333333333,-1.73,-0.536666666666667,-0.11
"270-2014-0-447",2018,2014,4.5,"wy","Captured",1,1,19.77,-0.465,-1.89,-2.77666666666667,2.41333333333333,-0.356666666666667
"270-2014-0-447",2019,2014,5.5,"wy","Captured",1,1,23.86,-1.40833333333333,-0.516666666666667,-1.77,-2.95333333333333,1.45
"270-2014-0-447",2020,2014,6.5,"wy","not_detected",0,0,40.91,-3.4025,-3.32,-3.52,-3.33,-3.37666666666667
"270-2014-0-447",2021,2014,7.5,"wy","not_detected",0,0,25.91,-1.8125,-3.27666666666667,-0.343333333333333,-0.893333333333333,-3.17
"270-2014-0-447",2022,2014,8.5,"wy","not_detected",0,0,16.82,-1.96083333333333,-3.23,-2.95666666666667,0.08,-2.33
"270-2014-0-448",2014,2014,0.5,"wy","Captured",1,1,42.5,-1.2175,-0.98,-2.16333333333333,-1.51333333333333,0.00666666666666666
"270-2014-0-448",2015,2014,1.5,"wy","Captured",1,1,48.41,1.83166666666667,2.94333333333333,3.56666666666667,0.42,0.223333333333333
"270-2014-0-448",2016,2014,2.5,"wy","Captured",1,1,25.45,-0.574166666666667,-0.553333333333333,-0.816666666666667,-0.986666666666667,-0.183333333333333
"270-2014-0-448",2017,2014,3.5,"wy","Captured",1,1,20.91,-0.921666666666667,-0.983333333333333,-1.73,-0.536666666666667,-0.11
"270-2014-0-448",2018,2014,4.5,"wy","not_detected",0,0,19.77,-0.465,-1.89,-2.77666666666667,2.41333333333333,-0.356666666666667
"270-2014-0-448",2019,2014,5.5,"wy","Alive-Cuddy",1,0,23.86,-1.40833333333333,-0.516666666666667,-1.77,-2.95333333333333,1.45
"270-2014-0-448",2020,2014,6.5,"wy","not_detected",0,0,40.91,-3.4025,-3.32,-3.52,-3.33,-3.37666666666667
"270-2014-0-448",2021,2014,7.5,"wy","not_detected",0,0,25.91,-1.8125,-3.27666666666667,-0.343333333333333,-0.893333333333333,-3.17
"270-2014-0-448",2022,2014,8.5,"wy","not_detected",0,0,16.82,-1.96083333333333,-3.23,-2.95666666666667,0.08,-2.33
"270-2014-0-449",2014,2014,0.5,"wy","Captured",1,1,42.5,-1.2175,-0.98,-2.16333333333333,-1.51333333333333,0.00666666666666666
"270-2014-0-449",2015,2014,1.5,"wy","Captured",1,1,48.41,1.83166666666667,2.94333333333333,3.56666666666667,0.42,0.223333333333333
"270-2014-0-449",2016,2014,2.5,"wy","Captured",1,1,25.45,-0.574166666666667,-0.553333333333333,-0.816666666666667,-0.986666666666667,-0.183333333333333
"270-2014-0-449",2017,2014,3.5,"wy","Captured",1,1,20.91,-0.921666666666667,-0.983333333333333,-1.73,-0.536666666666667,-0.11
"270-2014-0-449",2018,2014,4.5,"wy","Captured",1,1,19.77,-0.465,-1.89,-2.77666666666667,2.41333333333333,-0.356666666666667
"270-2014-0-449",2019,2014,5.5,"wy","Alive-Cuddy",1,0,23.86,-1.40833333333333,-0.516666666666667,-1.77,-2.95333333333333,1.45
"270-2014-0-449",2020,2014,6.5,"wy","Alive-Cuddy",1,0,40.91,-3.4025,-3.32,-3.52,-3.33,-3.37666666666667
"270-2014-0-449",2021,2014,7.5,"wy","Captured",1,1,25.91,-1.8125,-3.27666666666667,-0.343333333333333,-0.893333333333333,-3.17
"270-2014-0-449",2022,2014,8.5,"wy","Alive-Cuddy",1,0,16.82,-1.96083333333333,-3.23,-2.95666666666667,0.08,-2.33
"270-2014-0-450",2014,2014,0.5,"wy","Captured",1,1,42.5,-1.2175,-0.98,-2.16333333333333,-1.51333333333333,0.00666666666666666
"270-2014-0-450",2015,2014,1.5,"wy","Alive-Cuddy",1,0,48.41,1.83166666666667,2.94333333333333,3.56666666666667,0.42,0.223333333333333
"270-2014-0-450",2016,2014,2.5,"wy","Captured",1,1,25.45,-0.574166666666667,-0.553333333333333,-0.816666666666667,-0.986666666666667,-0.183333333333333
"270-2014-0-450",2017,2014,3.5,"wy","Captured",1,1,20.91,-0.921666666666667,-0.983333333333333,-1.73,-0.536666666666667,-0.11
"270-2014-0-450",2018,2014,4.5,"wy","Captured",1,1,19.77,-0.465,-1.89,-2.77666666666667,2.41333333333333,-0.356666666666667
"270-2014-0-450",2019,2014,5.5,"wy","Captured",1,1,23.86,-1.40833333333333,-0.516666666666667,-1.77,-2.95333333333333,1.45
"270-2014-0-450",2020,2014,6.5,"wy","Captured",1,1,40.91,-3.4025,-3.32,-3.52,-3.33,-3.37666666666667
"270-2014-0-450",2021,2014,7.5,"wy","Captured",1,1,25.91,-1.8125,-3.27666666666667,-0.343333333333333,-0.893333333333333,-3.17
"270-2014-0-450",2022,2014,8.5,"wy","Captured",1,1,16.82,-1.96083333333333,-3.23,-2.95666666666667,0.08,-2.33
"270-2014-0-451",2014,2014,0.5,"wy","Captured",1,1,42.5,-1.2175,-0.98,-2.16333333333333,-1.51333333333333,0.00666666666666666
"270-2014-0-451",2015,2014,1.5,"wy","Captured",1,1,48.41,1.83166666666667,2.94333333333333,3.56666666666667,0.42,0.223333333333333
"270-2014-0-451",2016,2014,2.5,"wy","Captured",1,1,25.45,-0.574166666666667,-0.553333333333333,-0.816666666666667,-0.986666666666667,-0.183333333333333
"270-2014-0-451",2017,2014,3.5,"wy","Captured",1,1,20.91,-0.921666666666667,-0.983333333333333,-1.73,-0.536666666666667,-0.11
"270-2014-0-451",2018,2014,4.5,"wy","Captured",1,1,19.77,-0.465,-1.89,-2.77666666666667,2.41333333333333,-0.356666666666667
"270-2014-0-451",2019,2014,5.5,"wy","Alive-Cuddy",1,0,23.86,-1.40833333333333,-0.516666666666667,-1.77,-2.95333333333333,1.45
"270-2014-0-451",2020,2014,6.5,"wy","Captured",1,1,40.91,-3.4025,-3.32,-3.52,-3.33,-3.37666666666667
"270-2014-0-451",2021,2014,7.5,"wy","Captured",1,1,25.91,-1.8125,-3.27666666666667,-0.343333333333333,-0.893333333333333,-3.17
"270-2014-0-451",2022,2014,8.5,"wy","Captured",1,1,16.82,-1.96083333333333,-3.23,-2.95666666666667,0.08,-2.33
"270-2014-0-452",2014,2014,0.5,"wy","Captured",1,1,42.5,-1.2175,-0.98,-2.16333333333333,-1.51333333333333,0.00666666666666666
"270-2014-0-452",2015,2014,1.5,"wy","Alive-Cuddy",1,0,48.41,1.83166666666667,2.94333333333333,3.56666666666667,0.42,0.223333333333333
"270-2014-0-452",2016,2014,2.5,"wy","Captured",1,1,25.45,-0.574166666666667,-0.553333333333333,-0.816666666666667,-0.986666666666667,-0.183333333333333
"270-2014-0-452",2017,2014,3.5,"wy","Captured",1,1,20.91,-0.921666666666667,-0.983333333333333,-1.73,-0.536666666666667,-0.11
"270-2014-0-452",2018,2014,4.5,"wy","Captured",1,1,19.77,-0.465,-1.89,-2.77666666666667,2.41333333333333,-0.356666666666667
"270-2014-0-452",2019,2014,5.5,"wy","Captured",1,1,23.86,-1.40833333333333,-0.516666666666667,-1.77,-2.95333333333333,1.45
"270-2014-0-452",2020,2014,6.5,"wy","Captured",1,1,40.91,-3.4025,-3.32,-3.52,-3.33,-3.37666666666667
"270-2014-0-452",2021,2014,7.5,"wy","Captured",1,1,25.91,-1.8125,-3.27666666666667,-0.343333333333333,-0.893333333333333,-3.17
"270-2014-0-452",2022,2014,8.5,"wy","Captured",1,1,16.82,-1.96083333333333,-3.23,-2.95666666666667,0.08,-2.33
"270-2014-0-453",2014,2014,0.5,"wy","Captured",1,1,42.5,-1.2175,-0.98,-2.16333333333333,-1.51333333333333,0.00666666666666666
"270-2014-0-453",2015,2014,1.5,"wy","Captured",1,1,48.41,1.83166666666667,2.94333333333333,3.56666666666667,0.42,0.223333333333333
"270-2014-0-453",2016,2014,2.5,"wy","not_detected",0,0,25.45,-0.574166666666667,-0.553333333333333,-0.816666666666667,-0.986666666666667,-0.183333333333333
"270-2014-0-453",2017,2014,3.5,"wy","Captured",1,1,20.91,-0.921666666666667,-0.983333333333333,-1.73,-0.536666666666667,-0.11
"270-2014-0-453",2018,2014,4.5,"wy","Captured",1,1,19.77,-0.465,-1.89,-2.77666666666667,2.41333333333333,-0.356666666666667
"270-2014-0-453",2019,2014,5.5,"wy","Captured",1,1,23.86,-1.40833333333333,-0.516666666666667,-1.77,-2.95333333333333,1.45
"270-2014-0-453",2020,2014,6.5,"wy","Captured",1,1,40.91,-3.4025,-3.32,-3.52,-3.33,-3.37666666666667
"270-2014-0-453",2021,2014,7.5,"wy","Captured",1,1,25.91,-1.8125,-3.27666666666667,-0.343333333333333,-0.893333333333333,-3.17
"270-2014-0-453",2022,2014,8.5,"wy","Captured",1,1,16.82,-1.96083333333333,-3.23,-2.95666666666667,0.08,-2.33
"270-2014-0-454",2014,2014,0.5,"wy","Captured",1,1,42.5,-1.2175,-0.98,-2.16333333333333,-1.51333333333333,0.00666666666666666
"270-2014-0-454",2015,2014,1.5,"wy","Captured",1,1,48.41,1.83166666666667,2.94333333333333,3.56666666666667,0.42,0.223333333333333
"270-2014-0-454",2016,2014,2.5,"wy","Captured",1,1,25.45,-0.574166666666667,-0.553333333333333,-0.816666666666667,-0.986666666666667,-0.183333333333333
"270-2014-0-454",2017,2014,3.5,"wy","Captured",1,1,20.91,-0.921666666666667,-0.983333333333333,-1.73,-0.536666666666667,-0.11
"270-2014-0-454",2018,2014,4.5,"wy","Captured",1,1,19.77,-0.465,-1.89,-2.77666666666667,2.41333333333333,-0.356666666666667
"270-2014-0-454",2019,2014,5.5,"wy","Captured",1,1,23.86,-1.40833333333333,-0.516666666666667,-1.77,-2.95333333333333,1.45
"270-2014-0-454",2020,2014,6.5,"wy","Nat Mortality",2,2,40.91,-3.4025,-3.32,-3.52,-3.33,-3.37666666666667
"270-2014-0-454",2021,2014,7.5,"wy","not_detected",0,0,25.91,-1.8125,-3.27666666666667,-0.343333333333333,-0.893333333333333,-3.17
"270-2014-0-454",2022,2014,8.5,"wy","not_detected",0,0,16.82,-1.96083333333333,-3.23,-2.95666666666667,0.08,-2.33
"270-2014-0-455",2014,2014,0.5,"wy","Captured",1,1,42.5,-1.2175,-0.98,-2.16333333333333,-1.51333333333333,0.00666666666666666
"270-2014-0-455",2015,2014,1.5,"wy","Captured",1,1,48.41,1.83166666666667,2.94333333333333,3.56666666666667,0.42,0.223333333333333
"270-2014-0-455",2016,2014,2.5,"wy","Captured",1,1,25.45,-0.574166666666667,-0.553333333333333,-0.816666666666667,-0.986666666666667,-0.183333333333333
"270-2014-0-455",2017,2014,3.5,"wy","Captured",1,1,20.91,-0.921666666666667,-0.983333333333333,-1.73,-0.536666666666667,-0.11
"270-2014-0-455",2018,2014,4.5,"wy","Captured",1,1,19.77,-0.465,-1.89,-2.77666666666667,2.41333333333333,-0.356666666666667
"270-2014-0-455",2019,2014,5.5,"wy","Captured",1,1,23.86,-1.40833333333333,-0.516666666666667,-1.77,-2.95333333333333,1.45
"270-2014-0-455",2020,2014,6.5,"wy","Captured",1,1,40.91,-3.4025,-3.32,-3.52,-3.33,-3.37666666666667
"270-2014-0-455",2021,2014,7.5,"wy","Captured",1,1,25.91,-1.8125,-3.27666666666667,-0.343333333333333,-0.893333333333333,-3.17
"270-2014-0-455",2022,2014,8.5,"wy","Harvested",2,2,16.82,-1.96083333333333,-3.23,-2.95666666666667,0.08,-2.33
"270-2014-1-402",2014,2014,0.5,"dmp","Captured",1,1,42.5,-1.2175,-0.98,-2.16333333333333,-1.51333333333333,0.00666666666666666
"270-2014-1-402",2015,2014,1.5,"dmp","not_detected",0,0,48.41,1.83166666666667,2.94333333333333,3.56666666666667,0.42,0.223333333333333
"270-2014-1-402",2016,2014,2.5,"dmp","not_detected",0,0,25.45,-0.574166666666667,-0.553333333333333,-0.816666666666667,-0.986666666666667,-0.183333333333333
"270-2014-1-402",2017,2014,3.5,"dmp","not_detected",0,0,20.91,-0.921666666666667,-0.983333333333333,-1.73,-0.536666666666667,-0.11
"270-2014-1-402",2018,2014,4.5,"dmp","not_detected",0,0,19.77,-0.465,-1.89,-2.77666666666667,2.41333333333333,-0.356666666666667
"270-2014-1-402",2019,2014,5.5,"dmp","not_detected",0,0,23.86,-1.40833333333333,-0.516666666666667,-1.77,-2.95333333333333,1.45
"270-2014-1-402",2020,2014,6.5,"dmp","not_detected",0,0,40.91,-3.4025,-3.32,-3.52,-3.33,-3.37666666666667
"270-2014-1-402",2021,2014,7.5,"dmp","not_detected",0,0,25.91,-1.8125,-3.27666666666667,-0.343333333333333,-0.893333333333333,-3.17
"270-2014-1-402",2022,2014,8.5,"dmp","not_detected",0,0,16.82,-1.96083333333333,-3.23,-2.95666666666667,0.08,-2.33
"270-2014-1-403",2014,2014,0.5,"dmp","Captured",1,1,42.5,-1.2175,-0.98,-2.16333333333333,-1.51333333333333,0.00666666666666666
"270-2014-1-403",2015,2014,1.5,"dmp","Captured",1,1,48.41,1.83166666666667,2.94333333333333,3.56666666666667,0.42,0.223333333333333
"270-2014-1-403",2016,2014,2.5,"dmp","Captured",1,1,25.45,-0.574166666666667,-0.553333333333333,-0.816666666666667,-0.986666666666667,-0.183333333333333
"270-2014-1-403",2017,2014,3.5,"dmp","Captured",1,1,20.91,-0.921666666666667,-0.983333333333333,-1.73,-0.536666666666667,-0.11
"270-2014-1-403",2018,2014,4.5,"dmp","Captured",1,1,19.77,-0.465,-1.89,-2.77666666666667,2.41333333333333,-0.356666666666667
"270-2014-1-403",2019,2014,5.5,"dmp","Captured",1,1,23.86,-1.40833333333333,-0.516666666666667,-1.77,-2.95333333333333,1.45
"270-2014-1-403",2020,2014,6.5,"dmp","Captured",1,1,40.91,-3.4025,-3.32,-3.52,-3.33,-3.37666666666667
"270-2014-1-403",2021,2014,7.5,"dmp","Captured",1,1,25.91,-1.8125,-3.27666666666667,-0.343333333333333,-0.893333333333333,-3.17
"270-2014-1-403",2022,2014,8.5,"dmp","Captured",1,1,16.82,-1.96083333333333,-3.23,-2.95666666666667,0.08,-2.33
"270-2014-1-406",2014,2014,0.5,"dmp","Captured",1,1,42.5,-1.2175,-0.98,-2.16333333333333,-1.51333333333333,0.00666666666666666
"270-2014-1-406",2015,2014,1.5,"dmp","not_detected",0,0,48.41,1.83166666666667,2.94333333333333,3.56666666666667,0.42,0.223333333333333
"270-2014-1-406",2016,2014,2.5,"dmp","not_detected",0,0,25.45,-0.574166666666667,-0.553333333333333,-0.816666666666667,-0.986666666666667,-0.183333333333333
"270-2014-1-406",2017,2014,3.5,"dmp","not_detected",0,0,20.91,-0.921666666666667,-0.983333333333333,-1.73,-0.536666666666667,-0.11
"270-2014-1-406",2018,2014,4.5,"dmp","not_detected",0,0,19.77,-0.465,-1.89,-2.77666666666667,2.41333333333333,-0.356666666666667
"270-2014-1-406",2019,2014,5.5,"dmp","not_detected",0,0,23.86,-1.40833333333333,-0.516666666666667,-1.77,-2.95333333333333,1.45
"270-2014-1-406",2020,2014,6.5,"dmp","not_detected",0,0,40.91,-3.4025,-3.32,-3.52,-3.33,-3.37666666666667
"270-2014-1-406",2021,2014,7.5,"dmp","not_detected",0,0,25.91,-1.8125,-3.27666666666667,-0.343333333333333,-0.893333333333333,-3.17
"270-2014-1-406",2022,2014,8.5,"dmp","not_detected",0,0,16.82,-1.96083333333333,-3.23,-2.95666666666667,0.08,-2.33
"270-2014-1-407",2014,2014,0.5,"dmp","Captured",1,1,42.5,-1.2175,-0.98,-2.16333333333333,-1.51333333333333,0.00666666666666666
"270-2014-1-407",2015,2014,1.5,"dmp","Captured",1,1,48.41,1.83166666666667,2.94333333333333,3.56666666666667,0.42,0.223333333333333
"270-2014-1-407",2016,2014,2.5,"dmp","Captured",1,1,25.45,-0.574166666666667,-0.553333333333333,-0.816666666666667,-0.986666666666667,-0.183333333333333
"270-2014-1-407",2017,2014,3.5,"dmp","Captured",1,1,20.91,-0.921666666666667,-0.983333333333333,-1.73,-0.536666666666667,-0.11
"270-2014-1-407",2018,2014,4.5,"dmp","Captured",1,1,19.77,-0.465,-1.89,-2.77666666666667,2.41333333333333,-0.356666666666667
"270-2014-1-407",2019,2014,5.5,"dmp","Captured",1,1,23.86,-1.40833333333333,-0.516666666666667,-1.77,-2.95333333333333,1.45
"270-2014-1-407",2020,2014,6.5,"dmp","Captured",1,1,40.91,-3.4025,-3.32,-3.52,-3.33,-3.37666666666667
"270-2014-1-407",2021,2014,7.5,"dmp","Captured",1,1,25.91,-1.8125,-3.27666666666667,-0.343333333333333,-0.893333333333333,-3.17
"270-2014-1-407",2022,2014,8.5,"dmp","Captured",1,1,16.82,-1.96083333333333,-3.23,-2.95666666666667,0.08,-2.33
"270-2014-1-410",2014,2014,0.5,"dmp","Captured",1,1,42.5,-1.2175,-0.98,-2.16333333333333,-1.51333333333333,0.00666666666666666
"270-2014-1-410",2015,2014,1.5,"dmp","Alive-Cuddy",1,0,48.41,1.83166666666667,2.94333333333333,3.56666666666667,0.42,0.223333333333333
"270-2014-1-410",2016,2014,2.5,"dmp","Captured",1,1,25.45,-0.574166666666667,-0.553333333333333,-0.816666666666667,-0.986666666666667,-0.183333333333333
"270-2014-1-410",2017,2014,3.5,"dmp","Captured",1,1,20.91,-0.921666666666667,-0.983333333333333,-1.73,-0.536666666666667,-0.11
"270-2014-1-410",2018,2014,4.5,"dmp","Captured",1,1,19.77,-0.465,-1.89,-2.77666666666667,2.41333333333333,-0.356666666666667
"270-2014-1-410",2019,2014,5.5,"dmp","Captured",1,1,23.86,-1.40833333333333,-0.516666666666667,-1.77,-2.95333333333333,1.45
"270-2014-1-410",2020,2014,6.5,"dmp","Captured",1,1,40.91,-3.4025,-3.32,-3.52,-3.33,-3.37666666666667
"270-2014-1-410",2021,2014,7.5,"dmp","Captured",1,1,25.91,-1.8125,-3.27666666666667,-0.343333333333333,-0.893333333333333,-3.17
"270-2014-1-410",2022,2014,8.5,"dmp","Nat Mortality",2,2,16.82,-1.96083333333333,-3.23,-2.95666666666667,0.08,-2.33
"270-2014-1-411",2014,2014,0.5,"dmp","Captured",1,1,42.5,-1.2175,-0.98,-2.16333333333333,-1.51333333333333,0.00666666666666666
"270-2014-1-411",2015,2014,1.5,"dmp","Captured",1,1,48.41,1.83166666666667,2.94333333333333,3.56666666666667,0.42,0.223333333333333
"270-2014-1-411",2016,2014,2.5,"dmp","Captured",1,1,25.45,-0.574166666666667,-0.553333333333333,-0.816666666666667,-0.986666666666667,-0.183333333333333
"270-2014-1-411",2017,2014,3.5,"dmp","Captured",1,1,20.91,-0.921666666666667,-0.983333333333333,-1.73,-0.536666666666667,-0.11
"270-2014-1-411",2018,2014,4.5,"dmp","Captured",1,1,19.77,-0.465,-1.89,-2.77666666666667,2.41333333333333,-0.356666666666667
"270-2014-1-411",2019,2014,5.5,"dmp","Captured",1,1,23.86,-1.40833333333333,-0.516666666666667,-1.77,-2.95333333333333,1.45
"270-2014-1-411",2020,2014,6.5,"dmp","Captured",1,1,40.91,-3.4025,-3.32,-3.52,-3.33,-3.37666666666667
"270-2014-1-411",2021,2014,7.5,"dmp","Captured",1,1,25.91,-1.8125,-3.27666666666667,-0.343333333333333,-0.893333333333333,-3.17
"270-2014-1-411",2022,2014,8.5,"dmp","Captured",1,1,16.82,-1.96083333333333,-3.23,-2.95666666666667,0.08,-2.33
"270-2014-1-412",2014,2014,0.5,"dmp","Captured",1,1,42.5,-1.2175,-0.98,-2.16333333333333,-1.51333333333333,0.00666666666666666
"270-2014-1-412",2015,2014,1.5,"dmp","not_detected",0,0,48.41,1.83166666666667,2.94333333333333,3.56666666666667,0.42,0.223333333333333
"270-2014-1-412",2016,2014,2.5,"dmp","not_detected",0,0,25.45,-0.574166666666667,-0.553333333333333,-0.816666666666667,-0.986666666666667,-0.183333333333333
"270-2014-1-412",2017,2014,3.5,"dmp","not_detected",0,0,20.91,-0.921666666666667,-0.983333333333333,-1.73,-0.536666666666667,-0.11
"270-2014-1-412",2018,2014,4.5,"dmp","not_detected",0,0,19.77,-0.465,-1.89,-2.77666666666667,2.41333333333333,-0.356666666666667
"270-2014-1-412",2019,2014,5.5,"dmp","not_detected",0,0,23.86,-1.40833333333333,-0.516666666666667,-1.77,-2.95333333333333,1.45
"270-2014-1-412",2020,2014,6.5,"dmp","not_detected",0,0,40.91,-3.4025,-3.32,-3.52,-3.33,-3.37666666666667
"270-2014-1-412",2021,2014,7.5,"dmp","not_detected",0,0,25.91,-1.8125,-3.27666666666667,-0.343333333333333,-0.893333333333333,-3.17
"270-2014-1-412",2022,2014,8.5,"dmp","not_detected",0,0,16.82,-1.96083333333333,-3.23,-2.95666666666667,0.08,-2.33
"270-2014-1-413",2014,2014,0.5,"dmp","Captured",1,1,42.5,-1.2175,-0.98,-2.16333333333333,-1.51333333333333,0.00666666666666666
"270-2014-1-413",2015,2014,1.5,"dmp","not_detected",0,0,48.41,1.83166666666667,2.94333333333333,3.56666666666667,0.42,0.223333333333333
"270-2014-1-413",2016,2014,2.5,"dmp","not_detected",0,0,25.45,-0.574166666666667,-0.553333333333333,-0.816666666666667,-0.986666666666667,-0.183333333333333
"270-2014-1-413",2017,2014,3.5,"dmp","not_detected",0,0,20.91,-0.921666666666667,-0.983333333333333,-1.73,-0.536666666666667,-0.11
"270-2014-1-413",2018,2014,4.5,"dmp","not_detected",0,0,19.77,-0.465,-1.89,-2.77666666666667,2.41333333333333,-0.356666666666667
"270-2014-1-413",2019,2014,5.5,"dmp","not_detected",0,0,23.86,-1.40833333333333,-0.516666666666667,-1.77,-2.95333333333333,1.45
"270-2014-1-413",2020,2014,6.5,"dmp","not_detected",0,0,40.91,-3.4025,-3.32,-3.52,-3.33,-3.37666666666667
"270-2014-1-413",2021,2014,7.5,"dmp","not_detected",0,0,25.91,-1.8125,-3.27666666666667,-0.343333333333333,-0.893333333333333,-3.17
"270-2014-1-413",2022,2014,8.5,"dmp","not_detected",0,0,16.82,-1.96083333333333,-3.23,-2.95666666666667,0.08,-2.33
"270-2014-1-414",2014,2014,0.5,"dmp","Captured",1,1,42.5,-1.2175,-0.98,-2.16333333333333,-1.51333333333333,0.00666666666666666
"270-2014-1-414",2015,2014,1.5,"dmp","Alive-Cuddy",1,0,48.41,1.83166666666667,2.94333333333333,3.56666666666667,0.42,0.223333333333333
"270-2014-1-414",2016,2014,2.5,"dmp","Captured",1,1,25.45,-0.574166666666667,-0.553333333333333,-0.816666666666667,-0.986666666666667,-0.183333333333333
"270-2014-1-414",2017,2014,3.5,"dmp","Captured",1,1,20.91,-0.921666666666667,-0.983333333333333,-1.73,-0.536666666666667,-0.11
"270-2014-1-414",2018,2014,4.5,"dmp","Captured",1,1,19.77,-0.465,-1.89,-2.77666666666667,2.41333333333333,-0.356666666666667
"270-2014-1-414",2019,2014,5.5,"dmp","Captured",1,1,23.86,-1.40833333333333,-0.516666666666667,-1.77,-2.95333333333333,1.45
"270-2014-1-414",2020,2014,6.5,"dmp","Captured",1,1,40.91,-3.4025,-3.32,-3.52,-3.33,-3.37666666666667
"270-2014-1-414",2021,2014,7.5,"dmp","Captured",1,1,25.91,-1.8125,-3.27666666666667,-0.343333333333333,-0.893333333333333,-3.17
"270-2014-1-414",2022,2014,8.5,"dmp","Captured",1,1,16.82,-1.96083333333333,-3.23,-2.95666666666667,0.08,-2.33
"270-2014-1-416",2014,2014,0.5,"dmp","Captured",1,1,42.5,-1.2175,-0.98,-2.16333333333333,-1.51333333333333,0.00666666666666666
"270-2014-1-416",2015,2014,1.5,"dmp","Harvested",2,2,48.41,1.83166666666667,2.94333333333333,3.56666666666667,0.42,0.223333333333333
"270-2014-1-416",2016,2014,2.5,"dmp","not_detected",0,0,25.45,-0.574166666666667,-0.553333333333333,-0.816666666666667,-0.986666666666667,-0.183333333333333
"270-2014-1-416",2017,2014,3.5,"dmp","not_detected",0,0,20.91,-0.921666666666667,-0.983333333333333,-1.73,-0.536666666666667,-0.11
"270-2014-1-416",2018,2014,4.5,"dmp","not_detected",0,0,19.77,-0.465,-1.89,-2.77666666666667,2.41333333333333,-0.356666666666667
"270-2014-1-416",2019,2014,5.5,"dmp","not_detected",0,0,23.86,-1.40833333333333,-0.516666666666667,-1.77,-2.95333333333333,1.45
"270-2014-1-416",2020,2014,6.5,"dmp","not_detected",0,0,40.91,-3.4025,-3.32,-3.52,-3.33,-3.37666666666667
"270-2014-1-416",2021,2014,7.5,"dmp","not_detected",0,0,25.91,-1.8125,-3.27666666666667,-0.343333333333333,-0.893333333333333,-3.17
"270-2014-1-416",2022,2014,8.5,"dmp","not_detected",0,0,16.82,-1.96083333333333,-3.23,-2.95666666666667,0.08,-2.33
"270-2014-1-418",2014,2014,0.5,"dmp","Captured",1,1,42.5,-1.2175,-0.98,-2.16333333333333,-1.51333333333333,0.00666666666666666
"270-2014-1-418",2015,2014,1.5,"dmp","not_detected",0,0,48.41,1.83166666666667,2.94333333333333,3.56666666666667,0.42,0.223333333333333
"270-2014-1-418",2016,2014,2.5,"dmp","not_detected",0,0,25.45,-0.574166666666667,-0.553333333333333,-0.816666666666667,-0.986666666666667,-0.183333333333333
"270-2014-1-418",2017,2014,3.5,"dmp","not_detected",0,0,20.91,-0.921666666666667,-0.983333333333333,-1.73,-0.536666666666667,-0.11
"270-2014-1-418",2018,2014,4.5,"dmp","not_detected",0,0,19.77,-0.465,-1.89,-2.77666666666667,2.41333333333333,-0.356666666666667
"270-2014-1-418",2019,2014,5.5,"dmp","not_detected",0,0,23.86,-1.40833333333333,-0.516666666666667,-1.77,-2.95333333333333,1.45
"270-2014-1-418",2020,2014,6.5,"dmp","not_detected",0,0,40.91,-3.4025,-3.32,-3.52,-3.33,-3.37666666666667
"270-2014-1-418",2021,2014,7.5,"dmp","not_detected",0,0,25.91,-1.8125,-3.27666666666667,-0.343333333333333,-0.893333333333333,-3.17
"270-2014-1-418",2022,2014,8.5,"dmp","not_detected",0,0,16.82,-1.96083333333333,-3.23,-2.95666666666667,0.08,-2.33
"270-2014-1-421",2014,2014,0.5,"dmp","Captured",1,1,42.5,-1.2175,-0.98,-2.16333333333333,-1.51333333333333,0.00666666666666666
"270-2014-1-421",2015,2014,1.5,"dmp","not_detected",0,0,48.41,1.83166666666667,2.94333333333333,3.56666666666667,0.42,0.223333333333333
"270-2014-1-421",2016,2014,2.5,"dmp","not_detected",0,0,25.45,-0.574166666666667,-0.553333333333333,-0.816666666666667,-0.986666666666667,-0.183333333333333
"270-2014-1-421",2017,2014,3.5,"dmp","not_detected",0,0,20.91,-0.921666666666667,-0.983333333333333,-1.73,-0.536666666666667,-0.11
"270-2014-1-421",2018,2014,4.5,"dmp","not_detected",0,0,19.77,-0.465,-1.89,-2.77666666666667,2.41333333333333,-0.356666666666667
"270-2014-1-421",2019,2014,5.5,"dmp","not_detected",0,0,23.86,-1.40833333333333,-0.516666666666667,-1.77,-2.95333333333333,1.45
"270-2014-1-421",2020,2014,6.5,"dmp","not_detected",0,0,40.91,-3.4025,-3.32,-3.52,-3.33,-3.37666666666667
"270-2014-1-421",2021,2014,7.5,"dmp","not_detected",0,0,25.91,-1.8125,-3.27666666666667,-0.343333333333333,-0.893333333333333,-3.17
"270-2014-1-421",2022,2014,8.5,"dmp","not_detected",0,0,16.82,-1.96083333333333,-3.23,-2.95666666666667,0.08,-2.33
"270-2014-1-422",2014,2014,0.5,"dmp","Captured",1,1,42.5,-1.2175,-0.98,-2.16333333333333,-1.51333333333333,0.00666666666666666
"270-2014-1-422",2015,2014,1.5,"dmp","Alive-Cuddy",1,0,48.41,1.83166666666667,2.94333333333333,3.56666666666667,0.42,0.223333333333333
"270-2014-1-422",2016,2014,2.5,"dmp","Captured",1,1,25.45,-0.574166666666667,-0.553333333333333,-0.816666666666667,-0.986666666666667,-0.183333333333333
"270-2014-1-422",2017,2014,3.5,"dmp","Captured",1,1,20.91,-0.921666666666667,-0.983333333333333,-1.73,-0.536666666666667,-0.11
"270-2014-1-422",2018,2014,4.5,"dmp","Captured",1,1,19.77,-0.465,-1.89,-2.77666666666667,2.41333333333333,-0.356666666666667
"270-2014-1-422",2019,2014,5.5,"dmp","Captured",1,1,23.86,-1.40833333333333,-0.516666666666667,-1.77,-2.95333333333333,1.45
"270-2014-1-422",2020,2014,6.5,"dmp","Captured",1,1,40.91,-3.4025,-3.32,-3.52,-3.33,-3.37666666666667
"270-2014-1-422",2021,2014,7.5,"dmp","Captured",1,1,25.91,-1.8125,-3.27666666666667,-0.343333333333333,-0.893333333333333,-3.17
"270-2014-1-422",2022,2014,8.5,"dmp","Captured",1,1,16.82,-1.96083333333333,-3.23,-2.95666666666667,0.08,-2.33
"270-2014-1-423",2014,2014,0.5,"dmp","Captured",1,1,42.5,-1.2175,-0.98,-2.16333333333333,-1.51333333333333,0.00666666666666666
"270-2014-1-423",2015,2014,1.5,"dmp","Alive-Cuddy",1,0,48.41,1.83166666666667,2.94333333333333,3.56666666666667,0.42,0.223333333333333
"270-2014-1-423",2016,2014,2.5,"dmp","Alive-Cuddy",1,0,25.45,-0.574166666666667,-0.553333333333333,-0.816666666666667,-0.986666666666667,-0.183333333333333
"270-2014-1-423",2017,2014,3.5,"dmp","not_detected",0,0,20.91,-0.921666666666667,-0.983333333333333,-1.73,-0.536666666666667,-0.11
"270-2014-1-423",2018,2014,4.5,"dmp","not_detected",0,0,19.77,-0.465,-1.89,-2.77666666666667,2.41333333333333,-0.356666666666667
"270-2014-1-423",2019,2014,5.5,"dmp","not_detected",0,0,23.86,-1.40833333333333,-0.516666666666667,-1.77,-2.95333333333333,1.45
"270-2014-1-423",2020,2014,6.5,"dmp","not_detected",0,0,40.91,-3.4025,-3.32,-3.52,-3.33,-3.37666666666667
"270-2014-1-423",2021,2014,7.5,"dmp","not_detected",0,0,25.91,-1.8125,-3.27666666666667,-0.343333333333333,-0.893333333333333,-3.17
"270-2014-1-423",2022,2014,8.5,"dmp","not_detected",0,0,16.82,-1.96083333333333,-3.23,-2.95666666666667,0.08,-2.33
"270-2014-1-428",2014,2014,0.5,"dmp","Captured",1,1,42.5,-1.2175,-0.98,-2.16333333333333,-1.51333333333333,0.00666666666666666
"270-2014-1-428",2015,2014,1.5,"dmp","Alive-Cuddy",1,0,48.41,1.83166666666667,2.94333333333333,3.56666666666667,0.42,0.223333333333333
"270-2014-1-428",2016,2014,2.5,"dmp","Captured",1,1,25.45,-0.574166666666667,-0.553333333333333,-0.816666666666667,-0.986666666666667,-0.183333333333333
"270-2014-1-428",2017,2014,3.5,"dmp","Captured",1,1,20.91,-0.921666666666667,-0.983333333333333,-1.73,-0.536666666666667,-0.11
"270-2014-1-428",2018,2014,4.5,"dmp","Captured",1,1,19.77,-0.465,-1.89,-2.77666666666667,2.41333333333333,-0.356666666666667
"270-2014-1-428",2019,2014,5.5,"dmp","not_detected",0,0,23.86,-1.40833333333333,-0.516666666666667,-1.77,-2.95333333333333,1.45
"270-2014-1-428",2020,2014,6.5,"dmp","not_detected",0,0,40.91,-3.4025,-3.32,-3.52,-3.33,-3.37666666666667
"270-2014-1-428",2021,2014,7.5,"dmp","not_detected",0,0,25.91,-1.8125,-3.27666666666667,-0.343333333333333,-0.893333333333333,-3.17
"270-2014-1-428",2022,2014,8.5,"dmp","not_detected",0,0,16.82,-1.96083333333333,-3.23,-2.95666666666667,0.08,-2.33
"270-2014-1-429",2014,2014,0.5,"dmp","Captured",1,1,42.5,-1.2175,-0.98,-2.16333333333333,-1.51333333333333,0.00666666666666666
"270-2014-1-429",2015,2014,1.5,"dmp","not_detected",0,0,48.41,1.83166666666667,2.94333333333333,3.56666666666667,0.42,0.223333333333333
"270-2014-1-429",2016,2014,2.5,"dmp","not_detected",0,0,25.45,-0.574166666666667,-0.553333333333333,-0.816666666666667,-0.986666666666667,-0.183333333333333
"270-2014-1-429",2017,2014,3.5,"dmp","not_detected",0,0,20.91,-0.921666666666667,-0.983333333333333,-1.73,-0.536666666666667,-0.11
"270-2014-1-429",2018,2014,4.5,"dmp","not_detected",0,0,19.77,-0.465,-1.89,-2.77666666666667,2.41333333333333,-0.356666666666667
"270-2014-1-429",2019,2014,5.5,"dmp","not_detected",0,0,23.86,-1.40833333333333,-0.516666666666667,-1.77,-2.95333333333333,1.45
"270-2014-1-429",2020,2014,6.5,"dmp","not_detected",0,0,40.91,-3.4025,-3.32,-3.52,-3.33,-3.37666666666667
"270-2014-1-429",2021,2014,7.5,"dmp","not_detected",0,0,25.91,-1.8125,-3.27666666666667,-0.343333333333333,-0.893333333333333,-3.17
"270-2014-1-429",2022,2014,8.5,"dmp","not_detected",0,0,16.82,-1.96083333333333,-3.23,-2.95666666666667,0.08,-2.33
"270-2014-1-434",2014,2014,0.5,"dmp","Captured",1,1,42.5,-1.2175,-0.98,-2.16333333333333,-1.51333333333333,0.00666666666666666
"270-2014-1-434",2015,2014,1.5,"dmp","Alive-Cuddy",1,0,48.41,1.83166666666667,2.94333333333333,3.56666666666667,0.42,0.223333333333333
"270-2014-1-434",2016,2014,2.5,"dmp","Captured",1,1,25.45,-0.574166666666667,-0.553333333333333,-0.816666666666667,-0.986666666666667,-0.183333333333333
"270-2014-1-434",2017,2014,3.5,"dmp","Captured",1,1,20.91,-0.921666666666667,-0.983333333333333,-1.73,-0.536666666666667,-0.11
"270-2014-1-434",2018,2014,4.5,"dmp","Captured",1,1,19.77,-0.465,-1.89,-2.77666666666667,2.41333333333333,-0.356666666666667
"270-2014-1-434",2019,2014,5.5,"dmp","Alive-Cuddy",1,0,23.86,-1.40833333333333,-0.516666666666667,-1.77,-2.95333333333333,1.45
"270-2014-1-434",2020,2014,6.5,"dmp","not_detected",0,0,40.91,-3.4025,-3.32,-3.52,-3.33,-3.37666666666667
"270-2014-1-434",2021,2014,7.5,"dmp","not_detected",0,0,25.91,-1.8125,-3.27666666666667,-0.343333333333333,-0.893333333333333,-3.17
"270-2014-1-434",2022,2014,8.5,"dmp","not_detected",0,0,16.82,-1.96083333333333,-3.23,-2.95666666666667,0.08,-2.33
"270-2014-1-438",2014,2014,0.5,"dmp","Captured",1,1,42.5,-1.2175,-0.98,-2.16333333333333,-1.51333333333333,0.00666666666666666
"270-2014-1-438",2015,2014,1.5,"dmp","Captured",1,1,48.41,1.83166666666667,2.94333333333333,3.56666666666667,0.42,0.223333333333333
"270-2014-1-438",2016,2014,2.5,"dmp","Captured",1,1,25.45,-0.574166666666667,-0.553333333333333,-0.816666666666667,-0.986666666666667,-0.183333333333333
"270-2014-1-438",2017,2014,3.5,"dmp","Captured",1,1,20.91,-0.921666666666667,-0.983333333333333,-1.73,-0.536666666666667,-0.11
"270-2014-1-438",2018,2014,4.5,"dmp","Captured",1,1,19.77,-0.465,-1.89,-2.77666666666667,2.41333333333333,-0.356666666666667
"270-2014-1-438",2019,2014,5.5,"dmp","Captured",1,1,23.86,-1.40833333333333,-0.516666666666667,-1.77,-2.95333333333333,1.45
"270-2014-1-438",2020,2014,6.5,"dmp","Captured",1,1,40.91,-3.4025,-3.32,-3.52,-3.33,-3.37666666666667
"270-2014-1-438",2021,2014,7.5,"dmp","not_detected",0,0,25.91,-1.8125,-3.27666666666667,-0.343333333333333,-0.893333333333333,-3.17
"270-2014-1-438",2022,2014,8.5,"dmp","not_detected",0,0,16.82,-1.96083333333333,-3.23,-2.95666666666667,0.08,-2.33
"270-2014-1-439",2014,2014,0.5,"dmp","Captured",1,1,42.5,-1.2175,-0.98,-2.16333333333333,-1.51333333333333,0.00666666666666666
"270-2014-1-439",2015,2014,1.5,"dmp","Alive-Cuddy",1,0,48.41,1.83166666666667,2.94333333333333,3.56666666666667,0.42,0.223333333333333
"270-2014-1-439",2016,2014,2.5,"dmp","not_detected",0,0,25.45,-0.574166666666667,-0.553333333333333,-0.816666666666667,-0.986666666666667,-0.183333333333333
"270-2014-1-439",2017,2014,3.5,"dmp","not_detected",0,0,20.91,-0.921666666666667,-0.983333333333333,-1.73,-0.536666666666667,-0.11
"270-2014-1-439",2018,2014,4.5,"dmp","not_detected",0,0,19.77,-0.465,-1.89,-2.77666666666667,2.41333333333333,-0.356666666666667
"270-2014-1-439",2019,2014,5.5,"dmp","not_detected",0,0,23.86,-1.40833333333333,-0.516666666666667,-1.77,-2.95333333333333,1.45
"270-2014-1-439",2020,2014,6.5,"dmp","not_detected",0,0,40.91,-3.4025,-3.32,-3.52,-3.33,-3.37666666666667
"270-2014-1-439",2021,2014,7.5,"dmp","not_detected",0,0,25.91,-1.8125,-3.27666666666667,-0.343333333333333,-0.893333333333333,-3.17
"270-2014-1-439",2022,2014,8.5,"dmp","not_detected",0,0,16.82,-1.96083333333333,-3.23,-2.95666666666667,0.08,-2.33
"270-2014-1-440",2014,2014,0.5,"dmp","Captured",1,1,42.5,-1.2175,-0.98,-2.16333333333333,-1.51333333333333,0.00666666666666666
"270-2014-1-440",2015,2014,1.5,"dmp","Alive-Cuddy",1,0,48.41,1.83166666666667,2.94333333333333,3.56666666666667,0.42,0.223333333333333
"270-2014-1-440",2016,2014,2.5,"dmp","Captured",1,1,25.45,-0.574166666666667,-0.553333333333333,-0.816666666666667,-0.986666666666667,-0.183333333333333
"270-2014-1-440",2017,2014,3.5,"dmp","Captured",1,1,20.91,-0.921666666666667,-0.983333333333333,-1.73,-0.536666666666667,-0.11
"270-2014-1-440",2018,2014,4.5,"dmp","not_detected",0,0,19.77,-0.465,-1.89,-2.77666666666667,2.41333333333333,-0.356666666666667
"270-2014-1-440",2019,2014,5.5,"dmp","not_detected",0,0,23.86,-1.40833333333333,-0.516666666666667,-1.77,-2.95333333333333,1.45
"270-2014-1-440",2020,2014,6.5,"dmp","not_detected",0,0,40.91,-3.4025,-3.32,-3.52,-3.33,-3.37666666666667
"270-2014-1-440",2021,2014,7.5,"dmp","not_detected",0,0,25.91,-1.8125,-3.27666666666667,-0.343333333333333,-0.893333333333333,-3.17
"270-2014-1-440",2022,2014,8.5,"dmp","not_detected",0,0,16.82,-1.96083333333333,-3.23,-2.95666666666667,0.08,-2.33
"270-2015-0-547",2015,2015,0.5,"wy","Captured",1,1,48.41,1.83166666666667,2.94333333333333,3.56666666666667,0.42,0.223333333333333
"270-2015-0-547",2016,2015,1.5,"wy","Alive-Cuddy",1,0,25.45,-0.574166666666667,-0.553333333333333,-0.816666666666667,-0.986666666666667,-0.183333333333333
"270-2015-0-547",2017,2015,2.5,"wy","Captured",1,1,20.91,-0.921666666666667,-0.983333333333333,-1.73,-0.536666666666667,-0.11
"270-2015-0-547",2018,2015,3.5,"wy","Captured",1,1,19.77,-0.465,-1.89,-2.77666666666667,2.41333333333333,-0.356666666666667
"270-2015-0-547",2019,2015,4.5,"wy","Captured",1,1,23.86,-1.40833333333333,-0.516666666666667,-1.77,-2.95333333333333,1.45
"270-2015-0-547",2020,2015,5.5,"wy","Alive-Cuddy",1,0,40.91,-3.4025,-3.32,-3.52,-3.33,-3.37666666666667
"270-2015-0-547",2021,2015,6.5,"wy","not_detected",0,0,25.91,-1.8125,-3.27666666666667,-0.343333333333333,-0.893333333333333,-3.17
"270-2015-0-547",2022,2015,7.5,"wy","not_detected",0,0,16.82,-1.96083333333333,-3.23,-2.95666666666667,0.08,-2.33
"270-2015-0-548",2015,2015,0.5,"wy","Captured",1,1,48.41,1.83166666666667,2.94333333333333,3.56666666666667,0.42,0.223333333333333
"270-2015-0-548",2016,2015,1.5,"wy","Alive-Cuddy",1,0,25.45,-0.574166666666667,-0.553333333333333,-0.816666666666667,-0.986666666666667,-0.183333333333333
"270-2015-0-548",2017,2015,2.5,"wy","not_detected",0,0,20.91,-0.921666666666667,-0.983333333333333,-1.73,-0.536666666666667,-0.11
"270-2015-0-548",2018,2015,3.5,"wy","not_detected",0,0,19.77,-0.465,-1.89,-2.77666666666667,2.41333333333333,-0.356666666666667
"270-2015-0-548",2019,2015,4.5,"wy","not_detected",0,0,23.86,-1.40833333333333,-0.516666666666667,-1.77,-2.95333333333333,1.45
"270-2015-0-548",2020,2015,5.5,"wy","not_detected",0,0,40.91,-3.4025,-3.32,-3.52,-3.33,-3.37666666666667
"270-2015-0-548",2021,2015,6.5,"wy","not_detected",0,0,25.91,-1.8125,-3.27666666666667,-0.343333333333333,-0.893333333333333,-3.17
"270-2015-0-548",2022,2015,7.5,"wy","not_detected",0,0,16.82,-1.96083333333333,-3.23,-2.95666666666667,0.08,-2.33
"270-2015-0-549",2015,2015,0.5,"wy","Captured",1,1,48.41,1.83166666666667,2.94333333333333,3.56666666666667,0.42,0.223333333333333
"270-2015-0-549",2016,2015,1.5,"wy","Captured",1,1,25.45,-0.574166666666667,-0.553333333333333,-0.816666666666667,-0.986666666666667,-0.183333333333333
"270-2015-0-549",2017,2015,2.5,"wy","Captured",1,1,20.91,-0.921666666666667,-0.983333333333333,-1.73,-0.536666666666667,-0.11
"270-2015-0-549",2018,2015,3.5,"wy","Captured",1,1,19.77,-0.465,-1.89,-2.77666666666667,2.41333333333333,-0.356666666666667
"270-2015-0-549",2019,2015,4.5,"wy","Captured",1,1,23.86,-1.40833333333333,-0.516666666666667,-1.77,-2.95333333333333,1.45
"270-2015-0-549",2020,2015,5.5,"wy","Captured",1,1,40.91,-3.4025,-3.32,-3.52,-3.33,-3.37666666666667
"270-2015-0-549",2021,2015,6.5,"wy","Alive-Cuddy",1,0,25.91,-1.8125,-3.27666666666667,-0.343333333333333,-0.893333333333333,-3.17
"270-2015-0-549",2022,2015,7.5,"wy","Captured",1,1,16.82,-1.96083333333333,-3.23,-2.95666666666667,0.08,-2.33
"270-2015-0-550",2015,2015,0.5,"wy","Captured",1,1,48.41,1.83166666666667,2.94333333333333,3.56666666666667,0.42,0.223333333333333
"270-2015-0-550",2016,2015,1.5,"wy","not_detected",0,0,25.45,-0.574166666666667,-0.553333333333333,-0.816666666666667,-0.986666666666667,-0.183333333333333
"270-2015-0-550",2017,2015,2.5,"wy","not_detected",0,0,20.91,-0.921666666666667,-0.983333333333333,-1.73,-0.536666666666667,-0.11
"270-2015-0-550",2018,2015,3.5,"wy","not_detected",0,0,19.77,-0.465,-1.89,-2.77666666666667,2.41333333333333,-0.356666666666667
"270-2015-0-550",2019,2015,4.5,"wy","not_detected",0,0,23.86,-1.40833333333333,-0.516666666666667,-1.77,-2.95333333333333,1.45
"270-2015-0-550",2020,2015,5.5,"wy","not_detected",0,0,40.91,-3.4025,-3.32,-3.52,-3.33,-3.37666666666667
"270-2015-0-550",2021,2015,6.5,"wy","not_detected",0,0,25.91,-1.8125,-3.27666666666667,-0.343333333333333,-0.893333333333333,-3.17
"270-2015-0-550",2022,2015,7.5,"wy","not_detected",0,0,16.82,-1.96083333333333,-3.23,-2.95666666666667,0.08,-2.33
"270-2015-0-551",2015,2015,0.5,"wy","Captured",1,1,48.41,1.83166666666667,2.94333333333333,3.56666666666667,0.42,0.223333333333333
"270-2015-0-551",2016,2015,1.5,"wy","Captured",1,1,25.45,-0.574166666666667,-0.553333333333333,-0.816666666666667,-0.986666666666667,-0.183333333333333
"270-2015-0-551",2017,2015,2.5,"wy","Captured",1,1,20.91,-0.921666666666667,-0.983333333333333,-1.73,-0.536666666666667,-0.11
"270-2015-0-551",2018,2015,3.5,"wy","Captured",1,1,19.77,-0.465,-1.89,-2.77666666666667,2.41333333333333,-0.356666666666667
"270-2015-0-551",2019,2015,4.5,"wy","Captured",1,1,23.86,-1.40833333333333,-0.516666666666667,-1.77,-2.95333333333333,1.45
"270-2015-0-551",2020,2015,5.5,"wy","Captured",1,1,40.91,-3.4025,-3.32,-3.52,-3.33,-3.37666666666667
"270-2015-0-551",2021,2015,6.5,"wy","Alive-Cuddy",1,0,25.91,-1.8125,-3.27666666666667,-0.343333333333333,-0.893333333333333,-3.17
"270-2015-0-551",2022,2015,7.5,"wy","Captured",1,1,16.82,-1.96083333333333,-3.23,-2.95666666666667,0.08,-2.33
"270-2015-0-552",2015,2015,0.5,"wy","Captured",1,1,48.41,1.83166666666667,2.94333333333333,3.56666666666667,0.42,0.223333333333333
"270-2015-0-552",2016,2015,1.5,"wy","Alive-Cuddy",1,0,25.45,-0.574166666666667,-0.553333333333333,-0.816666666666667,-0.986666666666667,-0.183333333333333
"270-2015-0-552",2017,2015,2.5,"wy","Captured",1,1,20.91,-0.921666666666667,-0.983333333333333,-1.73,-0.536666666666667,-0.11
"270-2015-0-552",2018,2015,3.5,"wy","Captured",1,1,19.77,-0.465,-1.89,-2.77666666666667,2.41333333333333,-0.356666666666667
"270-2015-0-552",2019,2015,4.5,"wy","Alive-Cuddy",1,0,23.86,-1.40833333333333,-0.516666666666667,-1.77,-2.95333333333333,1.45
"270-2015-0-552",2020,2015,5.5,"wy","Captured",1,1,40.91,-3.4025,-3.32,-3.52,-3.33,-3.37666666666667
"270-2015-0-552",2021,2015,6.5,"wy","Captured",1,1,25.91,-1.8125,-3.27666666666667,-0.343333333333333,-0.893333333333333,-3.17
"270-2015-0-552",2022,2015,7.5,"wy","Captured",1,1,16.82,-1.96083333333333,-3.23,-2.95666666666667,0.08,-2.33
"270-2015-0-553",2015,2015,0.5,"wy","Captured",1,1,48.41,1.83166666666667,2.94333333333333,3.56666666666667,0.42,0.223333333333333
"270-2015-0-553",2016,2015,1.5,"wy","Captured",1,1,25.45,-0.574166666666667,-0.553333333333333,-0.816666666666667,-0.986666666666667,-0.183333333333333
"270-2015-0-553",2017,2015,2.5,"wy","Captured",1,1,20.91,-0.921666666666667,-0.983333333333333,-1.73,-0.536666666666667,-0.11
"270-2015-0-553",2018,2015,3.5,"wy","Captured",1,1,19.77,-0.465,-1.89,-2.77666666666667,2.41333333333333,-0.356666666666667
"270-2015-0-553",2019,2015,4.5,"wy","Captured",1,1,23.86,-1.40833333333333,-0.516666666666667,-1.77,-2.95333333333333,1.45
"270-2015-0-553",2020,2015,5.5,"wy","Captured",1,1,40.91,-3.4025,-3.32,-3.52,-3.33,-3.37666666666667
"270-2015-0-553",2021,2015,6.5,"wy","Captured",1,1,25.91,-1.8125,-3.27666666666667,-0.343333333333333,-0.893333333333333,-3.17
"270-2015-0-553",2022,2015,7.5,"wy","Captured",1,1,16.82,-1.96083333333333,-3.23,-2.95666666666667,0.08,-2.33
"270-2015-0-554",2015,2015,0.5,"wy","Captured",1,1,48.41,1.83166666666667,2.94333333333333,3.56666666666667,0.42,0.223333333333333
"270-2015-0-554",2016,2015,1.5,"wy","not_detected",0,0,25.45,-0.574166666666667,-0.553333333333333,-0.816666666666667,-0.986666666666667,-0.183333333333333
"270-2015-0-554",2017,2015,2.5,"wy","not_detected",0,0,20.91,-0.921666666666667,-0.983333333333333,-1.73,-0.536666666666667,-0.11
"270-2015-0-554",2018,2015,3.5,"wy","not_detected",0,0,19.77,-0.465,-1.89,-2.77666666666667,2.41333333333333,-0.356666666666667
"270-2015-0-554",2019,2015,4.5,"wy","not_detected",0,0,23.86,-1.40833333333333,-0.516666666666667,-1.77,-2.95333333333333,1.45
"270-2015-0-554",2020,2015,5.5,"wy","not_detected",0,0,40.91,-3.4025,-3.32,-3.52,-3.33,-3.37666666666667
"270-2015-0-554",2021,2015,6.5,"wy","not_detected",0,0,25.91,-1.8125,-3.27666666666667,-0.343333333333333,-0.893333333333333,-3.17
"270-2015-0-554",2022,2015,7.5,"wy","not_detected",0,0,16.82,-1.96083333333333,-3.23,-2.95666666666667,0.08,-2.33
"270-2015-0-555",2015,2015,0.5,"wy","Captured",1,1,48.41,1.83166666666667,2.94333333333333,3.56666666666667,0.42,0.223333333333333
"270-2015-0-555",2016,2015,1.5,"wy","Captured",1,1,25.45,-0.574166666666667,-0.553333333333333,-0.816666666666667,-0.986666666666667,-0.183333333333333
"270-2015-0-555",2017,2015,2.5,"wy","Captured",1,1,20.91,-0.921666666666667,-0.983333333333333,-1.73,-0.536666666666667,-0.11
"270-2015-0-555",2018,2015,3.5,"wy","Captured",1,1,19.77,-0.465,-1.89,-2.77666666666667,2.41333333333333,-0.356666666666667
"270-2015-0-555",2019,2015,4.5,"wy","Captured",1,1,23.86,-1.40833333333333,-0.516666666666667,-1.77,-2.95333333333333,1.45
"270-2015-0-555",2020,2015,5.5,"wy","Captured",1,1,40.91,-3.4025,-3.32,-3.52,-3.33,-3.37666666666667
"270-2015-0-555",2021,2015,6.5,"wy","not_detected",0,0,25.91,-1.8125,-3.27666666666667,-0.343333333333333,-0.893333333333333,-3.17
"270-2015-0-555",2022,2015,7.5,"wy","not_detected",0,0,16.82,-1.96083333333333,-3.23,-2.95666666666667,0.08,-2.33
"270-2015-0-556",2015,2015,0.5,"wy","Captured",1,1,48.41,1.83166666666667,2.94333333333333,3.56666666666667,0.42,0.223333333333333
"270-2015-0-556",2016,2015,1.5,"wy","not_detected",0,0,25.45,-0.574166666666667,-0.553333333333333,-0.816666666666667,-0.986666666666667,-0.183333333333333
"270-2015-0-556",2017,2015,2.5,"wy","not_detected",0,0,20.91,-0.921666666666667,-0.983333333333333,-1.73,-0.536666666666667,-0.11
"270-2015-0-556",2018,2015,3.5,"wy","not_detected",0,0,19.77,-0.465,-1.89,-2.77666666666667,2.41333333333333,-0.356666666666667
"270-2015-0-556",2019,2015,4.5,"wy","not_detected",0,0,23.86,-1.40833333333333,-0.516666666666667,-1.77,-2.95333333333333,1.45
"270-2015-0-556",2020,2015,5.5,"wy","not_detected",0,0,40.91,-3.4025,-3.32,-3.52,-3.33,-3.37666666666667
"270-2015-0-556",2021,2015,6.5,"wy","not_detected",0,0,25.91,-1.8125,-3.27666666666667,-0.343333333333333,-0.893333333333333,-3.17
"270-2015-0-556",2022,2015,7.5,"wy","not_detected",0,0,16.82,-1.96083333333333,-3.23,-2.95666666666667,0.08,-2.33
"270-2015-0-557",2015,2015,0.5,"wy","Captured",1,1,48.41,1.83166666666667,2.94333333333333,3.56666666666667,0.42,0.223333333333333
"270-2015-0-557",2016,2015,1.5,"wy","Captured",1,1,25.45,-0.574166666666667,-0.553333333333333,-0.816666666666667,-0.986666666666667,-0.183333333333333
"270-2015-0-557",2017,2015,2.5,"wy","Captured",1,1,20.91,-0.921666666666667,-0.983333333333333,-1.73,-0.536666666666667,-0.11
"270-2015-0-557",2018,2015,3.5,"wy","Captured",1,1,19.77,-0.465,-1.89,-2.77666666666667,2.41333333333333,-0.356666666666667
"270-2015-0-557",2019,2015,4.5,"wy","Captured",1,1,23.86,-1.40833333333333,-0.516666666666667,-1.77,-2.95333333333333,1.45
"270-2015-0-557",2020,2015,5.5,"wy","Captured",1,1,40.91,-3.4025,-3.32,-3.52,-3.33,-3.37666666666667
"270-2015-0-557",2021,2015,6.5,"wy","Captured",1,1,25.91,-1.8125,-3.27666666666667,-0.343333333333333,-0.893333333333333,-3.17
"270-2015-0-557",2022,2015,7.5,"wy","Captured",1,1,16.82,-1.96083333333333,-3.23,-2.95666666666667,0.08,-2.33
"270-2015-0-558",2015,2015,0.5,"wy","Captured",1,1,48.41,1.83166666666667,2.94333333333333,3.56666666666667,0.42,0.223333333333333
"270-2015-0-558",2016,2015,1.5,"wy","Alive-Cuddy",1,0,25.45,-0.574166666666667,-0.553333333333333,-0.816666666666667,-0.986666666666667,-0.183333333333333
"270-2015-0-558",2017,2015,2.5,"wy","Captured",1,1,20.91,-0.921666666666667,-0.983333333333333,-1.73,-0.536666666666667,-0.11
"270-2015-0-558",2018,2015,3.5,"wy","Captured",1,1,19.77,-0.465,-1.89,-2.77666666666667,2.41333333333333,-0.356666666666667
"270-2015-0-558",2019,2015,4.5,"wy","Alive-Cuddy",1,0,23.86,-1.40833333333333,-0.516666666666667,-1.77,-2.95333333333333,1.45
"270-2015-0-558",2020,2015,5.5,"wy","Nat Mortality",2,2,40.91,-3.4025,-3.32,-3.52,-3.33,-3.37666666666667
"270-2015-0-558",2021,2015,6.5,"wy","not_detected",0,0,25.91,-1.8125,-3.27666666666667,-0.343333333333333,-0.893333333333333,-3.17
"270-2015-0-558",2022,2015,7.5,"wy","not_detected",0,0,16.82,-1.96083333333333,-3.23,-2.95666666666667,0.08,-2.33
"270-2015-0-582",2015,2015,0.5,"wy","Captured",1,1,48.41,1.83166666666667,2.94333333333333,3.56666666666667,0.42,0.223333333333333
"270-2015-0-582",2016,2015,1.5,"wy","Alive-Cuddy",1,0,25.45,-0.574166666666667,-0.553333333333333,-0.816666666666667,-0.986666666666667,-0.183333333333333
"270-2015-0-582",2017,2015,2.5,"wy","Captured",1,1,20.91,-0.921666666666667,-0.983333333333333,-1.73,-0.536666666666667,-0.11
"270-2015-0-582",2018,2015,3.5,"wy","Captured",1,1,19.77,-0.465,-1.89,-2.77666666666667,2.41333333333333,-0.356666666666667
"270-2015-0-582",2019,2015,4.5,"wy","Captured",1,1,23.86,-1.40833333333333,-0.516666666666667,-1.77,-2.95333333333333,1.45
"270-2015-0-582",2020,2015,5.5,"wy","Alive-Cuddy",1,0,40.91,-3.4025,-3.32,-3.52,-3.33,-3.37666666666667
"270-2015-0-582",2021,2015,6.5,"wy","Captured",1,1,25.91,-1.8125,-3.27666666666667,-0.343333333333333,-0.893333333333333,-3.17
"270-2015-0-582",2022,2015,7.5,"wy","not_detected",0,0,16.82,-1.96083333333333,-3.23,-2.95666666666667,0.08,-2.33
"270-2015-0-583",2015,2015,0.5,"wy","Captured",1,1,48.41,1.83166666666667,2.94333333333333,3.56666666666667,0.42,0.223333333333333
"270-2015-0-583",2016,2015,1.5,"wy","Captured",1,1,25.45,-0.574166666666667,-0.553333333333333,-0.816666666666667,-0.986666666666667,-0.183333333333333
"270-2015-0-583",2017,2015,2.5,"wy","Captured",1,1,20.91,-0.921666666666667,-0.983333333333333,-1.73,-0.536666666666667,-0.11
"270-2015-0-583",2018,2015,3.5,"wy","Captured",1,1,19.77,-0.465,-1.89,-2.77666666666667,2.41333333333333,-0.356666666666667
"270-2015-0-583",2019,2015,4.5,"wy","Captured",1,1,23.86,-1.40833333333333,-0.516666666666667,-1.77,-2.95333333333333,1.45
"270-2015-0-583",2020,2015,5.5,"wy","Captured",1,1,40.91,-3.4025,-3.32,-3.52,-3.33,-3.37666666666667
"270-2015-0-583",2021,2015,6.5,"wy","Captured",1,1,25.91,-1.8125,-3.27666666666667,-0.343333333333333,-0.893333333333333,-3.17
"270-2015-0-583",2022,2015,7.5,"wy","not_detected",0,0,16.82,-1.96083333333333,-3.23,-2.95666666666667,0.08,-2.33
"270-2015-0-584",2015,2015,0.5,"wy","Captured",1,1,48.41,1.83166666666667,2.94333333333333,3.56666666666667,0.42,0.223333333333333
"270-2015-0-584",2016,2015,1.5,"wy","not_detected",0,0,25.45,-0.574166666666667,-0.553333333333333,-0.816666666666667,-0.986666666666667,-0.183333333333333
"270-2015-0-584",2017,2015,2.5,"wy","not_detected",0,0,20.91,-0.921666666666667,-0.983333333333333,-1.73,-0.536666666666667,-0.11
"270-2015-0-584",2018,2015,3.5,"wy","not_detected",0,0,19.77,-0.465,-1.89,-2.77666666666667,2.41333333333333,-0.356666666666667
"270-2015-0-584",2019,2015,4.5,"wy","not_detected",0,0,23.86,-1.40833333333333,-0.516666666666667,-1.77,-2.95333333333333,1.45
"270-2015-0-584",2020,2015,5.5,"wy","not_detected",0,0,40.91,-3.4025,-3.32,-3.52,-3.33,-3.37666666666667
"270-2015-0-584",2021,2015,6.5,"wy","not_detected",0,0,25.91,-1.8125,-3.27666666666667,-0.343333333333333,-0.893333333333333,-3.17
"270-2015-0-584",2022,2015,7.5,"wy","not_detected",0,0,16.82,-1.96083333333333,-3.23,-2.95666666666667,0.08,-2.33
"270-2015-0-585",2015,2015,0.5,"wy","Captured",1,1,48.41,1.83166666666667,2.94333333333333,3.56666666666667,0.42,0.223333333333333
"270-2015-0-585",2016,2015,1.5,"wy","not_detected",0,0,25.45,-0.574166666666667,-0.553333333333333,-0.816666666666667,-0.986666666666667,-0.183333333333333
"270-2015-0-585",2017,2015,2.5,"wy","not_detected",0,0,20.91,-0.921666666666667,-0.983333333333333,-1.73,-0.536666666666667,-0.11
"270-2015-0-585",2018,2015,3.5,"wy","not_detected",0,0,19.77,-0.465,-1.89,-2.77666666666667,2.41333333333333,-0.356666666666667
"270-2015-0-585",2019,2015,4.5,"wy","not_detected",0,0,23.86,-1.40833333333333,-0.516666666666667,-1.77,-2.95333333333333,1.45
"270-2015-0-585",2020,2015,5.5,"wy","not_detected",0,0,40.91,-3.4025,-3.32,-3.52,-3.33,-3.37666666666667
"270-2015-0-585",2021,2015,6.5,"wy","not_detected",0,0,25.91,-1.8125,-3.27666666666667,-0.343333333333333,-0.893333333333333,-3.17
"270-2015-0-585",2022,2015,7.5,"wy","not_detected",0,0,16.82,-1.96083333333333,-3.23,-2.95666666666667,0.08,-2.33
"270-2015-0-586",2015,2015,0.5,"wy","Captured",1,1,48.41,1.83166666666667,2.94333333333333,3.56666666666667,0.42,0.223333333333333
"270-2015-0-586",2016,2015,1.5,"wy","Captured",1,1,25.45,-0.574166666666667,-0.553333333333333,-0.816666666666667,-0.986666666666667,-0.183333333333333
"270-2015-0-586",2017,2015,2.5,"wy","Captured",1,1,20.91,-0.921666666666667,-0.983333333333333,-1.73,-0.536666666666667,-0.11
"270-2015-0-586",2018,2015,3.5,"wy","Captured",1,1,19.77,-0.465,-1.89,-2.77666666666667,2.41333333333333,-0.356666666666667
"270-2015-0-586",2019,2015,4.5,"wy","Alive-Cuddy",1,0,23.86,-1.40833333333333,-0.516666666666667,-1.77,-2.95333333333333,1.45
"270-2015-0-586",2020,2015,5.5,"wy","Captured",1,1,40.91,-3.4025,-3.32,-3.52,-3.33,-3.37666666666667
"270-2015-0-586",2021,2015,6.5,"wy","Captured",1,1,25.91,-1.8125,-3.27666666666667,-0.343333333333333,-0.893333333333333,-3.17
"270-2015-0-586",2022,2015,7.5,"wy","Captured",1,1,16.82,-1.96083333333333,-3.23,-2.95666666666667,0.08,-2.33
"270-2015-0-587",2015,2015,0.5,"wy","Captured",1,1,48.41,1.83166666666667,2.94333333333333,3.56666666666667,0.42,0.223333333333333
"270-2015-0-587",2016,2015,1.5,"wy","Alive-Cuddy",1,0,25.45,-0.574166666666667,-0.553333333333333,-0.816666666666667,-0.986666666666667,-0.183333333333333
"270-2015-0-587",2017,2015,2.5,"wy","not_detected",0,0,20.91,-0.921666666666667,-0.983333333333333,-1.73,-0.536666666666667,-0.11
"270-2015-0-587",2018,2015,3.5,"wy","not_detected",0,0,19.77,-0.465,-1.89,-2.77666666666667,2.41333333333333,-0.356666666666667
"270-2015-0-587",2019,2015,4.5,"wy","not_detected",0,0,23.86,-1.40833333333333,-0.516666666666667,-1.77,-2.95333333333333,1.45
"270-2015-0-587",2020,2015,5.5,"wy","not_detected",0,0,40.91,-3.4025,-3.32,-3.52,-3.33,-3.37666666666667
"270-2015-0-587",2021,2015,6.5,"wy","not_detected",0,0,25.91,-1.8125,-3.27666666666667,-0.343333333333333,-0.893333333333333,-3.17
"270-2015-0-587",2022,2015,7.5,"wy","not_detected",0,0,16.82,-1.96083333333333,-3.23,-2.95666666666667,0.08,-2.33
"270-2015-0-588",2015,2015,0.5,"wy","Captured",1,1,48.41,1.83166666666667,2.94333333333333,3.56666666666667,0.42,0.223333333333333
"270-2015-0-588",2016,2015,1.5,"wy","Alive-Cuddy",1,0,25.45,-0.574166666666667,-0.553333333333333,-0.816666666666667,-0.986666666666667,-0.183333333333333
"270-2015-0-588",2017,2015,2.5,"wy","not_detected",0,0,20.91,-0.921666666666667,-0.983333333333333,-1.73,-0.536666666666667,-0.11
"270-2015-0-588",2018,2015,3.5,"wy","not_detected",0,0,19.77,-0.465,-1.89,-2.77666666666667,2.41333333333333,-0.356666666666667
"270-2015-0-588",2019,2015,4.5,"wy","not_detected",0,0,23.86,-1.40833333333333,-0.516666666666667,-1.77,-2.95333333333333,1.45
"270-2015-0-588",2020,2015,5.5,"wy","not_detected",0,0,40.91,-3.4025,-3.32,-3.52,-3.33,-3.37666666666667
"270-2015-0-588",2021,2015,6.5,"wy","not_detected",0,0,25.91,-1.8125,-3.27666666666667,-0.343333333333333,-0.893333333333333,-3.17
"270-2015-0-588",2022,2015,7.5,"wy","not_detected",0,0,16.82,-1.96083333333333,-3.23,-2.95666666666667,0.08,-2.33
"270-2015-0-589",2015,2015,0.5,"wy","Captured",1,1,48.41,1.83166666666667,2.94333333333333,3.56666666666667,0.42,0.223333333333333
"270-2015-0-589",2016,2015,1.5,"wy","Captured",1,1,25.45,-0.574166666666667,-0.553333333333333,-0.816666666666667,-0.986666666666667,-0.183333333333333
"270-2015-0-589",2017,2015,2.5,"wy","Captured",1,1,20.91,-0.921666666666667,-0.983333333333333,-1.73,-0.536666666666667,-0.11
"270-2015-0-589",2018,2015,3.5,"wy","Captured",1,1,19.77,-0.465,-1.89,-2.77666666666667,2.41333333333333,-0.356666666666667
"270-2015-0-589",2019,2015,4.5,"wy","Captured",1,1,23.86,-1.40833333333333,-0.516666666666667,-1.77,-2.95333333333333,1.45
"270-2015-0-589",2020,2015,5.5,"wy","Captured",1,1,40.91,-3.4025,-3.32,-3.52,-3.33,-3.37666666666667
"270-2015-0-589",2021,2015,6.5,"wy","Captured",1,1,25.91,-1.8125,-3.27666666666667,-0.343333333333333,-0.893333333333333,-3.17
"270-2015-0-589",2022,2015,7.5,"wy","not_detected",0,0,16.82,-1.96083333333333,-3.23,-2.95666666666667,0.08,-2.33
"270-2015-1-503",2015,2015,0.5,"dmp","Captured",1,1,48.41,1.83166666666667,2.94333333333333,3.56666666666667,0.42,0.223333333333333
"270-2015-1-503",2016,2015,1.5,"dmp","not_detected",0,0,25.45,-0.574166666666667,-0.553333333333333,-0.816666666666667,-0.986666666666667,-0.183333333333333
"270-2015-1-503",2017,2015,2.5,"dmp","not_detected",0,0,20.91,-0.921666666666667,-0.983333333333333,-1.73,-0.536666666666667,-0.11
"270-2015-1-503",2018,2015,3.5,"dmp","not_detected",0,0,19.77,-0.465,-1.89,-2.77666666666667,2.41333333333333,-0.356666666666667
"270-2015-1-503",2019,2015,4.5,"dmp","not_detected",0,0,23.86,-1.40833333333333,-0.516666666666667,-1.77,-2.95333333333333,1.45
"270-2015-1-503",2020,2015,5.5,"dmp","not_detected",0,0,40.91,-3.4025,-3.32,-3.52,-3.33,-3.37666666666667
"270-2015-1-503",2021,2015,6.5,"dmp","not_detected",0,0,25.91,-1.8125,-3.27666666666667,-0.343333333333333,-0.893333333333333,-3.17
"270-2015-1-503",2022,2015,7.5,"dmp","not_detected",0,0,16.82,-1.96083333333333,-3.23,-2.95666666666667,0.08,-2.33
"270-2015-1-504",2015,2015,0.5,"dmp","Captured",1,1,48.41,1.83166666666667,2.94333333333333,3.56666666666667,0.42,0.223333333333333
"270-2015-1-504",2016,2015,1.5,"dmp","not_detected",0,0,25.45,-0.574166666666667,-0.553333333333333,-0.816666666666667,-0.986666666666667,-0.183333333333333
"270-2015-1-504",2017,2015,2.5,"dmp","not_detected",0,0,20.91,-0.921666666666667,-0.983333333333333,-1.73,-0.536666666666667,-0.11
"270-2015-1-504",2018,2015,3.5,"dmp","not_detected",0,0,19.77,-0.465,-1.89,-2.77666666666667,2.41333333333333,-0.356666666666667
"270-2015-1-504",2019,2015,4.5,"dmp","not_detected",0,0,23.86,-1.40833333333333,-0.516666666666667,-1.77,-2.95333333333333,1.45
"270-2015-1-504",2020,2015,5.5,"dmp","not_detected",0,0,40.91,-3.4025,-3.32,-3.52,-3.33,-3.37666666666667
"270-2015-1-504",2021,2015,6.5,"dmp","not_detected",0,0,25.91,-1.8125,-3.27666666666667,-0.343333333333333,-0.893333333333333,-3.17
"270-2015-1-504",2022,2015,7.5,"dmp","not_detected",0,0,16.82,-1.96083333333333,-3.23,-2.95666666666667,0.08,-2.33
"270-2015-1-507",2015,2015,0.5,"dmp","Captured",1,1,48.41,1.83166666666667,2.94333333333333,3.56666666666667,0.42,0.223333333333333
"270-2015-1-507",2016,2015,1.5,"dmp","Captured",1,1,25.45,-0.574166666666667,-0.553333333333333,-0.816666666666667,-0.986666666666667,-0.183333333333333
"270-2015-1-507",2017,2015,2.5,"dmp","Captured",1,1,20.91,-0.921666666666667,-0.983333333333333,-1.73,-0.536666666666667,-0.11
"270-2015-1-507",2018,2015,3.5,"dmp","not_detected",0,0,19.77,-0.465,-1.89,-2.77666666666667,2.41333333333333,-0.356666666666667
"270-2015-1-507",2019,2015,4.5,"dmp","not_detected",0,0,23.86,-1.40833333333333,-0.516666666666667,-1.77,-2.95333333333333,1.45
"270-2015-1-507",2020,2015,5.5,"dmp","not_detected",0,0,40.91,-3.4025,-3.32,-3.52,-3.33,-3.37666666666667
"270-2015-1-507",2021,2015,6.5,"dmp","not_detected",0,0,25.91,-1.8125,-3.27666666666667,-0.343333333333333,-0.893333333333333,-3.17
"270-2015-1-507",2022,2015,7.5,"dmp","not_detected",0,0,16.82,-1.96083333333333,-3.23,-2.95666666666667,0.08,-2.33
"270-2015-1-508",2015,2015,0.5,"dmp","Captured",1,1,48.41,1.83166666666667,2.94333333333333,3.56666666666667,0.42,0.223333333333333
"270-2015-1-508",2016,2015,1.5,"dmp","Captured",1,1,25.45,-0.574166666666667,-0.553333333333333,-0.816666666666667,-0.986666666666667,-0.183333333333333
"270-2015-1-508",2017,2015,2.5,"dmp","Captured",1,1,20.91,-0.921666666666667,-0.983333333333333,-1.73,-0.536666666666667,-0.11
"270-2015-1-508",2018,2015,3.5,"dmp","Captured",1,1,19.77,-0.465,-1.89,-2.77666666666667,2.41333333333333,-0.356666666666667
"270-2015-1-508",2019,2015,4.5,"dmp","Captured",1,1,23.86,-1.40833333333333,-0.516666666666667,-1.77,-2.95333333333333,1.45
"270-2015-1-508",2020,2015,5.5,"dmp","Captured",1,1,40.91,-3.4025,-3.32,-3.52,-3.33,-3.37666666666667
"270-2015-1-508",2021,2015,6.5,"dmp","Captured",1,1,25.91,-1.8125,-3.27666666666667,-0.343333333333333,-0.893333333333333,-3.17
"270-2015-1-508",2022,2015,7.5,"dmp","Captured",1,1,16.82,-1.96083333333333,-3.23,-2.95666666666667,0.08,-2.33
"270-2015-1-510",2015,2015,0.5,"dmp","Captured",1,1,48.41,1.83166666666667,2.94333333333333,3.56666666666667,0.42,0.223333333333333
"270-2015-1-510",2016,2015,1.5,"dmp","Alive-Cuddy",1,0,25.45,-0.574166666666667,-0.553333333333333,-0.816666666666667,-0.986666666666667,-0.183333333333333
"270-2015-1-510",2017,2015,2.5,"dmp","Captured",1,1,20.91,-0.921666666666667,-0.983333333333333,-1.73,-0.536666666666667,-0.11
"270-2015-1-510",2018,2015,3.5,"dmp","Captured",1,1,19.77,-0.465,-1.89,-2.77666666666667,2.41333333333333,-0.356666666666667
"270-2015-1-510",2019,2015,4.5,"dmp","Nat Mortality",2,2,23.86,-1.40833333333333,-0.516666666666667,-1.77,-2.95333333333333,1.45
"270-2015-1-510",2020,2015,5.5,"dmp","not_detected",0,0,40.91,-3.4025,-3.32,-3.52,-3.33,-3.37666666666667
"270-2015-1-510",2021,2015,6.5,"dmp","not_detected",0,0,25.91,-1.8125,-3.27666666666667,-0.343333333333333,-0.893333333333333,-3.17
"270-2015-1-510",2022,2015,7.5,"dmp","not_detected",0,0,16.82,-1.96083333333333,-3.23,-2.95666666666667,0.08,-2.33
"270-2015-1-516",2015,2015,0.5,"dmp","Captured",1,1,48.41,1.83166666666667,2.94333333333333,3.56666666666667,0.42,0.223333333333333
"270-2015-1-516",2016,2015,1.5,"dmp","Captured",1,1,25.45,-0.574166666666667,-0.553333333333333,-0.816666666666667,-0.986666666666667,-0.183333333333333
"270-2015-1-516",2017,2015,2.5,"dmp","Captured",1,1,20.91,-0.921666666666667,-0.983333333333333,-1.73,-0.536666666666667,-0.11
"270-2015-1-516",2018,2015,3.5,"dmp","Captured",1,1,19.77,-0.465,-1.89,-2.77666666666667,2.41333333333333,-0.356666666666667
"270-2015-1-516",2019,2015,4.5,"dmp","Captured",1,1,23.86,-1.40833333333333,-0.516666666666667,-1.77,-2.95333333333333,1.45
"270-2015-1-516",2020,2015,5.5,"dmp","Captured",1,1,40.91,-3.4025,-3.32,-3.52,-3.33,-3.37666666666667
"270-2015-1-516",2021,2015,6.5,"dmp","Captured",1,1,25.91,-1.8125,-3.27666666666667,-0.343333333333333,-0.893333333333333,-3.17
"270-2015-1-516",2022,2015,7.5,"dmp","Captured",1,1,16.82,-1.96083333333333,-3.23,-2.95666666666667,0.08,-2.33
"270-2015-1-517",2015,2015,0.5,"dmp","Captured",1,1,48.41,1.83166666666667,2.94333333333333,3.56666666666667,0.42,0.223333333333333
"270-2015-1-517",2016,2015,1.5,"dmp","not_detected",0,0,25.45,-0.574166666666667,-0.553333333333333,-0.816666666666667,-0.986666666666667,-0.183333333333333
"270-2015-1-517",2017,2015,2.5,"dmp","not_detected",0,0,20.91,-0.921666666666667,-0.983333333333333,-1.73,-0.536666666666667,-0.11
"270-2015-1-517",2018,2015,3.5,"dmp","not_detected",0,0,19.77,-0.465,-1.89,-2.77666666666667,2.41333333333333,-0.356666666666667
"270-2015-1-517",2019,2015,4.5,"dmp","not_detected",0,0,23.86,-1.40833333333333,-0.516666666666667,-1.77,-2.95333333333333,1.45
"270-2015-1-517",2020,2015,5.5,"dmp","not_detected",0,0,40.91,-3.4025,-3.32,-3.52,-3.33,-3.37666666666667
"270-2015-1-517",2021,2015,6.5,"dmp","not_detected",0,0,25.91,-1.8125,-3.27666666666667,-0.343333333333333,-0.893333333333333,-3.17
"270-2015-1-517",2022,2015,7.5,"dmp","not_detected",0,0,16.82,-1.96083333333333,-3.23,-2.95666666666667,0.08,-2.33
"270-2015-1-518",2015,2015,0.5,"dmp","Captured",1,1,48.41,1.83166666666667,2.94333333333333,3.56666666666667,0.42,0.223333333333333
"270-2015-1-518",2016,2015,1.5,"dmp","Captured",1,1,25.45,-0.574166666666667,-0.553333333333333,-0.816666666666667,-0.986666666666667,-0.183333333333333
"270-2015-1-518",2017,2015,2.5,"dmp","Captured",1,1,20.91,-0.921666666666667,-0.983333333333333,-1.73,-0.536666666666667,-0.11
"270-2015-1-518",2018,2015,3.5,"dmp","Captured",1,1,19.77,-0.465,-1.89,-2.77666666666667,2.41333333333333,-0.356666666666667
"270-2015-1-518",2019,2015,4.5,"dmp","Captured",1,1,23.86,-1.40833333333333,-0.516666666666667,-1.77,-2.95333333333333,1.45
"270-2015-1-518",2020,2015,5.5,"dmp","Captured",1,1,40.91,-3.4025,-3.32,-3.52,-3.33,-3.37666666666667
"270-2015-1-518",2021,2015,6.5,"dmp","Captured",1,1,25.91,-1.8125,-3.27666666666667,-0.343333333333333,-0.893333333333333,-3.17
"270-2015-1-518",2022,2015,7.5,"dmp","Captured",1,1,16.82,-1.96083333333333,-3.23,-2.95666666666667,0.08,-2.33
"270-2015-1-519",2015,2015,0.5,"dmp","Captured",1,1,48.41,1.83166666666667,2.94333333333333,3.56666666666667,0.42,0.223333333333333
"270-2015-1-519",2016,2015,1.5,"dmp","not_detected",0,0,25.45,-0.574166666666667,-0.553333333333333,-0.816666666666667,-0.986666666666667,-0.183333333333333
"270-2015-1-519",2017,2015,2.5,"dmp","not_detected",0,0,20.91,-0.921666666666667,-0.983333333333333,-1.73,-0.536666666666667,-0.11
"270-2015-1-519",2018,2015,3.5,"dmp","not_detected",0,0,19.77,-0.465,-1.89,-2.77666666666667,2.41333333333333,-0.356666666666667
"270-2015-1-519",2019,2015,4.5,"dmp","not_detected",0,0,23.86,-1.40833333333333,-0.516666666666667,-1.77,-2.95333333333333,1.45
"270-2015-1-519",2020,2015,5.5,"dmp","not_detected",0,0,40.91,-3.4025,-3.32,-3.52,-3.33,-3.37666666666667
"270-2015-1-519",2021,2015,6.5,"dmp","not_detected",0,0,25.91,-1.8125,-3.27666666666667,-0.343333333333333,-0.893333333333333,-3.17
"270-2015-1-519",2022,2015,7.5,"dmp","not_detected",0,0,16.82,-1.96083333333333,-3.23,-2.95666666666667,0.08,-2.33
"270-2015-1-520",2015,2015,0.5,"dmp","Captured",1,1,48.41,1.83166666666667,2.94333333333333,3.56666666666667,0.42,0.223333333333333
"270-2015-1-520",2016,2015,1.5,"dmp","Alive-Cuddy",1,0,25.45,-0.574166666666667,-0.553333333333333,-0.816666666666667,-0.986666666666667,-0.183333333333333
"270-2015-1-520",2017,2015,2.5,"dmp","not_detected",0,0,20.91,-0.921666666666667,-0.983333333333333,-1.73,-0.536666666666667,-0.11
"270-2015-1-520",2018,2015,3.5,"dmp","not_detected",0,0,19.77,-0.465,-1.89,-2.77666666666667,2.41333333333333,-0.356666666666667
"270-2015-1-520",2019,2015,4.5,"dmp","not_detected",0,0,23.86,-1.40833333333333,-0.516666666666667,-1.77,-2.95333333333333,1.45
"270-2015-1-520",2020,2015,5.5,"dmp","not_detected",0,0,40.91,-3.4025,-3.32,-3.52,-3.33,-3.37666666666667
"270-2015-1-520",2021,2015,6.5,"dmp","not_detected",0,0,25.91,-1.8125,-3.27666666666667,-0.343333333333333,-0.893333333333333,-3.17
"270-2015-1-520",2022,2015,7.5,"dmp","not_detected",0,0,16.82,-1.96083333333333,-3.23,-2.95666666666667,0.08,-2.33
"270-2015-1-522",2015,2015,0.5,"dmp","Captured",1,1,48.41,1.83166666666667,2.94333333333333,3.56666666666667,0.42,0.223333333333333
"270-2015-1-522",2016,2015,1.5,"dmp","Captured",1,1,25.45,-0.574166666666667,-0.553333333333333,-0.816666666666667,-0.986666666666667,-0.183333333333333
"270-2015-1-522",2017,2015,2.5,"dmp","Captured",1,1,20.91,-0.921666666666667,-0.983333333333333,-1.73,-0.536666666666667,-0.11
"270-2015-1-522",2018,2015,3.5,"dmp","Captured",1,1,19.77,-0.465,-1.89,-2.77666666666667,2.41333333333333,-0.356666666666667
"270-2015-1-522",2019,2015,4.5,"dmp","Captured",1,1,23.86,-1.40833333333333,-0.516666666666667,-1.77,-2.95333333333333,1.45
"270-2015-1-522",2020,2015,5.5,"dmp","Captured",1,1,40.91,-3.4025,-3.32,-3.52,-3.33,-3.37666666666667
"270-2015-1-522",2021,2015,6.5,"dmp","Alive-Cuddy",1,0,25.91,-1.8125,-3.27666666666667,-0.343333333333333,-0.893333333333333,-3.17
"270-2015-1-522",2022,2015,7.5,"dmp","Alive-Cuddy",1,0,16.82,-1.96083333333333,-3.23,-2.95666666666667,0.08,-2.33
"270-2015-1-524",2015,2015,0.5,"dmp","Captured",1,1,48.41,1.83166666666667,2.94333333333333,3.56666666666667,0.42,0.223333333333333
"270-2015-1-524",2016,2015,1.5,"dmp","Alive-Cuddy",1,0,25.45,-0.574166666666667,-0.553333333333333,-0.816666666666667,-0.986666666666667,-0.183333333333333
"270-2015-1-524",2017,2015,2.5,"dmp","Captured",1,1,20.91,-0.921666666666667,-0.983333333333333,-1.73,-0.536666666666667,-0.11
"270-2015-1-524",2018,2015,3.5,"dmp","Captured",1,1,19.77,-0.465,-1.89,-2.77666666666667,2.41333333333333,-0.356666666666667
"270-2015-1-524",2019,2015,4.5,"dmp","Alive-Cuddy",1,0,23.86,-1.40833333333333,-0.516666666666667,-1.77,-2.95333333333333,1.45
"270-2015-1-524",2020,2015,5.5,"dmp","Alive-Cuddy",1,0,40.91,-3.4025,-3.32,-3.52,-3.33,-3.37666666666667
"270-2015-1-524",2021,2015,6.5,"dmp","Captured",1,1,25.91,-1.8125,-3.27666666666667,-0.343333333333333,-0.893333333333333,-3.17
"270-2015-1-524",2022,2015,7.5,"dmp","Captured",1,1,16.82,-1.96083333333333,-3.23,-2.95666666666667,0.08,-2.33
"270-2015-1-525",2015,2015,0.5,"dmp","Captured",1,1,48.41,1.83166666666667,2.94333333333333,3.56666666666667,0.42,0.223333333333333
"270-2015-1-525",2016,2015,1.5,"dmp","not_detected",0,0,25.45,-0.574166666666667,-0.553333333333333,-0.816666666666667,-0.986666666666667,-0.183333333333333
"270-2015-1-525",2017,2015,2.5,"dmp","not_detected",0,0,20.91,-0.921666666666667,-0.983333333333333,-1.73,-0.536666666666667,-0.11
"270-2015-1-525",2018,2015,3.5,"dmp","not_detected",0,0,19.77,-0.465,-1.89,-2.77666666666667,2.41333333333333,-0.356666666666667
"270-2015-1-525",2019,2015,4.5,"dmp","not_detected",0,0,23.86,-1.40833333333333,-0.516666666666667,-1.77,-2.95333333333333,1.45
"270-2015-1-525",2020,2015,5.5,"dmp","not_detected",0,0,40.91,-3.4025,-3.32,-3.52,-3.33,-3.37666666666667
"270-2015-1-525",2021,2015,6.5,"dmp","not_detected",0,0,25.91,-1.8125,-3.27666666666667,-0.343333333333333,-0.893333333333333,-3.17
"270-2015-1-525",2022,2015,7.5,"dmp","not_detected",0,0,16.82,-1.96083333333333,-3.23,-2.95666666666667,0.08,-2.33
"270-2015-1-527",2015,2015,0.5,"dmp","Captured",1,1,48.41,1.83166666666667,2.94333333333333,3.56666666666667,0.42,0.223333333333333
"270-2015-1-527",2016,2015,1.5,"dmp","not_detected",0,0,25.45,-0.574166666666667,-0.553333333333333,-0.816666666666667,-0.986666666666667,-0.183333333333333
"270-2015-1-527",2017,2015,2.5,"dmp","not_detected",0,0,20.91,-0.921666666666667,-0.983333333333333,-1.73,-0.536666666666667,-0.11
"270-2015-1-527",2018,2015,3.5,"dmp","not_detected",0,0,19.77,-0.465,-1.89,-2.77666666666667,2.41333333333333,-0.356666666666667
"270-2015-1-527",2019,2015,4.5,"dmp","not_detected",0,0,23.86,-1.40833333333333,-0.516666666666667,-1.77,-2.95333333333333,1.45
"270-2015-1-527",2020,2015,5.5,"dmp","not_detected",0,0,40.91,-3.4025,-3.32,-3.52,-3.33,-3.37666666666667
"270-2015-1-527",2021,2015,6.5,"dmp","not_detected",0,0,25.91,-1.8125,-3.27666666666667,-0.343333333333333,-0.893333333333333,-3.17
"270-2015-1-527",2022,2015,7.5,"dmp","not_detected",0,0,16.82,-1.96083333333333,-3.23,-2.95666666666667,0.08,-2.33
"270-2015-1-528",2015,2015,0.5,"dmp","Captured",1,1,48.41,1.83166666666667,2.94333333333333,3.56666666666667,0.42,0.223333333333333
"270-2015-1-528",2016,2015,1.5,"dmp","not_detected",0,0,25.45,-0.574166666666667,-0.553333333333333,-0.816666666666667,-0.986666666666667,-0.183333333333333
"270-2015-1-528",2017,2015,2.5,"dmp","not_detected",0,0,20.91,-0.921666666666667,-0.983333333333333,-1.73,-0.536666666666667,-0.11
"270-2015-1-528",2018,2015,3.5,"dmp","not_detected",0,0,19.77,-0.465,-1.89,-2.77666666666667,2.41333333333333,-0.356666666666667
"270-2015-1-528",2019,2015,4.5,"dmp","not_detected",0,0,23.86,-1.40833333333333,-0.516666666666667,-1.77,-2.95333333333333,1.45
"270-2015-1-528",2020,2015,5.5,"dmp","not_detected",0,0,40.91,-3.4025,-3.32,-3.52,-3.33,-3.37666666666667
"270-2015-1-528",2021,2015,6.5,"dmp","not_detected",0,0,25.91,-1.8125,-3.27666666666667,-0.343333333333333,-0.893333333333333,-3.17
"270-2015-1-528",2022,2015,7.5,"dmp","not_detected",0,0,16.82,-1.96083333333333,-3.23,-2.95666666666667,0.08,-2.33
"270-2015-1-529",2015,2015,0.5,"dmp","Captured",1,1,48.41,1.83166666666667,2.94333333333333,3.56666666666667,0.42,0.223333333333333
"270-2015-1-529",2016,2015,1.5,"dmp","not_detected",0,0,25.45,-0.574166666666667,-0.553333333333333,-0.816666666666667,-0.986666666666667,-0.183333333333333
"270-2015-1-529",2017,2015,2.5,"dmp","not_detected",0,0,20.91,-0.921666666666667,-0.983333333333333,-1.73,-0.536666666666667,-0.11
"270-2015-1-529",2018,2015,3.5,"dmp","not_detected",0,0,19.77,-0.465,-1.89,-2.77666666666667,2.41333333333333,-0.356666666666667
"270-2015-1-529",2019,2015,4.5,"dmp","not_detected",0,0,23.86,-1.40833333333333,-0.516666666666667,-1.77,-2.95333333333333,1.45
"270-2015-1-529",2020,2015,5.5,"dmp","not_detected",0,0,40.91,-3.4025,-3.32,-3.52,-3.33,-3.37666666666667
"270-2015-1-529",2021,2015,6.5,"dmp","not_detected",0,0,25.91,-1.8125,-3.27666666666667,-0.343333333333333,-0.893333333333333,-3.17
"270-2015-1-529",2022,2015,7.5,"dmp","not_detected",0,0,16.82,-1.96083333333333,-3.23,-2.95666666666667,0.08,-2.33
"270-2015-1-533",2015,2015,0.5,"dmp","Captured",1,1,48.41,1.83166666666667,2.94333333333333,3.56666666666667,0.42,0.223333333333333
"270-2015-1-533",2016,2015,1.5,"dmp","not_detected",0,0,25.45,-0.574166666666667,-0.553333333333333,-0.816666666666667,-0.986666666666667,-0.183333333333333
"270-2015-1-533",2017,2015,2.5,"dmp","not_detected",0,0,20.91,-0.921666666666667,-0.983333333333333,-1.73,-0.536666666666667,-0.11
"270-2015-1-533",2018,2015,3.5,"dmp","not_detected",0,0,19.77,-0.465,-1.89,-2.77666666666667,2.41333333333333,-0.356666666666667
"270-2015-1-533",2019,2015,4.5,"dmp","not_detected",0,0,23.86,-1.40833333333333,-0.516666666666667,-1.77,-2.95333333333333,1.45
"270-2015-1-533",2020,2015,5.5,"dmp","not_detected",0,0,40.91,-3.4025,-3.32,-3.52,-3.33,-3.37666666666667
"270-2015-1-533",2021,2015,6.5,"dmp","not_detected",0,0,25.91,-1.8125,-3.27666666666667,-0.343333333333333,-0.893333333333333,-3.17
"270-2015-1-533",2022,2015,7.5,"dmp","not_detected",0,0,16.82,-1.96083333333333,-3.23,-2.95666666666667,0.08,-2.33
"270-2015-1-534",2015,2015,0.5,"dmp","Captured",1,1,48.41,1.83166666666667,2.94333333333333,3.56666666666667,0.42,0.223333333333333
"270-2015-1-534",2016,2015,1.5,"dmp","not_detected",0,0,25.45,-0.574166666666667,-0.553333333333333,-0.816666666666667,-0.986666666666667,-0.183333333333333
"270-2015-1-534",2017,2015,2.5,"dmp","not_detected",0,0,20.91,-0.921666666666667,-0.983333333333333,-1.73,-0.536666666666667,-0.11
"270-2015-1-534",2018,2015,3.5,"dmp","not_detected",0,0,19.77,-0.465,-1.89,-2.77666666666667,2.41333333333333,-0.356666666666667
"270-2015-1-534",2019,2015,4.5,"dmp","not_detected",0,0,23.86,-1.40833333333333,-0.516666666666667,-1.77,-2.95333333333333,1.45
"270-2015-1-534",2020,2015,5.5,"dmp","not_detected",0,0,40.91,-3.4025,-3.32,-3.52,-3.33,-3.37666666666667
"270-2015-1-534",2021,2015,6.5,"dmp","not_detected",0,0,25.91,-1.8125,-3.27666666666667,-0.343333333333333,-0.893333333333333,-3.17
"270-2015-1-534",2022,2015,7.5,"dmp","not_detected",0,0,16.82,-1.96083333333333,-3.23,-2.95666666666667,0.08,-2.33
"270-2015-1-535",2015,2015,0.5,"dmp","Captured",1,1,48.41,1.83166666666667,2.94333333333333,3.56666666666667,0.42,0.223333333333333
"270-2015-1-535",2016,2015,1.5,"dmp","not_detected",0,0,25.45,-0.574166666666667,-0.553333333333333,-0.816666666666667,-0.986666666666667,-0.183333333333333
"270-2015-1-535",2017,2015,2.5,"dmp","not_detected",0,0,20.91,-0.921666666666667,-0.983333333333333,-1.73,-0.536666666666667,-0.11
"270-2015-1-535",2018,2015,3.5,"dmp","not_detected",0,0,19.77,-0.465,-1.89,-2.77666666666667,2.41333333333333,-0.356666666666667
"270-2015-1-535",2019,2015,4.5,"dmp","not_detected",0,0,23.86,-1.40833333333333,-0.516666666666667,-1.77,-2.95333333333333,1.45
"270-2015-1-535",2020,2015,5.5,"dmp","not_detected",0,0,40.91,-3.4025,-3.32,-3.52,-3.33,-3.37666666666667
"270-2015-1-535",2021,2015,6.5,"dmp","not_detected",0,0,25.91,-1.8125,-3.27666666666667,-0.343333333333333,-0.893333333333333,-3.17
"270-2015-1-535",2022,2015,7.5,"dmp","not_detected",0,0,16.82,-1.96083333333333,-3.23,-2.95666666666667,0.08,-2.33
"270-2015-1-536",2015,2015,0.5,"dmp","Captured",1,1,48.41,1.83166666666667,2.94333333333333,3.56666666666667,0.42,0.223333333333333
"270-2015-1-536",2016,2015,1.5,"dmp","not_detected",0,0,25.45,-0.574166666666667,-0.553333333333333,-0.816666666666667,-0.986666666666667,-0.183333333333333
"270-2015-1-536",2017,2015,2.5,"dmp","not_detected",0,0,20.91,-0.921666666666667,-0.983333333333333,-1.73,-0.536666666666667,-0.11
"270-2015-1-536",2018,2015,3.5,"dmp","not_detected",0,0,19.77,-0.465,-1.89,-2.77666666666667,2.41333333333333,-0.356666666666667
"270-2015-1-536",2019,2015,4.5,"dmp","not_detected",0,0,23.86,-1.40833333333333,-0.516666666666667,-1.77,-2.95333333333333,1.45
"270-2015-1-536",2020,2015,5.5,"dmp","not_detected",0,0,40.91,-3.4025,-3.32,-3.52,-3.33,-3.37666666666667
"270-2015-1-536",2021,2015,6.5,"dmp","not_detected",0,0,25.91,-1.8125,-3.27666666666667,-0.343333333333333,-0.893333333333333,-3.17
"270-2015-1-536",2022,2015,7.5,"dmp","not_detected",0,0,16.82,-1.96083333333333,-3.23,-2.95666666666667,0.08,-2.33
"270-2015-1-538",2015,2015,0.5,"dmp","Captured",1,1,48.41,1.83166666666667,2.94333333333333,3.56666666666667,0.42,0.223333333333333
"270-2015-1-538",2016,2015,1.5,"dmp","not_detected",0,0,25.45,-0.574166666666667,-0.553333333333333,-0.816666666666667,-0.986666666666667,-0.183333333333333
"270-2015-1-538",2017,2015,2.5,"dmp","not_detected",0,0,20.91,-0.921666666666667,-0.983333333333333,-1.73,-0.536666666666667,-0.11
"270-2015-1-538",2018,2015,3.5,"dmp","not_detected",0,0,19.77,-0.465,-1.89,-2.77666666666667,2.41333333333333,-0.356666666666667
"270-2015-1-538",2019,2015,4.5,"dmp","not_detected",0,0,23.86,-1.40833333333333,-0.516666666666667,-1.77,-2.95333333333333,1.45
"270-2015-1-538",2020,2015,5.5,"dmp","not_detected",0,0,40.91,-3.4025,-3.32,-3.52,-3.33,-3.37666666666667
"270-2015-1-538",2021,2015,6.5,"dmp","not_detected",0,0,25.91,-1.8125,-3.27666666666667,-0.343333333333333,-0.893333333333333,-3.17
"270-2015-1-538",2022,2015,7.5,"dmp","not_detected",0,0,16.82,-1.96083333333333,-3.23,-2.95666666666667,0.08,-2.33
"270-2015-1-540",2015,2015,0.5,"dmp","Captured",1,1,48.41,1.83166666666667,2.94333333333333,3.56666666666667,0.42,0.223333333333333
"270-2015-1-540",2016,2015,1.5,"dmp","not_detected",0,0,25.45,-0.574166666666667,-0.553333333333333,-0.816666666666667,-0.986666666666667,-0.183333333333333
"270-2015-1-540",2017,2015,2.5,"dmp","not_detected",0,0,20.91,-0.921666666666667,-0.983333333333333,-1.73,-0.536666666666667,-0.11
"270-2015-1-540",2018,2015,3.5,"dmp","not_detected",0,0,19.77,-0.465,-1.89,-2.77666666666667,2.41333333333333,-0.356666666666667
"270-2015-1-540",2019,2015,4.5,"dmp","not_detected",0,0,23.86,-1.40833333333333,-0.516666666666667,-1.77,-2.95333333333333,1.45
"270-2015-1-540",2020,2015,5.5,"dmp","not_detected",0,0,40.91,-3.4025,-3.32,-3.52,-3.33,-3.37666666666667
"270-2015-1-540",2021,2015,6.5,"dmp","not_detected",0,0,25.91,-1.8125,-3.27666666666667,-0.343333333333333,-0.893333333333333,-3.17
"270-2015-1-540",2022,2015,7.5,"dmp","not_detected",0,0,16.82,-1.96083333333333,-3.23,-2.95666666666667,0.08,-2.33
"270-2015-1-543",2015,2015,0.5,"dmp","Captured",1,1,48.41,1.83166666666667,2.94333333333333,3.56666666666667,0.42,0.223333333333333
"270-2015-1-543",2016,2015,1.5,"dmp","not_detected",0,0,25.45,-0.574166666666667,-0.553333333333333,-0.816666666666667,-0.986666666666667,-0.183333333333333
"270-2015-1-543",2017,2015,2.5,"dmp","not_detected",0,0,20.91,-0.921666666666667,-0.983333333333333,-1.73,-0.536666666666667,-0.11
"270-2015-1-543",2018,2015,3.5,"dmp","not_detected",0,0,19.77,-0.465,-1.89,-2.77666666666667,2.41333333333333,-0.356666666666667
"270-2015-1-543",2019,2015,4.5,"dmp","not_detected",0,0,23.86,-1.40833333333333,-0.516666666666667,-1.77,-2.95333333333333,1.45
"270-2015-1-543",2020,2015,5.5,"dmp","not_detected",0,0,40.91,-3.4025,-3.32,-3.52,-3.33,-3.37666666666667
"270-2015-1-543",2021,2015,6.5,"dmp","not_detected",0,0,25.91,-1.8125,-3.27666666666667,-0.343333333333333,-0.893333333333333,-3.17
"270-2015-1-543",2022,2015,7.5,"dmp","not_detected",0,0,16.82,-1.96083333333333,-3.23,-2.95666666666667,0.08,-2.33
"270-2015-1-545",2015,2015,0.5,"dmp","Captured",1,1,48.41,1.83166666666667,2.94333333333333,3.56666666666667,0.42,0.223333333333333
"270-2015-1-545",2016,2015,1.5,"dmp","not_detected",0,0,25.45,-0.574166666666667,-0.553333333333333,-0.816666666666667,-0.986666666666667,-0.183333333333333
"270-2015-1-545",2017,2015,2.5,"dmp","not_detected",0,0,20.91,-0.921666666666667,-0.983333333333333,-1.73,-0.536666666666667,-0.11
"270-2015-1-545",2018,2015,3.5,"dmp","not_detected",0,0,19.77,-0.465,-1.89,-2.77666666666667,2.41333333333333,-0.356666666666667
"270-2015-1-545",2019,2015,4.5,"dmp","not_detected",0,0,23.86,-1.40833333333333,-0.516666666666667,-1.77,-2.95333333333333,1.45
"270-2015-1-545",2020,2015,5.5,"dmp","not_detected",0,0,40.91,-3.4025,-3.32,-3.52,-3.33,-3.37666666666667
"270-2015-1-545",2021,2015,6.5,"dmp","not_detected",0,0,25.91,-1.8125,-3.27666666666667,-0.343333333333333,-0.893333333333333,-3.17
"270-2015-1-545",2022,2015,7.5,"dmp","not_detected",0,0,16.82,-1.96083333333333,-3.23,-2.95666666666667,0.08,-2.33
"270-2016-0-647",2016,2016,0.5,"wy","Captured",1,1,25.45,-0.574166666666667,-0.553333333333333,-0.816666666666667,-0.986666666666667,-0.183333333333333
"270-2016-0-647",2017,2016,1.5,"wy","Alive-Cuddy",1,0,20.91,-0.921666666666667,-0.983333333333333,-1.73,-0.536666666666667,-0.11
"270-2016-0-647",2018,2016,2.5,"wy","not_detected",0,0,19.77,-0.465,-1.89,-2.77666666666667,2.41333333333333,-0.356666666666667
"270-2016-0-647",2019,2016,3.5,"wy","not_detected",0,0,23.86,-1.40833333333333,-0.516666666666667,-1.77,-2.95333333333333,1.45
"270-2016-0-647",2020,2016,4.5,"wy","not_detected",0,0,40.91,-3.4025,-3.32,-3.52,-3.33,-3.37666666666667
"270-2016-0-647",2021,2016,5.5,"wy","not_detected",0,0,25.91,-1.8125,-3.27666666666667,-0.343333333333333,-0.893333333333333,-3.17
"270-2016-0-647",2022,2016,6.5,"wy","not_detected",0,0,16.82,-1.96083333333333,-3.23,-2.95666666666667,0.08,-2.33
"270-2016-0-648",2016,2016,0.5,"wy","Captured",1,1,25.45,-0.574166666666667,-0.553333333333333,-0.816666666666667,-0.986666666666667,-0.183333333333333
"270-2016-0-648",2017,2016,1.5,"wy","Captured",1,1,20.91,-0.921666666666667,-0.983333333333333,-1.73,-0.536666666666667,-0.11
"270-2016-0-648",2018,2016,2.5,"wy","Captured",1,1,19.77,-0.465,-1.89,-2.77666666666667,2.41333333333333,-0.356666666666667
"270-2016-0-648",2019,2016,3.5,"wy","not_detected",0,0,23.86,-1.40833333333333,-0.516666666666667,-1.77,-2.95333333333333,1.45
"270-2016-0-648",2020,2016,4.5,"wy","Captured",1,1,40.91,-3.4025,-3.32,-3.52,-3.33,-3.37666666666667
"270-2016-0-648",2021,2016,5.5,"wy","Captured",1,1,25.91,-1.8125,-3.27666666666667,-0.343333333333333,-0.893333333333333,-3.17
"270-2016-0-648",2022,2016,6.5,"wy","Captured",1,1,16.82,-1.96083333333333,-3.23,-2.95666666666667,0.08,-2.33
"270-2016-0-649",2016,2016,0.5,"wy","Captured",1,1,25.45,-0.574166666666667,-0.553333333333333,-0.816666666666667,-0.986666666666667,-0.183333333333333
"270-2016-0-649",2017,2016,1.5,"wy","not_detected",0,0,20.91,-0.921666666666667,-0.983333333333333,-1.73,-0.536666666666667,-0.11
"270-2016-0-649",2018,2016,2.5,"wy","not_detected",0,0,19.77,-0.465,-1.89,-2.77666666666667,2.41333333333333,-0.356666666666667
"270-2016-0-649",2019,2016,3.5,"wy","not_detected",0,0,23.86,-1.40833333333333,-0.516666666666667,-1.77,-2.95333333333333,1.45
"270-2016-0-649",2020,2016,4.5,"wy","not_detected",0,0,40.91,-3.4025,-3.32,-3.52,-3.33,-3.37666666666667
"270-2016-0-649",2021,2016,5.5,"wy","not_detected",0,0,25.91,-1.8125,-3.27666666666667,-0.343333333333333,-0.893333333333333,-3.17
"270-2016-0-649",2022,2016,6.5,"wy","not_detected",0,0,16.82,-1.96083333333333,-3.23,-2.95666666666667,0.08,-2.33
"270-2016-0-650",2016,2016,0.5,"wy","Captured",1,1,25.45,-0.574166666666667,-0.553333333333333,-0.816666666666667,-0.986666666666667,-0.183333333333333
"270-2016-0-650",2017,2016,1.5,"wy","Alive-Cuddy",1,0,20.91,-0.921666666666667,-0.983333333333333,-1.73,-0.536666666666667,-0.11
"270-2016-0-650",2018,2016,2.5,"wy","Captured",1,1,19.77,-0.465,-1.89,-2.77666666666667,2.41333333333333,-0.356666666666667
"270-2016-0-650",2019,2016,3.5,"wy","Alive-Cuddy",1,0,23.86,-1.40833333333333,-0.516666666666667,-1.77,-2.95333333333333,1.45
"270-2016-0-650",2020,2016,4.5,"wy","Captured",1,1,40.91,-3.4025,-3.32,-3.52,-3.33,-3.37666666666667
"270-2016-0-650",2021,2016,5.5,"wy","Captured",1,1,25.91,-1.8125,-3.27666666666667,-0.343333333333333,-0.893333333333333,-3.17
"270-2016-0-650",2022,2016,6.5,"wy","Captured",1,1,16.82,-1.96083333333333,-3.23,-2.95666666666667,0.08,-2.33
"270-2016-0-651",2016,2016,0.5,"wy","Captured",1,1,25.45,-0.574166666666667,-0.553333333333333,-0.816666666666667,-0.986666666666667,-0.183333333333333
"270-2016-0-651",2017,2016,1.5,"wy","Captured",1,1,20.91,-0.921666666666667,-0.983333333333333,-1.73,-0.536666666666667,-0.11
"270-2016-0-651",2018,2016,2.5,"wy","Captured",1,1,19.77,-0.465,-1.89,-2.77666666666667,2.41333333333333,-0.356666666666667
"270-2016-0-651",2019,2016,3.5,"wy","Captured",1,1,23.86,-1.40833333333333,-0.516666666666667,-1.77,-2.95333333333333,1.45
"270-2016-0-651",2020,2016,4.5,"wy","Captured",1,1,40.91,-3.4025,-3.32,-3.52,-3.33,-3.37666666666667
"270-2016-0-651",2021,2016,5.5,"wy","Captured",1,1,25.91,-1.8125,-3.27666666666667,-0.343333333333333,-0.893333333333333,-3.17
"270-2016-0-651",2022,2016,6.5,"wy","Captured",1,1,16.82,-1.96083333333333,-3.23,-2.95666666666667,0.08,-2.33
"270-2016-0-652",2016,2016,0.5,"wy","Captured",1,1,25.45,-0.574166666666667,-0.553333333333333,-0.816666666666667,-0.986666666666667,-0.183333333333333
"270-2016-0-652",2017,2016,1.5,"wy","Harvested",2,2,20.91,-0.921666666666667,-0.983333333333333,-1.73,-0.536666666666667,-0.11
"270-2016-0-652",2018,2016,2.5,"wy","not_detected",0,0,19.77,-0.465,-1.89,-2.77666666666667,2.41333333333333,-0.356666666666667
"270-2016-0-652",2019,2016,3.5,"wy","not_detected",0,0,23.86,-1.40833333333333,-0.516666666666667,-1.77,-2.95333333333333,1.45
"270-2016-0-652",2020,2016,4.5,"wy","not_detected",0,0,40.91,-3.4025,-3.32,-3.52,-3.33,-3.37666666666667
"270-2016-0-652",2021,2016,5.5,"wy","not_detected",0,0,25.91,-1.8125,-3.27666666666667,-0.343333333333333,-0.893333333333333,-3.17
"270-2016-0-652",2022,2016,6.5,"wy","not_detected",0,0,16.82,-1.96083333333333,-3.23,-2.95666666666667,0.08,-2.33
"270-2016-0-653",2016,2016,0.5,"wy","Captured",1,1,25.45,-0.574166666666667,-0.553333333333333,-0.816666666666667,-0.986666666666667,-0.183333333333333
"270-2016-0-653",2017,2016,1.5,"wy","Captured",1,1,20.91,-0.921666666666667,-0.983333333333333,-1.73,-0.536666666666667,-0.11
"270-2016-0-653",2018,2016,2.5,"wy","Captured",1,1,19.77,-0.465,-1.89,-2.77666666666667,2.41333333333333,-0.356666666666667
"270-2016-0-653",2019,2016,3.5,"wy","Captured",1,1,23.86,-1.40833333333333,-0.516666666666667,-1.77,-2.95333333333333,1.45
"270-2016-0-653",2020,2016,4.5,"wy","Captured",1,1,40.91,-3.4025,-3.32,-3.52,-3.33,-3.37666666666667
"270-2016-0-653",2021,2016,5.5,"wy","Captured",1,1,25.91,-1.8125,-3.27666666666667,-0.343333333333333,-0.893333333333333,-3.17
"270-2016-0-653",2022,2016,6.5,"wy","Captured",1,1,16.82,-1.96083333333333,-3.23,-2.95666666666667,0.08,-2.33
"270-2016-0-654",2016,2016,0.5,"wy","Captured",1,1,25.45,-0.574166666666667,-0.553333333333333,-0.816666666666667,-0.986666666666667,-0.183333333333333
"270-2016-0-654",2017,2016,1.5,"wy","Captured",1,1,20.91,-0.921666666666667,-0.983333333333333,-1.73,-0.536666666666667,-0.11
"270-2016-0-654",2018,2016,2.5,"wy","Captured",1,1,19.77,-0.465,-1.89,-2.77666666666667,2.41333333333333,-0.356666666666667
"270-2016-0-654",2019,2016,3.5,"wy","Captured",1,1,23.86,-1.40833333333333,-0.516666666666667,-1.77,-2.95333333333333,1.45
"270-2016-0-654",2020,2016,4.5,"wy","Captured",1,1,40.91,-3.4025,-3.32,-3.52,-3.33,-3.37666666666667
"270-2016-0-654",2021,2016,5.5,"wy","Captured",1,1,25.91,-1.8125,-3.27666666666667,-0.343333333333333,-0.893333333333333,-3.17
"270-2016-0-654",2022,2016,6.5,"wy","Captured",1,1,16.82,-1.96083333333333,-3.23,-2.95666666666667,0.08,-2.33
"270-2016-0-655",2016,2016,0.5,"wy","Captured",1,1,25.45,-0.574166666666667,-0.553333333333333,-0.816666666666667,-0.986666666666667,-0.183333333333333
"270-2016-0-655",2017,2016,1.5,"wy","Captured",1,1,20.91,-0.921666666666667,-0.983333333333333,-1.73,-0.536666666666667,-0.11
"270-2016-0-655",2018,2016,2.5,"wy","Alive-Cuddy",1,0,19.77,-0.465,-1.89,-2.77666666666667,2.41333333333333,-0.356666666666667
"270-2016-0-655",2019,2016,3.5,"wy","Captured",1,1,23.86,-1.40833333333333,-0.516666666666667,-1.77,-2.95333333333333,1.45
"270-2016-0-655",2020,2016,4.5,"wy","not_detected",0,0,40.91,-3.4025,-3.32,-3.52,-3.33,-3.37666666666667
"270-2016-0-655",2021,2016,5.5,"wy","not_detected",0,0,25.91,-1.8125,-3.27666666666667,-0.343333333333333,-0.893333333333333,-3.17
"270-2016-0-655",2022,2016,6.5,"wy","not_detected",0,0,16.82,-1.96083333333333,-3.23,-2.95666666666667,0.08,-2.33
"270-2016-0-656",2016,2016,0.5,"wy","Captured",1,1,25.45,-0.574166666666667,-0.553333333333333,-0.816666666666667,-0.986666666666667,-0.183333333333333
"270-2016-0-656",2017,2016,1.5,"wy","not_detected",0,0,20.91,-0.921666666666667,-0.983333333333333,-1.73,-0.536666666666667,-0.11
"270-2016-0-656",2018,2016,2.5,"wy","not_detected",0,0,19.77,-0.465,-1.89,-2.77666666666667,2.41333333333333,-0.356666666666667
"270-2016-0-656",2019,2016,3.5,"wy","not_detected",0,0,23.86,-1.40833333333333,-0.516666666666667,-1.77,-2.95333333333333,1.45
"270-2016-0-656",2020,2016,4.5,"wy","not_detected",0,0,40.91,-3.4025,-3.32,-3.52,-3.33,-3.37666666666667
"270-2016-0-656",2021,2016,5.5,"wy","not_detected",0,0,25.91,-1.8125,-3.27666666666667,-0.343333333333333,-0.893333333333333,-3.17
"270-2016-0-656",2022,2016,6.5,"wy","not_detected",0,0,16.82,-1.96083333333333,-3.23,-2.95666666666667,0.08,-2.33
"270-2016-0-657",2016,2016,0.5,"wy","Captured",1,1,25.45,-0.574166666666667,-0.553333333333333,-0.816666666666667,-0.986666666666667,-0.183333333333333
"270-2016-0-657",2017,2016,1.5,"wy","not_detected",0,0,20.91,-0.921666666666667,-0.983333333333333,-1.73,-0.536666666666667,-0.11
"270-2016-0-657",2018,2016,2.5,"wy","not_detected",0,0,19.77,-0.465,-1.89,-2.77666666666667,2.41333333333333,-0.356666666666667
"270-2016-0-657",2019,2016,3.5,"wy","not_detected",0,0,23.86,-1.40833333333333,-0.516666666666667,-1.77,-2.95333333333333,1.45
"270-2016-0-657",2020,2016,4.5,"wy","not_detected",0,0,40.91,-3.4025,-3.32,-3.52,-3.33,-3.37666666666667
"270-2016-0-657",2021,2016,5.5,"wy","not_detected",0,0,25.91,-1.8125,-3.27666666666667,-0.343333333333333,-0.893333333333333,-3.17
"270-2016-0-657",2022,2016,6.5,"wy","not_detected",0,0,16.82,-1.96083333333333,-3.23,-2.95666666666667,0.08,-2.33
"270-2016-0-673",2016,2016,0.5,"wy","Captured",1,1,25.45,-0.574166666666667,-0.553333333333333,-0.816666666666667,-0.986666666666667,-0.183333333333333
"270-2016-0-673",2017,2016,1.5,"wy","Captured",1,1,20.91,-0.921666666666667,-0.983333333333333,-1.73,-0.536666666666667,-0.11
"270-2016-0-673",2018,2016,2.5,"wy","Captured",1,1,19.77,-0.465,-1.89,-2.77666666666667,2.41333333333333,-0.356666666666667
"270-2016-0-673",2019,2016,3.5,"wy","Captured",1,1,23.86,-1.40833333333333,-0.516666666666667,-1.77,-2.95333333333333,1.45
"270-2016-0-673",2020,2016,4.5,"wy","Captured",1,1,40.91,-3.4025,-3.32,-3.52,-3.33,-3.37666666666667
"270-2016-0-673",2021,2016,5.5,"wy","not_detected",0,0,25.91,-1.8125,-3.27666666666667,-0.343333333333333,-0.893333333333333,-3.17
"270-2016-0-673",2022,2016,6.5,"wy","not_detected",0,0,16.82,-1.96083333333333,-3.23,-2.95666666666667,0.08,-2.33
"270-2016-0-674",2016,2016,0.5,"wy","Captured",1,1,25.45,-0.574166666666667,-0.553333333333333,-0.816666666666667,-0.986666666666667,-0.183333333333333
"270-2016-0-674",2017,2016,1.5,"wy","Alive-Cuddy",1,0,20.91,-0.921666666666667,-0.983333333333333,-1.73,-0.536666666666667,-0.11
"270-2016-0-674",2018,2016,2.5,"wy","not_detected",0,0,19.77,-0.465,-1.89,-2.77666666666667,2.41333333333333,-0.356666666666667
"270-2016-0-674",2019,2016,3.5,"wy","not_detected",0,0,23.86,-1.40833333333333,-0.516666666666667,-1.77,-2.95333333333333,1.45
"270-2016-0-674",2020,2016,4.5,"wy","not_detected",0,0,40.91,-3.4025,-3.32,-3.52,-3.33,-3.37666666666667
"270-2016-0-674",2021,2016,5.5,"wy","not_detected",0,0,25.91,-1.8125,-3.27666666666667,-0.343333333333333,-0.893333333333333,-3.17
"270-2016-0-674",2022,2016,6.5,"wy","not_detected",0,0,16.82,-1.96083333333333,-3.23,-2.95666666666667,0.08,-2.33
"270-2016-0-675",2016,2016,0.5,"wy","Captured",1,1,25.45,-0.574166666666667,-0.553333333333333,-0.816666666666667,-0.986666666666667,-0.183333333333333
"270-2016-0-675",2017,2016,1.5,"wy","Captured",1,1,20.91,-0.921666666666667,-0.983333333333333,-1.73,-0.536666666666667,-0.11
"270-2016-0-675",2018,2016,2.5,"wy","Alive-Cuddy",1,0,19.77,-0.465,-1.89,-2.77666666666667,2.41333333333333,-0.356666666666667
"270-2016-0-675",2019,2016,3.5,"wy","Captured",1,1,23.86,-1.40833333333333,-0.516666666666667,-1.77,-2.95333333333333,1.45
"270-2016-0-675",2020,2016,4.5,"wy","Captured",1,1,40.91,-3.4025,-3.32,-3.52,-3.33,-3.37666666666667
"270-2016-0-675",2021,2016,5.5,"wy","Captured",1,1,25.91,-1.8125,-3.27666666666667,-0.343333333333333,-0.893333333333333,-3.17
"270-2016-0-675",2022,2016,6.5,"wy","not_detected",0,0,16.82,-1.96083333333333,-3.23,-2.95666666666667,0.08,-2.33
"270-2016-0-676",2016,2016,0.5,"wy","Captured",1,1,25.45,-0.574166666666667,-0.553333333333333,-0.816666666666667,-0.986666666666667,-0.183333333333333
"270-2016-0-676",2017,2016,1.5,"wy","Captured",1,1,20.91,-0.921666666666667,-0.983333333333333,-1.73,-0.536666666666667,-0.11
"270-2016-0-676",2018,2016,2.5,"wy","Alive-Cuddy",1,0,19.77,-0.465,-1.89,-2.77666666666667,2.41333333333333,-0.356666666666667
"270-2016-0-676",2019,2016,3.5,"wy","Alive-Cuddy",1,0,23.86,-1.40833333333333,-0.516666666666667,-1.77,-2.95333333333333,1.45
"270-2016-0-676",2020,2016,4.5,"wy","Captured",1,1,40.91,-3.4025,-3.32,-3.52,-3.33,-3.37666666666667
"270-2016-0-676",2021,2016,5.5,"wy","Captured",1,1,25.91,-1.8125,-3.27666666666667,-0.343333333333333,-0.893333333333333,-3.17
"270-2016-0-676",2022,2016,6.5,"wy","Captured",1,1,16.82,-1.96083333333333,-3.23,-2.95666666666667,0.08,-2.33
"270-2016-0-677",2016,2016,0.5,"wy","Captured",1,1,25.45,-0.574166666666667,-0.553333333333333,-0.816666666666667,-0.986666666666667,-0.183333333333333
"270-2016-0-677",2017,2016,1.5,"wy","Alive-Cuddy",1,0,20.91,-0.921666666666667,-0.983333333333333,-1.73,-0.536666666666667,-0.11
"270-2016-0-677",2018,2016,2.5,"wy","Captured",1,1,19.77,-0.465,-1.89,-2.77666666666667,2.41333333333333,-0.356666666666667
"270-2016-0-677",2019,2016,3.5,"wy","Captured",1,1,23.86,-1.40833333333333,-0.516666666666667,-1.77,-2.95333333333333,1.45
"270-2016-0-677",2020,2016,4.5,"wy","Captured",1,1,40.91,-3.4025,-3.32,-3.52,-3.33,-3.37666666666667
"270-2016-0-677",2021,2016,5.5,"wy","Captured",1,1,25.91,-1.8125,-3.27666666666667,-0.343333333333333,-0.893333333333333,-3.17
"270-2016-0-677",2022,2016,6.5,"wy","Captured",1,1,16.82,-1.96083333333333,-3.23,-2.95666666666667,0.08,-2.33
"270-2016-1-601",2016,2016,0.5,"dmp","Captured",1,1,25.45,-0.574166666666667,-0.553333333333333,-0.816666666666667,-0.986666666666667,-0.183333333333333
"270-2016-1-601",2017,2016,1.5,"dmp","not_detected",0,0,20.91,-0.921666666666667,-0.983333333333333,-1.73,-0.536666666666667,-0.11
"270-2016-1-601",2018,2016,2.5,"dmp","not_detected",0,0,19.77,-0.465,-1.89,-2.77666666666667,2.41333333333333,-0.356666666666667
"270-2016-1-601",2019,2016,3.5,"dmp","not_detected",0,0,23.86,-1.40833333333333,-0.516666666666667,-1.77,-2.95333333333333,1.45
"270-2016-1-601",2020,2016,4.5,"dmp","not_detected",0,0,40.91,-3.4025,-3.32,-3.52,-3.33,-3.37666666666667
"270-2016-1-601",2021,2016,5.5,"dmp","not_detected",0,0,25.91,-1.8125,-3.27666666666667,-0.343333333333333,-0.893333333333333,-3.17
"270-2016-1-601",2022,2016,6.5,"dmp","not_detected",0,0,16.82,-1.96083333333333,-3.23,-2.95666666666667,0.08,-2.33
"270-2016-1-602",2016,2016,0.5,"dmp","Captured",1,1,25.45,-0.574166666666667,-0.553333333333333,-0.816666666666667,-0.986666666666667,-0.183333333333333
"270-2016-1-602",2017,2016,1.5,"dmp","not_detected",0,0,20.91,-0.921666666666667,-0.983333333333333,-1.73,-0.536666666666667,-0.11
"270-2016-1-602",2018,2016,2.5,"dmp","not_detected",0,0,19.77,-0.465,-1.89,-2.77666666666667,2.41333333333333,-0.356666666666667
"270-2016-1-602",2019,2016,3.5,"dmp","not_detected",0,0,23.86,-1.40833333333333,-0.516666666666667,-1.77,-2.95333333333333,1.45
"270-2016-1-602",2020,2016,4.5,"dmp","not_detected",0,0,40.91,-3.4025,-3.32,-3.52,-3.33,-3.37666666666667
"270-2016-1-602",2021,2016,5.5,"dmp","not_detected",0,0,25.91,-1.8125,-3.27666666666667,-0.343333333333333,-0.893333333333333,-3.17
"270-2016-1-602",2022,2016,6.5,"dmp","not_detected",0,0,16.82,-1.96083333333333,-3.23,-2.95666666666667,0.08,-2.33
"270-2016-1-603",2016,2016,0.5,"dmp","Captured",1,1,25.45,-0.574166666666667,-0.553333333333333,-0.816666666666667,-0.986666666666667,-0.183333333333333
"270-2016-1-603",2017,2016,1.5,"dmp","Alive-Cuddy",1,0,20.91,-0.921666666666667,-0.983333333333333,-1.73,-0.536666666666667,-0.11
"270-2016-1-603",2018,2016,2.5,"dmp","Captured",1,1,19.77,-0.465,-1.89,-2.77666666666667,2.41333333333333,-0.356666666666667
"270-2016-1-603",2019,2016,3.5,"dmp","Captured",1,1,23.86,-1.40833333333333,-0.516666666666667,-1.77,-2.95333333333333,1.45
"270-2016-1-603",2020,2016,4.5,"dmp","not_detected",0,0,40.91,-3.4025,-3.32,-3.52,-3.33,-3.37666666666667
"270-2016-1-603",2021,2016,5.5,"dmp","not_detected",0,0,25.91,-1.8125,-3.27666666666667,-0.343333333333333,-0.893333333333333,-3.17
"270-2016-1-603",2022,2016,6.5,"dmp","not_detected",0,0,16.82,-1.96083333333333,-3.23,-2.95666666666667,0.08,-2.33
"270-2016-1-604",2016,2016,0.5,"dmp","Captured",1,1,25.45,-0.574166666666667,-0.553333333333333,-0.816666666666667,-0.986666666666667,-0.183333333333333
"270-2016-1-604",2017,2016,1.5,"dmp","not_detected",0,0,20.91,-0.921666666666667,-0.983333333333333,-1.73,-0.536666666666667,-0.11
"270-2016-1-604",2018,2016,2.5,"dmp","not_detected",0,0,19.77,-0.465,-1.89,-2.77666666666667,2.41333333333333,-0.356666666666667
"270-2016-1-604",2019,2016,3.5,"dmp","not_detected",0,0,23.86,-1.40833333333333,-0.516666666666667,-1.77,-2.95333333333333,1.45
"270-2016-1-604",2020,2016,4.5,"dmp","not_detected",0,0,40.91,-3.4025,-3.32,-3.52,-3.33,-3.37666666666667
"270-2016-1-604",2021,2016,5.5,"dmp","not_detected",0,0,25.91,-1.8125,-3.27666666666667,-0.343333333333333,-0.893333333333333,-3.17
"270-2016-1-604",2022,2016,6.5,"dmp","not_detected",0,0,16.82,-1.96083333333333,-3.23,-2.95666666666667,0.08,-2.33
"270-2016-1-606",2016,2016,0.5,"dmp","Captured",1,1,25.45,-0.574166666666667,-0.553333333333333,-0.816666666666667,-0.986666666666667,-0.183333333333333
"270-2016-1-606",2017,2016,1.5,"dmp","Captured",1,1,20.91,-0.921666666666667,-0.983333333333333,-1.73,-0.536666666666667,-0.11
"270-2016-1-606",2018,2016,2.5,"dmp","Captured",1,1,19.77,-0.465,-1.89,-2.77666666666667,2.41333333333333,-0.356666666666667
"270-2016-1-606",2019,2016,3.5,"dmp","Captured",1,1,23.86,-1.40833333333333,-0.516666666666667,-1.77,-2.95333333333333,1.45
"270-2016-1-606",2020,2016,4.5,"dmp","Captured",1,1,40.91,-3.4025,-3.32,-3.52,-3.33,-3.37666666666667
"270-2016-1-606",2021,2016,5.5,"dmp","Captured",1,1,25.91,-1.8125,-3.27666666666667,-0.343333333333333,-0.893333333333333,-3.17
"270-2016-1-606",2022,2016,6.5,"dmp","Captured",1,1,16.82,-1.96083333333333,-3.23,-2.95666666666667,0.08,-2.33
"270-2016-1-607",2016,2016,0.5,"dmp","Captured",1,1,25.45,-0.574166666666667,-0.553333333333333,-0.816666666666667,-0.986666666666667,-0.183333333333333
"270-2016-1-607",2017,2016,1.5,"dmp","Captured",1,1,20.91,-0.921666666666667,-0.983333333333333,-1.73,-0.536666666666667,-0.11
"270-2016-1-607",2018,2016,2.5,"dmp","Alive-Cuddy",1,0,19.77,-0.465,-1.89,-2.77666666666667,2.41333333333333,-0.356666666666667
"270-2016-1-607",2019,2016,3.5,"dmp","Captured",1,1,23.86,-1.40833333333333,-0.516666666666667,-1.77,-2.95333333333333,1.45
"270-2016-1-607",2020,2016,4.5,"dmp","Captured",1,1,40.91,-3.4025,-3.32,-3.52,-3.33,-3.37666666666667
"270-2016-1-607",2021,2016,5.5,"dmp","Captured",1,1,25.91,-1.8125,-3.27666666666667,-0.343333333333333,-0.893333333333333,-3.17
"270-2016-1-607",2022,2016,6.5,"dmp","Captured",1,1,16.82,-1.96083333333333,-3.23,-2.95666666666667,0.08,-2.33
"270-2016-1-608",2016,2016,0.5,"dmp","Captured",1,1,25.45,-0.574166666666667,-0.553333333333333,-0.816666666666667,-0.986666666666667,-0.183333333333333
"270-2016-1-608",2017,2016,1.5,"dmp","Captured",1,1,20.91,-0.921666666666667,-0.983333333333333,-1.73,-0.536666666666667,-0.11
"270-2016-1-608",2018,2016,2.5,"dmp","Captured",1,1,19.77,-0.465,-1.89,-2.77666666666667,2.41333333333333,-0.356666666666667
"270-2016-1-608",2019,2016,3.5,"dmp","Captured",1,1,23.86,-1.40833333333333,-0.516666666666667,-1.77,-2.95333333333333,1.45
"270-2016-1-608",2020,2016,4.5,"dmp","Alive-Cuddy",1,0,40.91,-3.4025,-3.32,-3.52,-3.33,-3.37666666666667
"270-2016-1-608",2021,2016,5.5,"dmp","Captured",1,1,25.91,-1.8125,-3.27666666666667,-0.343333333333333,-0.893333333333333,-3.17
"270-2016-1-608",2022,2016,6.5,"dmp","Alive-Cuddy",1,0,16.82,-1.96083333333333,-3.23,-2.95666666666667,0.08,-2.33
"270-2016-1-609",2016,2016,0.5,"dmp","Captured",1,1,25.45,-0.574166666666667,-0.553333333333333,-0.816666666666667,-0.986666666666667,-0.183333333333333
"270-2016-1-609",2017,2016,1.5,"dmp","not_detected",0,0,20.91,-0.921666666666667,-0.983333333333333,-1.73,-0.536666666666667,-0.11
"270-2016-1-609",2018,2016,2.5,"dmp","not_detected",0,0,19.77,-0.465,-1.89,-2.77666666666667,2.41333333333333,-0.356666666666667
"270-2016-1-609",2019,2016,3.5,"dmp","not_detected",0,0,23.86,-1.40833333333333,-0.516666666666667,-1.77,-2.95333333333333,1.45
"270-2016-1-609",2020,2016,4.5,"dmp","not_detected",0,0,40.91,-3.4025,-3.32,-3.52,-3.33,-3.37666666666667
"270-2016-1-609",2021,2016,5.5,"dmp","not_detected",0,0,25.91,-1.8125,-3.27666666666667,-0.343333333333333,-0.893333333333333,-3.17
"270-2016-1-609",2022,2016,6.5,"dmp","not_detected",0,0,16.82,-1.96083333333333,-3.23,-2.95666666666667,0.08,-2.33
"270-2016-1-610",2016,2016,0.5,"dmp","Captured",1,1,25.45,-0.574166666666667,-0.553333333333333,-0.816666666666667,-0.986666666666667,-0.183333333333333
"270-2016-1-610",2017,2016,1.5,"dmp","not_detected",0,0,20.91,-0.921666666666667,-0.983333333333333,-1.73,-0.536666666666667,-0.11
"270-2016-1-610",2018,2016,2.5,"dmp","not_detected",0,0,19.77,-0.465,-1.89,-2.77666666666667,2.41333333333333,-0.356666666666667
"270-2016-1-610",2019,2016,3.5,"dmp","not_detected",0,0,23.86,-1.40833333333333,-0.516666666666667,-1.77,-2.95333333333333,1.45
"270-2016-1-610",2020,2016,4.5,"dmp","not_detected",0,0,40.91,-3.4025,-3.32,-3.52,-3.33,-3.37666666666667
"270-2016-1-610",2021,2016,5.5,"dmp","not_detected",0,0,25.91,-1.8125,-3.27666666666667,-0.343333333333333,-0.893333333333333,-3.17
"270-2016-1-610",2022,2016,6.5,"dmp","not_detected",0,0,16.82,-1.96083333333333,-3.23,-2.95666666666667,0.08,-2.33
"270-2016-1-613",2016,2016,0.5,"dmp","Captured",1,1,25.45,-0.574166666666667,-0.553333333333333,-0.816666666666667,-0.986666666666667,-0.183333333333333
"270-2016-1-613",2017,2016,1.5,"dmp","Captured",1,1,20.91,-0.921666666666667,-0.983333333333333,-1.73,-0.536666666666667,-0.11
"270-2016-1-613",2018,2016,2.5,"dmp","Captured",1,1,19.77,-0.465,-1.89,-2.77666666666667,2.41333333333333,-0.356666666666667
"270-2016-1-613",2019,2016,3.5,"dmp","not_detected",0,0,23.86,-1.40833333333333,-0.516666666666667,-1.77,-2.95333333333333,1.45
"270-2016-1-613",2020,2016,4.5,"dmp","not_detected",0,0,40.91,-3.4025,-3.32,-3.52,-3.33,-3.37666666666667
"270-2016-1-613",2021,2016,5.5,"dmp","not_detected",0,0,25.91,-1.8125,-3.27666666666667,-0.343333333333333,-0.893333333333333,-3.17
"270-2016-1-613",2022,2016,6.5,"dmp","not_detected",0,0,16.82,-1.96083333333333,-3.23,-2.95666666666667,0.08,-2.33
"270-2016-1-615",2016,2016,0.5,"dmp","Captured",1,1,25.45,-0.574166666666667,-0.553333333333333,-0.816666666666667,-0.986666666666667,-0.183333333333333
"270-2016-1-615",2017,2016,1.5,"dmp","Captured",1,1,20.91,-0.921666666666667,-0.983333333333333,-1.73,-0.536666666666667,-0.11
"270-2016-1-615",2018,2016,2.5,"dmp","Captured",1,1,19.77,-0.465,-1.89,-2.77666666666667,2.41333333333333,-0.356666666666667
"270-2016-1-615",2019,2016,3.5,"dmp","Captured",1,1,23.86,-1.40833333333333,-0.516666666666667,-1.77,-2.95333333333333,1.45
"270-2016-1-615",2020,2016,4.5,"dmp","Captured",1,1,40.91,-3.4025,-3.32,-3.52,-3.33,-3.37666666666667
"270-2016-1-615",2021,2016,5.5,"dmp","Captured",1,1,25.91,-1.8125,-3.27666666666667,-0.343333333333333,-0.893333333333333,-3.17
"270-2016-1-615",2022,2016,6.5,"dmp","Captured",1,1,16.82,-1.96083333333333,-3.23,-2.95666666666667,0.08,-2.33
"270-2016-1-616",2016,2016,0.5,"dmp","Captured",1,1,25.45,-0.574166666666667,-0.553333333333333,-0.816666666666667,-0.986666666666667,-0.183333333333333
"270-2016-1-616",2017,2016,1.5,"dmp","not_detected",0,0,20.91,-0.921666666666667,-0.983333333333333,-1.73,-0.536666666666667,-0.11
"270-2016-1-616",2018,2016,2.5,"dmp","not_detected",0,0,19.77,-0.465,-1.89,-2.77666666666667,2.41333333333333,-0.356666666666667
"270-2016-1-616",2019,2016,3.5,"dmp","not_detected",0,0,23.86,-1.40833333333333,-0.516666666666667,-1.77,-2.95333333333333,1.45
"270-2016-1-616",2020,2016,4.5,"dmp","not_detected",0,0,40.91,-3.4025,-3.32,-3.52,-3.33,-3.37666666666667
"270-2016-1-616",2021,2016,5.5,"dmp","not_detected",0,0,25.91,-1.8125,-3.27666666666667,-0.343333333333333,-0.893333333333333,-3.17
"270-2016-1-616",2022,2016,6.5,"dmp","not_detected",0,0,16.82,-1.96083333333333,-3.23,-2.95666666666667,0.08,-2.33
"270-2016-1-618",2016,2016,0.5,"dmp","Captured",1,1,25.45,-0.574166666666667,-0.553333333333333,-0.816666666666667,-0.986666666666667,-0.183333333333333
"270-2016-1-618",2017,2016,1.5,"dmp","Captured",1,1,20.91,-0.921666666666667,-0.983333333333333,-1.73,-0.536666666666667,-0.11
"270-2016-1-618",2018,2016,2.5,"dmp","not_detected",0,0,19.77,-0.465,-1.89,-2.77666666666667,2.41333333333333,-0.356666666666667
"270-2016-1-618",2019,2016,3.5,"dmp","not_detected",0,0,23.86,-1.40833333333333,-0.516666666666667,-1.77,-2.95333333333333,1.45
"270-2016-1-618",2020,2016,4.5,"dmp","not_detected",0,0,40.91,-3.4025,-3.32,-3.52,-3.33,-3.37666666666667
"270-2016-1-618",2021,2016,5.5,"dmp","not_detected",0,0,25.91,-1.8125,-3.27666666666667,-0.343333333333333,-0.893333333333333,-3.17
"270-2016-1-618",2022,2016,6.5,"dmp","not_detected",0,0,16.82,-1.96083333333333,-3.23,-2.95666666666667,0.08,-2.33
"270-2016-1-619",2016,2016,0.5,"dmp","Captured",1,1,25.45,-0.574166666666667,-0.553333333333333,-0.816666666666667,-0.986666666666667,-0.183333333333333
"270-2016-1-619",2017,2016,1.5,"dmp","Captured",1,1,20.91,-0.921666666666667,-0.983333333333333,-1.73,-0.536666666666667,-0.11
"270-2016-1-619",2018,2016,2.5,"dmp","Captured",1,1,19.77,-0.465,-1.89,-2.77666666666667,2.41333333333333,-0.356666666666667
"270-2016-1-619",2019,2016,3.5,"dmp","Captured",1,1,23.86,-1.40833333333333,-0.516666666666667,-1.77,-2.95333333333333,1.45
"270-2016-1-619",2020,2016,4.5,"dmp","not_detected",0,0,40.91,-3.4025,-3.32,-3.52,-3.33,-3.37666666666667
"270-2016-1-619",2021,2016,5.5,"dmp","not_detected",0,0,25.91,-1.8125,-3.27666666666667,-0.343333333333333,-0.893333333333333,-3.17
"270-2016-1-619",2022,2016,6.5,"dmp","not_detected",0,0,16.82,-1.96083333333333,-3.23,-2.95666666666667,0.08,-2.33
"270-2016-1-620",2016,2016,0.5,"dmp","Captured",1,1,25.45,-0.574166666666667,-0.553333333333333,-0.816666666666667,-0.986666666666667,-0.183333333333333
"270-2016-1-620",2017,2016,1.5,"dmp","not_detected",0,0,20.91,-0.921666666666667,-0.983333333333333,-1.73,-0.536666666666667,-0.11
"270-2016-1-620",2018,2016,2.5,"dmp","not_detected",0,0,19.77,-0.465,-1.89,-2.77666666666667,2.41333333333333,-0.356666666666667
"270-2016-1-620",2019,2016,3.5,"dmp","not_detected",0,0,23.86,-1.40833333333333,-0.516666666666667,-1.77,-2.95333333333333,1.45
"270-2016-1-620",2020,2016,4.5,"dmp","not_detected",0,0,40.91,-3.4025,-3.32,-3.52,-3.33,-3.37666666666667
"270-2016-1-620",2021,2016,5.5,"dmp","not_detected",0,0,25.91,-1.8125,-3.27666666666667,-0.343333333333333,-0.893333333333333,-3.17
"270-2016-1-620",2022,2016,6.5,"dmp","not_detected",0,0,16.82,-1.96083333333333,-3.23,-2.95666666666667,0.08,-2.33
"270-2016-1-622",2016,2016,0.5,"dmp","Captured",1,1,25.45,-0.574166666666667,-0.553333333333333,-0.816666666666667,-0.986666666666667,-0.183333333333333
"270-2016-1-622",2017,2016,1.5,"dmp","Captured",1,1,20.91,-0.921666666666667,-0.983333333333333,-1.73,-0.536666666666667,-0.11
"270-2016-1-622",2018,2016,2.5,"dmp","Captured",1,1,19.77,-0.465,-1.89,-2.77666666666667,2.41333333333333,-0.356666666666667
"270-2016-1-622",2019,2016,3.5,"dmp","Captured",1,1,23.86,-1.40833333333333,-0.516666666666667,-1.77,-2.95333333333333,1.45
"270-2016-1-622",2020,2016,4.5,"dmp","Captured",1,1,40.91,-3.4025,-3.32,-3.52,-3.33,-3.37666666666667
"270-2016-1-622",2021,2016,5.5,"dmp","Captured",1,1,25.91,-1.8125,-3.27666666666667,-0.343333333333333,-0.893333333333333,-3.17
"270-2016-1-622",2022,2016,6.5,"dmp","Captured",1,1,16.82,-1.96083333333333,-3.23,-2.95666666666667,0.08,-2.33
"270-2016-1-624",2016,2016,0.5,"dmp","Captured",1,1,25.45,-0.574166666666667,-0.553333333333333,-0.816666666666667,-0.986666666666667,-0.183333333333333
"270-2016-1-624",2017,2016,1.5,"dmp","Alive-Cuddy",1,0,20.91,-0.921666666666667,-0.983333333333333,-1.73,-0.536666666666667,-0.11
"270-2016-1-624",2018,2016,2.5,"dmp","not_detected",0,0,19.77,-0.465,-1.89,-2.77666666666667,2.41333333333333,-0.356666666666667
"270-2016-1-624",2019,2016,3.5,"dmp","not_detected",0,0,23.86,-1.40833333333333,-0.516666666666667,-1.77,-2.95333333333333,1.45
"270-2016-1-624",2020,2016,4.5,"dmp","not_detected",0,0,40.91,-3.4025,-3.32,-3.52,-3.33,-3.37666666666667
"270-2016-1-624",2021,2016,5.5,"dmp","not_detected",0,0,25.91,-1.8125,-3.27666666666667,-0.343333333333333,-0.893333333333333,-3.17
"270-2016-1-624",2022,2016,6.5,"dmp","not_detected",0,0,16.82,-1.96083333333333,-3.23,-2.95666666666667,0.08,-2.33
"270-2016-1-627",2016,2016,0.5,"dmp","Captured",1,1,25.45,-0.574166666666667,-0.553333333333333,-0.816666666666667,-0.986666666666667,-0.183333333333333
"270-2016-1-627",2017,2016,1.5,"dmp","not_detected",0,0,20.91,-0.921666666666667,-0.983333333333333,-1.73,-0.536666666666667,-0.11
"270-2016-1-627",2018,2016,2.5,"dmp","not_detected",0,0,19.77,-0.465,-1.89,-2.77666666666667,2.41333333333333,-0.356666666666667
"270-2016-1-627",2019,2016,3.5,"dmp","not_detected",0,0,23.86,-1.40833333333333,-0.516666666666667,-1.77,-2.95333333333333,1.45
"270-2016-1-627",2020,2016,4.5,"dmp","not_detected",0,0,40.91,-3.4025,-3.32,-3.52,-3.33,-3.37666666666667
"270-2016-1-627",2021,2016,5.5,"dmp","not_detected",0,0,25.91,-1.8125,-3.27666666666667,-0.343333333333333,-0.893333333333333,-3.17
"270-2016-1-627",2022,2016,6.5,"dmp","not_detected",0,0,16.82,-1.96083333333333,-3.23,-2.95666666666667,0.08,-2.33
"270-2016-1-628",2016,2016,0.5,"dmp","Captured",1,1,25.45,-0.574166666666667,-0.553333333333333,-0.816666666666667,-0.986666666666667,-0.183333333333333
"270-2016-1-628",2017,2016,1.5,"dmp","not_detected",0,0,20.91,-0.921666666666667,-0.983333333333333,-1.73,-0.536666666666667,-0.11
"270-2016-1-628",2018,2016,2.5,"dmp","not_detected",0,0,19.77,-0.465,-1.89,-2.77666666666667,2.41333333333333,-0.356666666666667
"270-2016-1-628",2019,2016,3.5,"dmp","not_detected",0,0,23.86,-1.40833333333333,-0.516666666666667,-1.77,-2.95333333333333,1.45
"270-2016-1-628",2020,2016,4.5,"dmp","not_detected",0,0,40.91,-3.4025,-3.32,-3.52,-3.33,-3.37666666666667
"270-2016-1-628",2021,2016,5.5,"dmp","not_detected",0,0,25.91,-1.8125,-3.27666666666667,-0.343333333333333,-0.893333333333333,-3.17
"270-2016-1-628",2022,2016,6.5,"dmp","not_detected",0,0,16.82,-1.96083333333333,-3.23,-2.95666666666667,0.08,-2.33
"270-2016-1-629",2016,2016,0.5,"dmp","Captured",1,1,25.45,-0.574166666666667,-0.553333333333333,-0.816666666666667,-0.986666666666667,-0.183333333333333
"270-2016-1-629",2017,2016,1.5,"dmp","not_detected",0,0,20.91,-0.921666666666667,-0.983333333333333,-1.73,-0.536666666666667,-0.11
"270-2016-1-629",2018,2016,2.5,"dmp","not_detected",0,0,19.77,-0.465,-1.89,-2.77666666666667,2.41333333333333,-0.356666666666667
"270-2016-1-629",2019,2016,3.5,"dmp","not_detected",0,0,23.86,-1.40833333333333,-0.516666666666667,-1.77,-2.95333333333333,1.45
"270-2016-1-629",2020,2016,4.5,"dmp","not_detected",0,0,40.91,-3.4025,-3.32,-3.52,-3.33,-3.37666666666667
"270-2016-1-629",2021,2016,5.5,"dmp","not_detected",0,0,25.91,-1.8125,-3.27666666666667,-0.343333333333333,-0.893333333333333,-3.17
"270-2016-1-629",2022,2016,6.5,"dmp","not_detected",0,0,16.82,-1.96083333333333,-3.23,-2.95666666666667,0.08,-2.33
"270-2016-1-630",2016,2016,0.5,"dmp","Captured",1,1,25.45,-0.574166666666667,-0.553333333333333,-0.816666666666667,-0.986666666666667,-0.183333333333333
"270-2016-1-630",2017,2016,1.5,"dmp","not_detected",0,0,20.91,-0.921666666666667,-0.983333333333333,-1.73,-0.536666666666667,-0.11
"270-2016-1-630",2018,2016,2.5,"dmp","not_detected",0,0,19.77,-0.465,-1.89,-2.77666666666667,2.41333333333333,-0.356666666666667
"270-2016-1-630",2019,2016,3.5,"dmp","not_detected",0,0,23.86,-1.40833333333333,-0.516666666666667,-1.77,-2.95333333333333,1.45
"270-2016-1-630",2020,2016,4.5,"dmp","not_detected",0,0,40.91,-3.4025,-3.32,-3.52,-3.33,-3.37666666666667
"270-2016-1-630",2021,2016,5.5,"dmp","not_detected",0,0,25.91,-1.8125,-3.27666666666667,-0.343333333333333,-0.893333333333333,-3.17
"270-2016-1-630",2022,2016,6.5,"dmp","not_detected",0,0,16.82,-1.96083333333333,-3.23,-2.95666666666667,0.08,-2.33
"270-2016-1-631",2016,2016,0.5,"dmp","Captured",1,1,25.45,-0.574166666666667,-0.553333333333333,-0.816666666666667,-0.986666666666667,-0.183333333333333
"270-2016-1-631",2017,2016,1.5,"dmp","not_detected",0,0,20.91,-0.921666666666667,-0.983333333333333,-1.73,-0.536666666666667,-0.11
"270-2016-1-631",2018,2016,2.5,"dmp","not_detected",0,0,19.77,-0.465,-1.89,-2.77666666666667,2.41333333333333,-0.356666666666667
"270-2016-1-631",2019,2016,3.5,"dmp","not_detected",0,0,23.86,-1.40833333333333,-0.516666666666667,-1.77,-2.95333333333333,1.45
"270-2016-1-631",2020,2016,4.5,"dmp","not_detected",0,0,40.91,-3.4025,-3.32,-3.52,-3.33,-3.37666666666667
"270-2016-1-631",2021,2016,5.5,"dmp","not_detected",0,0,25.91,-1.8125,-3.27666666666667,-0.343333333333333,-0.893333333333333,-3.17
"270-2016-1-631",2022,2016,6.5,"dmp","not_detected",0,0,16.82,-1.96083333333333,-3.23,-2.95666666666667,0.08,-2.33
"270-2016-1-632",2016,2016,0.5,"dmp","Captured",1,1,25.45,-0.574166666666667,-0.553333333333333,-0.816666666666667,-0.986666666666667,-0.183333333333333
"270-2016-1-632",2017,2016,1.5,"dmp","Captured",1,1,20.91,-0.921666666666667,-0.983333333333333,-1.73,-0.536666666666667,-0.11
"270-2016-1-632",2018,2016,2.5,"dmp","Captured",1,1,19.77,-0.465,-1.89,-2.77666666666667,2.41333333333333,-0.356666666666667
"270-2016-1-632",2019,2016,3.5,"dmp","Alive-Cuddy",1,0,23.86,-1.40833333333333,-0.516666666666667,-1.77,-2.95333333333333,1.45
"270-2016-1-632",2020,2016,4.5,"dmp","Captured",1,1,40.91,-3.4025,-3.32,-3.52,-3.33,-3.37666666666667
"270-2016-1-632",2021,2016,5.5,"dmp","Captured",1,1,25.91,-1.8125,-3.27666666666667,-0.343333333333333,-0.893333333333333,-3.17
"270-2016-1-632",2022,2016,6.5,"dmp","Captured",1,1,16.82,-1.96083333333333,-3.23,-2.95666666666667,0.08,-2.33
"270-2016-1-634",2016,2016,0.5,"dmp","Captured",1,1,25.45,-0.574166666666667,-0.553333333333333,-0.816666666666667,-0.986666666666667,-0.183333333333333
"270-2016-1-634",2017,2016,1.5,"dmp","Captured",1,1,20.91,-0.921666666666667,-0.983333333333333,-1.73,-0.536666666666667,-0.11
"270-2016-1-634",2018,2016,2.5,"dmp","Nat Mortality",2,2,19.77,-0.465,-1.89,-2.77666666666667,2.41333333333333,-0.356666666666667
"270-2016-1-634",2019,2016,3.5,"dmp","not_detected",0,0,23.86,-1.40833333333333,-0.516666666666667,-1.77,-2.95333333333333,1.45
"270-2016-1-634",2020,2016,4.5,"dmp","not_detected",0,0,40.91,-3.4025,-3.32,-3.52,-3.33,-3.37666666666667
"270-2016-1-634",2021,2016,5.5,"dmp","not_detected",0,0,25.91,-1.8125,-3.27666666666667,-0.343333333333333,-0.893333333333333,-3.17
"270-2016-1-634",2022,2016,6.5,"dmp","not_detected",0,0,16.82,-1.96083333333333,-3.23,-2.95666666666667,0.08,-2.33
"270-2016-1-637",2016,2016,0.5,"dmp","Captured",1,1,25.45,-0.574166666666667,-0.553333333333333,-0.816666666666667,-0.986666666666667,-0.183333333333333
"270-2016-1-637",2017,2016,1.5,"dmp","not_detected",0,0,20.91,-0.921666666666667,-0.983333333333333,-1.73,-0.536666666666667,-0.11
"270-2016-1-637",2018,2016,2.5,"dmp","not_detected",0,0,19.77,-0.465,-1.89,-2.77666666666667,2.41333333333333,-0.356666666666667
"270-2016-1-637",2019,2016,3.5,"dmp","not_detected",0,0,23.86,-1.40833333333333,-0.516666666666667,-1.77,-2.95333333333333,1.45
"270-2016-1-637",2020,2016,4.5,"dmp","not_detected",0,0,40.91,-3.4025,-3.32,-3.52,-3.33,-3.37666666666667
"270-2016-1-637",2021,2016,5.5,"dmp","not_detected",0,0,25.91,-1.8125,-3.27666666666667,-0.343333333333333,-0.893333333333333,-3.17
"270-2016-1-637",2022,2016,6.5,"dmp","not_detected",0,0,16.82,-1.96083333333333,-3.23,-2.95666666666667,0.08,-2.33
"270-2016-1-640",2016,2016,0.5,"dmp","Captured",1,1,25.45,-0.574166666666667,-0.553333333333333,-0.816666666666667,-0.986666666666667,-0.183333333333333
"270-2016-1-640",2017,2016,1.5,"dmp","not_detected",0,0,20.91,-0.921666666666667,-0.983333333333333,-1.73,-0.536666666666667,-0.11
"270-2016-1-640",2018,2016,2.5,"dmp","not_detected",0,0,19.77,-0.465,-1.89,-2.77666666666667,2.41333333333333,-0.356666666666667
"270-2016-1-640",2019,2016,3.5,"dmp","not_detected",0,0,23.86,-1.40833333333333,-0.516666666666667,-1.77,-2.95333333333333,1.45
"270-2016-1-640",2020,2016,4.5,"dmp","not_detected",0,0,40.91,-3.4025,-3.32,-3.52,-3.33,-3.37666666666667
"270-2016-1-640",2021,2016,5.5,"dmp","not_detected",0,0,25.91,-1.8125,-3.27666666666667,-0.343333333333333,-0.893333333333333,-3.17
"270-2016-1-640",2022,2016,6.5,"dmp","not_detected",0,0,16.82,-1.96083333333333,-3.23,-2.95666666666667,0.08,-2.33
"270-2016-1-642",2016,2016,0.5,"dmp","Captured",1,1,25.45,-0.574166666666667,-0.553333333333333,-0.816666666666667,-0.986666666666667,-0.183333333333333
"270-2016-1-642",2017,2016,1.5,"dmp","Captured",1,1,20.91,-0.921666666666667,-0.983333333333333,-1.73,-0.536666666666667,-0.11
"270-2016-1-642",2018,2016,2.5,"dmp","Captured",1,1,19.77,-0.465,-1.89,-2.77666666666667,2.41333333333333,-0.356666666666667
"270-2016-1-642",2019,2016,3.5,"dmp","Captured",1,1,23.86,-1.40833333333333,-0.516666666666667,-1.77,-2.95333333333333,1.45
"270-2016-1-642",2020,2016,4.5,"dmp","Captured",1,1,40.91,-3.4025,-3.32,-3.52,-3.33,-3.37666666666667
"270-2016-1-642",2021,2016,5.5,"dmp","Captured",1,1,25.91,-1.8125,-3.27666666666667,-0.343333333333333,-0.893333333333333,-3.17
"270-2016-1-642",2022,2016,6.5,"dmp","Captured",1,1,16.82,-1.96083333333333,-3.23,-2.95666666666667,0.08,-2.33
"270-2016-1-643",2016,2016,0.5,"dmp","Captured",1,1,25.45,-0.574166666666667,-0.553333333333333,-0.816666666666667,-0.986666666666667,-0.183333333333333
"270-2016-1-643",2017,2016,1.5,"dmp","Alive-Cuddy",1,0,20.91,-0.921666666666667,-0.983333333333333,-1.73,-0.536666666666667,-0.11
"270-2016-1-643",2018,2016,2.5,"dmp","not_detected",0,0,19.77,-0.465,-1.89,-2.77666666666667,2.41333333333333,-0.356666666666667
"270-2016-1-643",2019,2016,3.5,"dmp","Captured",1,1,23.86,-1.40833333333333,-0.516666666666667,-1.77,-2.95333333333333,1.45
"270-2016-1-643",2020,2016,4.5,"dmp","Captured",1,1,40.91,-3.4025,-3.32,-3.52,-3.33,-3.37666666666667
"270-2016-1-643",2021,2016,5.5,"dmp","Captured",1,1,25.91,-1.8125,-3.27666666666667,-0.343333333333333,-0.893333333333333,-3.17
"270-2016-1-643",2022,2016,6.5,"dmp","Captured",1,1,16.82,-1.96083333333333,-3.23,-2.95666666666667,0.08,-2.33
"270-2017-0-744",2017,2017,0.5,"wy","Captured",1,1,20.91,-0.921666666666667,-0.983333333333333,-1.73,-0.536666666666667,-0.11
"270-2017-0-744",2018,2017,1.5,"wy","Captured",1,1,19.77,-0.465,-1.89,-2.77666666666667,2.41333333333333,-0.356666666666667
"270-2017-0-744",2019,2017,2.5,"wy","Alive-Cuddy",1,0,23.86,-1.40833333333333,-0.516666666666667,-1.77,-2.95333333333333,1.45
"270-2017-0-744",2020,2017,3.5,"wy","not_detected",0,0,40.91,-3.4025,-3.32,-3.52,-3.33,-3.37666666666667
"270-2017-0-744",2021,2017,4.5,"wy","not_detected",0,0,25.91,-1.8125,-3.27666666666667,-0.343333333333333,-0.893333333333333,-3.17
"270-2017-0-744",2022,2017,5.5,"wy","not_detected",0,0,16.82,-1.96083333333333,-3.23,-2.95666666666667,0.08,-2.33
"270-2017-0-745",2017,2017,0.5,"wy","Captured",1,1,20.91,-0.921666666666667,-0.983333333333333,-1.73,-0.536666666666667,-0.11
"270-2017-0-745",2018,2017,1.5,"wy","Alive-Cuddy",1,0,19.77,-0.465,-1.89,-2.77666666666667,2.41333333333333,-0.356666666666667
"270-2017-0-745",2019,2017,2.5,"wy","Captured",1,1,23.86,-1.40833333333333,-0.516666666666667,-1.77,-2.95333333333333,1.45
"270-2017-0-745",2020,2017,3.5,"wy","Captured",1,1,40.91,-3.4025,-3.32,-3.52,-3.33,-3.37666666666667
"270-2017-0-745",2021,2017,4.5,"wy","Captured",1,1,25.91,-1.8125,-3.27666666666667,-0.343333333333333,-0.893333333333333,-3.17
"270-2017-0-745",2022,2017,5.5,"wy","Captured",1,1,16.82,-1.96083333333333,-3.23,-2.95666666666667,0.08,-2.33
"270-2017-0-746",2017,2017,0.5,"wy","Captured",1,1,20.91,-0.921666666666667,-0.983333333333333,-1.73,-0.536666666666667,-0.11
"270-2017-0-746",2018,2017,1.5,"wy","not_detected",0,0,19.77,-0.465,-1.89,-2.77666666666667,2.41333333333333,-0.356666666666667
"270-2017-0-746",2019,2017,2.5,"wy","not_detected",0,0,23.86,-1.40833333333333,-0.516666666666667,-1.77,-2.95333333333333,1.45
"270-2017-0-746",2020,2017,3.5,"wy","not_detected",0,0,40.91,-3.4025,-3.32,-3.52,-3.33,-3.37666666666667
"270-2017-0-746",2021,2017,4.5,"wy","not_detected",0,0,25.91,-1.8125,-3.27666666666667,-0.343333333333333,-0.893333333333333,-3.17
"270-2017-0-746",2022,2017,5.5,"wy","not_detected",0,0,16.82,-1.96083333333333,-3.23,-2.95666666666667,0.08,-2.33
"270-2017-0-747",2017,2017,0.5,"wy","Captured",1,1,20.91,-0.921666666666667,-0.983333333333333,-1.73,-0.536666666666667,-0.11
"270-2017-0-747",2018,2017,1.5,"wy","Captured",1,1,19.77,-0.465,-1.89,-2.77666666666667,2.41333333333333,-0.356666666666667
"270-2017-0-747",2019,2017,2.5,"wy","Captured",1,1,23.86,-1.40833333333333,-0.516666666666667,-1.77,-2.95333333333333,1.45
"270-2017-0-747",2020,2017,3.5,"wy","Captured",1,1,40.91,-3.4025,-3.32,-3.52,-3.33,-3.37666666666667
"270-2017-0-747",2021,2017,4.5,"wy","Captured",1,1,25.91,-1.8125,-3.27666666666667,-0.343333333333333,-0.893333333333333,-3.17
"270-2017-0-747",2022,2017,5.5,"wy","Captured",1,1,16.82,-1.96083333333333,-3.23,-2.95666666666667,0.08,-2.33
"270-2017-0-748",2017,2017,0.5,"wy","Captured",1,1,20.91,-0.921666666666667,-0.983333333333333,-1.73,-0.536666666666667,-0.11
"270-2017-0-748",2018,2017,1.5,"wy","Captured",1,1,19.77,-0.465,-1.89,-2.77666666666667,2.41333333333333,-0.356666666666667
"270-2017-0-748",2019,2017,2.5,"wy","Captured",1,1,23.86,-1.40833333333333,-0.516666666666667,-1.77,-2.95333333333333,1.45
"270-2017-0-748",2020,2017,3.5,"wy","Captured",1,1,40.91,-3.4025,-3.32,-3.52,-3.33,-3.37666666666667
"270-2017-0-748",2021,2017,4.5,"wy","Captured",1,1,25.91,-1.8125,-3.27666666666667,-0.343333333333333,-0.893333333333333,-3.17
"270-2017-0-748",2022,2017,5.5,"wy","Captured",1,1,16.82,-1.96083333333333,-3.23,-2.95666666666667,0.08,-2.33
"270-2017-0-749",2017,2017,0.5,"wy","Captured",1,1,20.91,-0.921666666666667,-0.983333333333333,-1.73,-0.536666666666667,-0.11
"270-2017-0-749",2018,2017,1.5,"wy","Captured",1,1,19.77,-0.465,-1.89,-2.77666666666667,2.41333333333333,-0.356666666666667
"270-2017-0-749",2019,2017,2.5,"wy","Captured",1,1,23.86,-1.40833333333333,-0.516666666666667,-1.77,-2.95333333333333,1.45
"270-2017-0-749",2020,2017,3.5,"wy","Captured",1,1,40.91,-3.4025,-3.32,-3.52,-3.33,-3.37666666666667
"270-2017-0-749",2021,2017,4.5,"wy","Captured",1,1,25.91,-1.8125,-3.27666666666667,-0.343333333333333,-0.893333333333333,-3.17
"270-2017-0-749",2022,2017,5.5,"wy","Captured",1,1,16.82,-1.96083333333333,-3.23,-2.95666666666667,0.08,-2.33
"270-2017-1-703",2017,2017,0.5,"dmp","Captured",1,1,20.91,-0.921666666666667,-0.983333333333333,-1.73,-0.536666666666667,-0.11
"270-2017-1-703",2018,2017,1.5,"dmp","Alive-Cuddy",1,0,19.77,-0.465,-1.89,-2.77666666666667,2.41333333333333,-0.356666666666667
"270-2017-1-703",2019,2017,2.5,"dmp","Captured",1,1,23.86,-1.40833333333333,-0.516666666666667,-1.77,-2.95333333333333,1.45
"270-2017-1-703",2020,2017,3.5,"dmp","Captured",1,1,40.91,-3.4025,-3.32,-3.52,-3.33,-3.37666666666667
"270-2017-1-703",2021,2017,4.5,"dmp","Captured",1,1,25.91,-1.8125,-3.27666666666667,-0.343333333333333,-0.893333333333333,-3.17
"270-2017-1-703",2022,2017,5.5,"dmp","Captured",1,1,16.82,-1.96083333333333,-3.23,-2.95666666666667,0.08,-2.33
"270-2017-1-704",2017,2017,0.5,"dmp","Captured",1,1,20.91,-0.921666666666667,-0.983333333333333,-1.73,-0.536666666666667,-0.11
"270-2017-1-704",2018,2017,1.5,"dmp","not_detected",0,0,19.77,-0.465,-1.89,-2.77666666666667,2.41333333333333,-0.356666666666667
"270-2017-1-704",2019,2017,2.5,"dmp","not_detected",0,0,23.86,-1.40833333333333,-0.516666666666667,-1.77,-2.95333333333333,1.45
"270-2017-1-704",2020,2017,3.5,"dmp","not_detected",0,0,40.91,-3.4025,-3.32,-3.52,-3.33,-3.37666666666667
"270-2017-1-704",2021,2017,4.5,"dmp","not_detected",0,0,25.91,-1.8125,-3.27666666666667,-0.343333333333333,-0.893333333333333,-3.17
"270-2017-1-704",2022,2017,5.5,"dmp","not_detected",0,0,16.82,-1.96083333333333,-3.23,-2.95666666666667,0.08,-2.33
"270-2017-1-707",2017,2017,0.5,"dmp","Captured",1,1,20.91,-0.921666666666667,-0.983333333333333,-1.73,-0.536666666666667,-0.11
"270-2017-1-707",2018,2017,1.5,"dmp","Captured",1,1,19.77,-0.465,-1.89,-2.77666666666667,2.41333333333333,-0.356666666666667
"270-2017-1-707",2019,2017,2.5,"dmp","Captured",1,1,23.86,-1.40833333333333,-0.516666666666667,-1.77,-2.95333333333333,1.45
"270-2017-1-707",2020,2017,3.5,"dmp","not_detected",0,0,40.91,-3.4025,-3.32,-3.52,-3.33,-3.37666666666667
"270-2017-1-707",2021,2017,4.5,"dmp","not_detected",0,0,25.91,-1.8125,-3.27666666666667,-0.343333333333333,-0.893333333333333,-3.17
"270-2017-1-707",2022,2017,5.5,"dmp","not_detected",0,0,16.82,-1.96083333333333,-3.23,-2.95666666666667,0.08,-2.33
"270-2017-1-709",2017,2017,0.5,"dmp","Captured",1,1,20.91,-0.921666666666667,-0.983333333333333,-1.73,-0.536666666666667,-0.11
"270-2017-1-709",2018,2017,1.5,"dmp","not_detected",0,0,19.77,-0.465,-1.89,-2.77666666666667,2.41333333333333,-0.356666666666667
"270-2017-1-709",2019,2017,2.5,"dmp","not_detected",0,0,23.86,-1.40833333333333,-0.516666666666667,-1.77,-2.95333333333333,1.45
"270-2017-1-709",2020,2017,3.5,"dmp","not_detected",0,0,40.91,-3.4025,-3.32,-3.52,-3.33,-3.37666666666667
"270-2017-1-709",2021,2017,4.5,"dmp","not_detected",0,0,25.91,-1.8125,-3.27666666666667,-0.343333333333333,-0.893333333333333,-3.17
"270-2017-1-709",2022,2017,5.5,"dmp","not_detected",0,0,16.82,-1.96083333333333,-3.23,-2.95666666666667,0.08,-2.33
"270-2017-1-710",2017,2017,0.5,"dmp","Captured",1,1,20.91,-0.921666666666667,-0.983333333333333,-1.73,-0.536666666666667,-0.11
"270-2017-1-710",2018,2017,1.5,"dmp","not_detected",0,0,19.77,-0.465,-1.89,-2.77666666666667,2.41333333333333,-0.356666666666667
"270-2017-1-710",2019,2017,2.5,"dmp","not_detected",0,0,23.86,-1.40833333333333,-0.516666666666667,-1.77,-2.95333333333333,1.45
"270-2017-1-710",2020,2017,3.5,"dmp","not_detected",0,0,40.91,-3.4025,-3.32,-3.52,-3.33,-3.37666666666667
"270-2017-1-710",2021,2017,4.5,"dmp","not_detected",0,0,25.91,-1.8125,-3.27666666666667,-0.343333333333333,-0.893333333333333,-3.17
"270-2017-1-710",2022,2017,5.5,"dmp","not_detected",0,0,16.82,-1.96083333333333,-3.23,-2.95666666666667,0.08,-2.33
"270-2017-1-711",2017,2017,0.5,"dmp","Captured",1,1,20.91,-0.921666666666667,-0.983333333333333,-1.73,-0.536666666666667,-0.11
"270-2017-1-711",2018,2017,1.5,"dmp","Alive-Cuddy",1,0,19.77,-0.465,-1.89,-2.77666666666667,2.41333333333333,-0.356666666666667
"270-2017-1-711",2019,2017,2.5,"dmp","Captured",1,1,23.86,-1.40833333333333,-0.516666666666667,-1.77,-2.95333333333333,1.45
"270-2017-1-711",2020,2017,3.5,"dmp","Captured",1,1,40.91,-3.4025,-3.32,-3.52,-3.33,-3.37666666666667
"270-2017-1-711",2021,2017,4.5,"dmp","Captured",1,1,25.91,-1.8125,-3.27666666666667,-0.343333333333333,-0.893333333333333,-3.17
"270-2017-1-711",2022,2017,5.5,"dmp","Captured",1,1,16.82,-1.96083333333333,-3.23,-2.95666666666667,0.08,-2.33
"270-2017-1-713",2017,2017,0.5,"dmp","Captured",1,1,20.91,-0.921666666666667,-0.983333333333333,-1.73,-0.536666666666667,-0.11
"270-2017-1-713",2018,2017,1.5,"dmp","not_detected",0,0,19.77,-0.465,-1.89,-2.77666666666667,2.41333333333333,-0.356666666666667
"270-2017-1-713",2019,2017,2.5,"dmp","not_detected",0,0,23.86,-1.40833333333333,-0.516666666666667,-1.77,-2.95333333333333,1.45
"270-2017-1-713",2020,2017,3.5,"dmp","not_detected",0,0,40.91,-3.4025,-3.32,-3.52,-3.33,-3.37666666666667
"270-2017-1-713",2021,2017,4.5,"dmp","not_detected",0,0,25.91,-1.8125,-3.27666666666667,-0.343333333333333,-0.893333333333333,-3.17
"270-2017-1-713",2022,2017,5.5,"dmp","not_detected",0,0,16.82,-1.96083333333333,-3.23,-2.95666666666667,0.08,-2.33
"270-2017-1-714",2017,2017,0.5,"dmp","Captured",1,1,20.91,-0.921666666666667,-0.983333333333333,-1.73,-0.536666666666667,-0.11
"270-2017-1-714",2018,2017,1.5,"dmp","not_detected",0,0,19.77,-0.465,-1.89,-2.77666666666667,2.41333333333333,-0.356666666666667
"270-2017-1-714",2019,2017,2.5,"dmp","not_detected",0,0,23.86,-1.40833333333333,-0.516666666666667,-1.77,-2.95333333333333,1.45
"270-2017-1-714",2020,2017,3.5,"dmp","not_detected",0,0,40.91,-3.4025,-3.32,-3.52,-3.33,-3.37666666666667
"270-2017-1-714",2021,2017,4.5,"dmp","not_detected",0,0,25.91,-1.8125,-3.27666666666667,-0.343333333333333,-0.893333333333333,-3.17
"270-2017-1-714",2022,2017,5.5,"dmp","not_detected",0,0,16.82,-1.96083333333333,-3.23,-2.95666666666667,0.08,-2.33
"270-2017-1-717",2017,2017,0.5,"dmp","Captured",1,1,20.91,-0.921666666666667,-0.983333333333333,-1.73,-0.536666666666667,-0.11
"270-2017-1-717",2018,2017,1.5,"dmp","Captured",1,1,19.77,-0.465,-1.89,-2.77666666666667,2.41333333333333,-0.356666666666667
"270-2017-1-717",2019,2017,2.5,"dmp","Captured",1,1,23.86,-1.40833333333333,-0.516666666666667,-1.77,-2.95333333333333,1.45
"270-2017-1-717",2020,2017,3.5,"dmp","Captured",1,1,40.91,-3.4025,-3.32,-3.52,-3.33,-3.37666666666667
"270-2017-1-717",2021,2017,4.5,"dmp","Captured",1,1,25.91,-1.8125,-3.27666666666667,-0.343333333333333,-0.893333333333333,-3.17
"270-2017-1-717",2022,2017,5.5,"dmp","Captured",1,1,16.82,-1.96083333333333,-3.23,-2.95666666666667,0.08,-2.33
"270-2017-1-719",2017,2017,0.5,"dmp","Captured",1,1,20.91,-0.921666666666667,-0.983333333333333,-1.73,-0.536666666666667,-0.11
"270-2017-1-719",2018,2017,1.5,"dmp","Captured",1,1,19.77,-0.465,-1.89,-2.77666666666667,2.41333333333333,-0.356666666666667
"270-2017-1-719",2019,2017,2.5,"dmp","Captured",1,1,23.86,-1.40833333333333,-0.516666666666667,-1.77,-2.95333333333333,1.45
"270-2017-1-719",2020,2017,3.5,"dmp","Captured",1,1,40.91,-3.4025,-3.32,-3.52,-3.33,-3.37666666666667
"270-2017-1-719",2021,2017,4.5,"dmp","Captured",1,1,25.91,-1.8125,-3.27666666666667,-0.343333333333333,-0.893333333333333,-3.17
"270-2017-1-719",2022,2017,5.5,"dmp","Captured",1,1,16.82,-1.96083333333333,-3.23,-2.95666666666667,0.08,-2.33
"270-2017-1-720",2017,2017,0.5,"dmp","Captured",1,1,20.91,-0.921666666666667,-0.983333333333333,-1.73,-0.536666666666667,-0.11
"270-2017-1-720",2018,2017,1.5,"dmp","not_detected",0,0,19.77,-0.465,-1.89,-2.77666666666667,2.41333333333333,-0.356666666666667
"270-2017-1-720",2019,2017,2.5,"dmp","not_detected",0,0,23.86,-1.40833333333333,-0.516666666666667,-1.77,-2.95333333333333,1.45
"270-2017-1-720",2020,2017,3.5,"dmp","not_detected",0,0,40.91,-3.4025,-3.32,-3.52,-3.33,-3.37666666666667
"270-2017-1-720",2021,2017,4.5,"dmp","not_detected",0,0,25.91,-1.8125,-3.27666666666667,-0.343333333333333,-0.893333333333333,-3.17
"270-2017-1-720",2022,2017,5.5,"dmp","not_detected",0,0,16.82,-1.96083333333333,-3.23,-2.95666666666667,0.08,-2.33
"270-2017-1-721",2017,2017,0.5,"dmp","Captured",1,1,20.91,-0.921666666666667,-0.983333333333333,-1.73,-0.536666666666667,-0.11
"270-2017-1-721",2018,2017,1.5,"dmp","not_detected",0,0,19.77,-0.465,-1.89,-2.77666666666667,2.41333333333333,-0.356666666666667
"270-2017-1-721",2019,2017,2.5,"dmp","not_detected",0,0,23.86,-1.40833333333333,-0.516666666666667,-1.77,-2.95333333333333,1.45
"270-2017-1-721",2020,2017,3.5,"dmp","not_detected",0,0,40.91,-3.4025,-3.32,-3.52,-3.33,-3.37666666666667
"270-2017-1-721",2021,2017,4.5,"dmp","not_detected",0,0,25.91,-1.8125,-3.27666666666667,-0.343333333333333,-0.893333333333333,-3.17
"270-2017-1-721",2022,2017,5.5,"dmp","not_detected",0,0,16.82,-1.96083333333333,-3.23,-2.95666666666667,0.08,-2.33
"270-2017-1-722",2017,2017,0.5,"dmp","Captured",1,1,20.91,-0.921666666666667,-0.983333333333333,-1.73,-0.536666666666667,-0.11
"270-2017-1-722",2018,2017,1.5,"dmp","Alive-Cuddy",1,0,19.77,-0.465,-1.89,-2.77666666666667,2.41333333333333,-0.356666666666667
"270-2017-1-722",2019,2017,2.5,"dmp","Alive-Cuddy",1,0,23.86,-1.40833333333333,-0.516666666666667,-1.77,-2.95333333333333,1.45
"270-2017-1-722",2020,2017,3.5,"dmp","Captured",1,1,40.91,-3.4025,-3.32,-3.52,-3.33,-3.37666666666667
"270-2017-1-722",2021,2017,4.5,"dmp","Captured",1,1,25.91,-1.8125,-3.27666666666667,-0.343333333333333,-0.893333333333333,-3.17
"270-2017-1-722",2022,2017,5.5,"dmp","Captured",1,1,16.82,-1.96083333333333,-3.23,-2.95666666666667,0.08,-2.33
"270-2017-1-726",2017,2017,0.5,"dmp","Captured",1,1,20.91,-0.921666666666667,-0.983333333333333,-1.73,-0.536666666666667,-0.11
"270-2017-1-726",2018,2017,1.5,"dmp","not_detected",0,0,19.77,-0.465,-1.89,-2.77666666666667,2.41333333333333,-0.356666666666667
"270-2017-1-726",2019,2017,2.5,"dmp","not_detected",0,0,23.86,-1.40833333333333,-0.516666666666667,-1.77,-2.95333333333333,1.45
"270-2017-1-726",2020,2017,3.5,"dmp","not_detected",0,0,40.91,-3.4025,-3.32,-3.52,-3.33,-3.37666666666667
"270-2017-1-726",2021,2017,4.5,"dmp","not_detected",0,0,25.91,-1.8125,-3.27666666666667,-0.343333333333333,-0.893333333333333,-3.17
"270-2017-1-726",2022,2017,5.5,"dmp","not_detected",0,0,16.82,-1.96083333333333,-3.23,-2.95666666666667,0.08,-2.33
"270-2017-1-729",2017,2017,0.5,"dmp","Captured",1,1,20.91,-0.921666666666667,-0.983333333333333,-1.73,-0.536666666666667,-0.11
"270-2017-1-729",2018,2017,1.5,"dmp","not_detected",0,0,19.77,-0.465,-1.89,-2.77666666666667,2.41333333333333,-0.356666666666667
"270-2017-1-729",2019,2017,2.5,"dmp","not_detected",0,0,23.86,-1.40833333333333,-0.516666666666667,-1.77,-2.95333333333333,1.45
"270-2017-1-729",2020,2017,3.5,"dmp","not_detected",0,0,40.91,-3.4025,-3.32,-3.52,-3.33,-3.37666666666667
"270-2017-1-729",2021,2017,4.5,"dmp","not_detected",0,0,25.91,-1.8125,-3.27666666666667,-0.343333333333333,-0.893333333333333,-3.17
"270-2017-1-729",2022,2017,5.5,"dmp","not_detected",0,0,16.82,-1.96083333333333,-3.23,-2.95666666666667,0.08,-2.33
"270-2017-1-733",2017,2017,0.5,"dmp","Captured",1,1,20.91,-0.921666666666667,-0.983333333333333,-1.73,-0.536666666666667,-0.11
"270-2017-1-733",2018,2017,1.5,"dmp","not_detected",0,0,19.77,-0.465,-1.89,-2.77666666666667,2.41333333333333,-0.356666666666667
"270-2017-1-733",2019,2017,2.5,"dmp","not_detected",0,0,23.86,-1.40833333333333,-0.516666666666667,-1.77,-2.95333333333333,1.45
"270-2017-1-733",2020,2017,3.5,"dmp","not_detected",0,0,40.91,-3.4025,-3.32,-3.52,-3.33,-3.37666666666667
"270-2017-1-733",2021,2017,4.5,"dmp","not_detected",0,0,25.91,-1.8125,-3.27666666666667,-0.343333333333333,-0.893333333333333,-3.17
"270-2017-1-733",2022,2017,5.5,"dmp","not_detected",0,0,16.82,-1.96083333333333,-3.23,-2.95666666666667,0.08,-2.33
"270-2017-1-736",2017,2017,0.5,"dmp","Captured",1,1,20.91,-0.921666666666667,-0.983333333333333,-1.73,-0.536666666666667,-0.11
"270-2017-1-736",2018,2017,1.5,"dmp","not_detected",0,0,19.77,-0.465,-1.89,-2.77666666666667,2.41333333333333,-0.356666666666667
"270-2017-1-736",2019,2017,2.5,"dmp","not_detected",0,0,23.86,-1.40833333333333,-0.516666666666667,-1.77,-2.95333333333333,1.45
"270-2017-1-736",2020,2017,3.5,"dmp","not_detected",0,0,40.91,-3.4025,-3.32,-3.52,-3.33,-3.37666666666667
"270-2017-1-736",2021,2017,4.5,"dmp","not_detected",0,0,25.91,-1.8125,-3.27666666666667,-0.343333333333333,-0.893333333333333,-3.17
"270-2017-1-736",2022,2017,5.5,"dmp","not_detected",0,0,16.82,-1.96083333333333,-3.23,-2.95666666666667,0.08,-2.33
"270-2017-1-737",2017,2017,0.5,"dmp","Captured",1,1,20.91,-0.921666666666667,-0.983333333333333,-1.73,-0.536666666666667,-0.11
"270-2017-1-737",2018,2017,1.5,"dmp","not_detected",0,0,19.77,-0.465,-1.89,-2.77666666666667,2.41333333333333,-0.356666666666667
"270-2017-1-737",2019,2017,2.5,"dmp","not_detected",0,0,23.86,-1.40833333333333,-0.516666666666667,-1.77,-2.95333333333333,1.45
"270-2017-1-737",2020,2017,3.5,"dmp","not_detected",0,0,40.91,-3.4025,-3.32,-3.52,-3.33,-3.37666666666667
"270-2017-1-737",2021,2017,4.5,"dmp","not_detected",0,0,25.91,-1.8125,-3.27666666666667,-0.343333333333333,-0.893333333333333,-3.17
"270-2017-1-737",2022,2017,5.5,"dmp","not_detected",0,0,16.82,-1.96083333333333,-3.23,-2.95666666666667,0.08,-2.33
"270-2017-1-738",2017,2017,0.5,"dmp","Captured",1,1,20.91,-0.921666666666667,-0.983333333333333,-1.73,-0.536666666666667,-0.11
"270-2017-1-738",2018,2017,1.5,"dmp","not_detected",0,0,19.77,-0.465,-1.89,-2.77666666666667,2.41333333333333,-0.356666666666667
"270-2017-1-738",2019,2017,2.5,"dmp","not_detected",0,0,23.86,-1.40833333333333,-0.516666666666667,-1.77,-2.95333333333333,1.45
"270-2017-1-738",2020,2017,3.5,"dmp","not_detected",0,0,40.91,-3.4025,-3.32,-3.52,-3.33,-3.37666666666667
"270-2017-1-738",2021,2017,4.5,"dmp","not_detected",0,0,25.91,-1.8125,-3.27666666666667,-0.343333333333333,-0.893333333333333,-3.17
"270-2017-1-738",2022,2017,5.5,"dmp","not_detected",0,0,16.82,-1.96083333333333,-3.23,-2.95666666666667,0.08,-2.33
"270-2017-1-739",2017,2017,0.5,"dmp","Captured",1,1,20.91,-0.921666666666667,-0.983333333333333,-1.73,-0.536666666666667,-0.11
"270-2017-1-739",2018,2017,1.5,"dmp","not_detected",0,0,19.77,-0.465,-1.89,-2.77666666666667,2.41333333333333,-0.356666666666667
"270-2017-1-739",2019,2017,2.5,"dmp","not_detected",0,0,23.86,-1.40833333333333,-0.516666666666667,-1.77,-2.95333333333333,1.45
"270-2017-1-739",2020,2017,3.5,"dmp","not_detected",0,0,40.91,-3.4025,-3.32,-3.52,-3.33,-3.37666666666667
"270-2017-1-739",2021,2017,4.5,"dmp","not_detected",0,0,25.91,-1.8125,-3.27666666666667,-0.343333333333333,-0.893333333333333,-3.17
"270-2017-1-739",2022,2017,5.5,"dmp","not_detected",0,0,16.82,-1.96083333333333,-3.23,-2.95666666666667,0.08,-2.33
"270-2018-0-862",2018,2018,0.5,"wy","Captured",1,1,19.77,-0.465,-1.89,-2.77666666666667,2.41333333333333,-0.356666666666667
"270-2018-0-862",2019,2018,1.5,"wy","Captured",1,1,23.86,-1.40833333333333,-0.516666666666667,-1.77,-2.95333333333333,1.45
"270-2018-0-862",2020,2018,2.5,"wy","Captured",1,1,40.91,-3.4025,-3.32,-3.52,-3.33,-3.37666666666667
"270-2018-0-862",2021,2018,3.5,"wy","Captured",1,1,25.91,-1.8125,-3.27666666666667,-0.343333333333333,-0.893333333333333,-3.17
"270-2018-0-862",2022,2018,4.5,"wy","Captured",1,1,16.82,-1.96083333333333,-3.23,-2.95666666666667,0.08,-2.33
"270-2018-0-863",2018,2018,0.5,"wy","Captured",1,1,19.77,-0.465,-1.89,-2.77666666666667,2.41333333333333,-0.356666666666667
"270-2018-0-863",2019,2018,1.5,"wy","Captured",1,1,23.86,-1.40833333333333,-0.516666666666667,-1.77,-2.95333333333333,1.45
"270-2018-0-863",2020,2018,2.5,"wy","Captured",1,1,40.91,-3.4025,-3.32,-3.52,-3.33,-3.37666666666667
"270-2018-0-863",2021,2018,3.5,"wy","not_detected",0,0,25.91,-1.8125,-3.27666666666667,-0.343333333333333,-0.893333333333333,-3.17
"270-2018-0-863",2022,2018,4.5,"wy","not_detected",0,0,16.82,-1.96083333333333,-3.23,-2.95666666666667,0.08,-2.33
"270-2018-0-864",2018,2018,0.5,"wy","Captured",1,1,19.77,-0.465,-1.89,-2.77666666666667,2.41333333333333,-0.356666666666667
"270-2018-0-864",2019,2018,1.5,"wy","Captured",1,1,23.86,-1.40833333333333,-0.516666666666667,-1.77,-2.95333333333333,1.45
"270-2018-0-864",2020,2018,2.5,"wy","Captured",1,1,40.91,-3.4025,-3.32,-3.52,-3.33,-3.37666666666667
"270-2018-0-864",2021,2018,3.5,"wy","Captured",1,1,25.91,-1.8125,-3.27666666666667,-0.343333333333333,-0.893333333333333,-3.17
"270-2018-0-864",2022,2018,4.5,"wy","Captured",1,1,16.82,-1.96083333333333,-3.23,-2.95666666666667,0.08,-2.33
"270-2018-1-802",2018,2018,0.5,"dmp","Captured",1,1,19.77,-0.465,-1.89,-2.77666666666667,2.41333333333333,-0.356666666666667
"270-2018-1-802",2019,2018,1.5,"dmp","Captured",1,1,23.86,-1.40833333333333,-0.516666666666667,-1.77,-2.95333333333333,1.45
"270-2018-1-802",2020,2018,2.5,"dmp","Captured",1,1,40.91,-3.4025,-3.32,-3.52,-3.33,-3.37666666666667
"270-2018-1-802",2021,2018,3.5,"dmp","Captured",1,1,25.91,-1.8125,-3.27666666666667,-0.343333333333333,-0.893333333333333,-3.17
"270-2018-1-802",2022,2018,4.5,"dmp","Captured",1,1,16.82,-1.96083333333333,-3.23,-2.95666666666667,0.08,-2.33
"270-2018-1-804",2018,2018,0.5,"dmp","Captured",1,1,19.77,-0.465,-1.89,-2.77666666666667,2.41333333333333,-0.356666666666667
"270-2018-1-804",2019,2018,1.5,"dmp","not_detected",0,0,23.86,-1.40833333333333,-0.516666666666667,-1.77,-2.95333333333333,1.45
"270-2018-1-804",2020,2018,2.5,"dmp","not_detected",0,0,40.91,-3.4025,-3.32,-3.52,-3.33,-3.37666666666667
"270-2018-1-804",2021,2018,3.5,"dmp","not_detected",0,0,25.91,-1.8125,-3.27666666666667,-0.343333333333333,-0.893333333333333,-3.17
"270-2018-1-804",2022,2018,4.5,"dmp","not_detected",0,0,16.82,-1.96083333333333,-3.23,-2.95666666666667,0.08,-2.33
"270-2018-1-805",2018,2018,0.5,"dmp","Captured",1,1,19.77,-0.465,-1.89,-2.77666666666667,2.41333333333333,-0.356666666666667
"270-2018-1-805",2019,2018,1.5,"dmp","Captured",1,1,23.86,-1.40833333333333,-0.516666666666667,-1.77,-2.95333333333333,1.45
"270-2018-1-805",2020,2018,2.5,"dmp","Captured",1,1,40.91,-3.4025,-3.32,-3.52,-3.33,-3.37666666666667
"270-2018-1-805",2021,2018,3.5,"dmp","Captured",1,1,25.91,-1.8125,-3.27666666666667,-0.343333333333333,-0.893333333333333,-3.17
"270-2018-1-805",2022,2018,4.5,"dmp","Captured",1,1,16.82,-1.96083333333333,-3.23,-2.95666666666667,0.08,-2.33
"270-2018-1-806",2018,2018,0.5,"dmp","Captured",1,1,19.77,-0.465,-1.89,-2.77666666666667,2.41333333333333,-0.356666666666667
"270-2018-1-806",2019,2018,1.5,"dmp","not_detected",0,0,23.86,-1.40833333333333,-0.516666666666667,-1.77,-2.95333333333333,1.45
"270-2018-1-806",2020,2018,2.5,"dmp","not_detected",0,0,40.91,-3.4025,-3.32,-3.52,-3.33,-3.37666666666667
"270-2018-1-806",2021,2018,3.5,"dmp","not_detected",0,0,25.91,-1.8125,-3.27666666666667,-0.343333333333333,-0.893333333333333,-3.17
"270-2018-1-806",2022,2018,4.5,"dmp","not_detected",0,0,16.82,-1.96083333333333,-3.23,-2.95666666666667,0.08,-2.33
"270-2018-1-808",2018,2018,0.5,"dmp","Captured",1,1,19.77,-0.465,-1.89,-2.77666666666667,2.41333333333333,-0.356666666666667
"270-2018-1-808",2019,2018,1.5,"dmp","Alive-Cuddy",1,0,23.86,-1.40833333333333,-0.516666666666667,-1.77,-2.95333333333333,1.45
"270-2018-1-808",2020,2018,2.5,"dmp","Captured",1,1,40.91,-3.4025,-3.32,-3.52,-3.33,-3.37666666666667
"270-2018-1-808",2021,2018,3.5,"dmp","Captured",1,1,25.91,-1.8125,-3.27666666666667,-0.343333333333333,-0.893333333333333,-3.17
"270-2018-1-808",2022,2018,4.5,"dmp","Captured",1,1,16.82,-1.96083333333333,-3.23,-2.95666666666667,0.08,-2.33
"270-2018-1-815",2018,2018,0.5,"dmp","Captured",1,1,19.77,-0.465,-1.89,-2.77666666666667,2.41333333333333,-0.356666666666667
"270-2018-1-815",2019,2018,1.5,"dmp","Captured",1,1,23.86,-1.40833333333333,-0.516666666666667,-1.77,-2.95333333333333,1.45
"270-2018-1-815",2020,2018,2.5,"dmp","Captured",1,1,40.91,-3.4025,-3.32,-3.52,-3.33,-3.37666666666667
"270-2018-1-815",2021,2018,3.5,"dmp","Captured",1,1,25.91,-1.8125,-3.27666666666667,-0.343333333333333,-0.893333333333333,-3.17
"270-2018-1-815",2022,2018,4.5,"dmp","Captured",1,1,16.82,-1.96083333333333,-3.23,-2.95666666666667,0.08,-2.33
"270-2018-1-817",2018,2018,0.5,"dmp","Captured",1,1,19.77,-0.465,-1.89,-2.77666666666667,2.41333333333333,-0.356666666666667
"270-2018-1-817",2019,2018,1.5,"dmp","Alive-Cuddy",1,0,23.86,-1.40833333333333,-0.516666666666667,-1.77,-2.95333333333333,1.45
"270-2018-1-817",2020,2018,2.5,"dmp","Captured",1,1,40.91,-3.4025,-3.32,-3.52,-3.33,-3.37666666666667
"270-2018-1-817",2021,2018,3.5,"dmp","Captured",1,1,25.91,-1.8125,-3.27666666666667,-0.343333333333333,-0.893333333333333,-3.17
"270-2018-1-817",2022,2018,4.5,"dmp","Captured",1,1,16.82,-1.96083333333333,-3.23,-2.95666666666667,0.08,-2.33
"270-2018-1-818",2018,2018,0.5,"dmp","Captured",1,1,19.77,-0.465,-1.89,-2.77666666666667,2.41333333333333,-0.356666666666667
"270-2018-1-818",2019,2018,1.5,"dmp","Captured",1,1,23.86,-1.40833333333333,-0.516666666666667,-1.77,-2.95333333333333,1.45
"270-2018-1-818",2020,2018,2.5,"dmp","Captured",1,1,40.91,-3.4025,-3.32,-3.52,-3.33,-3.37666666666667
"270-2018-1-818",2021,2018,3.5,"dmp","Captured",1,1,25.91,-1.8125,-3.27666666666667,-0.343333333333333,-0.893333333333333,-3.17
"270-2018-1-818",2022,2018,4.5,"dmp","Alive-Cuddy",1,0,16.82,-1.96083333333333,-3.23,-2.95666666666667,0.08,-2.33
"270-2018-1-822",2018,2018,0.5,"dmp","Captured",1,1,19.77,-0.465,-1.89,-2.77666666666667,2.41333333333333,-0.356666666666667
"270-2018-1-822",2019,2018,1.5,"dmp","Captured",1,1,23.86,-1.40833333333333,-0.516666666666667,-1.77,-2.95333333333333,1.45
"270-2018-1-822",2020,2018,2.5,"dmp","Captured",1,1,40.91,-3.4025,-3.32,-3.52,-3.33,-3.37666666666667
"270-2018-1-822",2021,2018,3.5,"dmp","Captured",1,1,25.91,-1.8125,-3.27666666666667,-0.343333333333333,-0.893333333333333,-3.17
"270-2018-1-822",2022,2018,4.5,"dmp","Captured",1,1,16.82,-1.96083333333333,-3.23,-2.95666666666667,0.08,-2.33
"270-2018-1-823",2018,2018,0.5,"dmp","Captured",1,1,19.77,-0.465,-1.89,-2.77666666666667,2.41333333333333,-0.356666666666667
"270-2018-1-823",2019,2018,1.5,"dmp","not_detected",0,0,23.86,-1.40833333333333,-0.516666666666667,-1.77,-2.95333333333333,1.45
"270-2018-1-823",2020,2018,2.5,"dmp","not_detected",0,0,40.91,-3.4025,-3.32,-3.52,-3.33,-3.37666666666667
"270-2018-1-823",2021,2018,3.5,"dmp","not_detected",0,0,25.91,-1.8125,-3.27666666666667,-0.343333333333333,-0.893333333333333,-3.17
"270-2018-1-823",2022,2018,4.5,"dmp","not_detected",0,0,16.82,-1.96083333333333,-3.23,-2.95666666666667,0.08,-2.33
"270-2018-1-824",2018,2018,0.5,"dmp","Captured",1,1,19.77,-0.465,-1.89,-2.77666666666667,2.41333333333333,-0.356666666666667
"270-2018-1-824",2019,2018,1.5,"dmp","Alive-Cuddy",1,0,23.86,-1.40833333333333,-0.516666666666667,-1.77,-2.95333333333333,1.45
"270-2018-1-824",2020,2018,2.5,"dmp","Captured",1,1,40.91,-3.4025,-3.32,-3.52,-3.33,-3.37666666666667
"270-2018-1-824",2021,2018,3.5,"dmp","Captured",1,1,25.91,-1.8125,-3.27666666666667,-0.343333333333333,-0.893333333333333,-3.17
"270-2018-1-824",2022,2018,4.5,"dmp","not_detected",0,0,16.82,-1.96083333333333,-3.23,-2.95666666666667,0.08,-2.33
"270-2018-1-825",2018,2018,0.5,"dmp","Captured",1,1,19.77,-0.465,-1.89,-2.77666666666667,2.41333333333333,-0.356666666666667
"270-2018-1-825",2019,2018,1.5,"dmp","not_detected",0,0,23.86,-1.40833333333333,-0.516666666666667,-1.77,-2.95333333333333,1.45
"270-2018-1-825",2020,2018,2.5,"dmp","not_detected",0,0,40.91,-3.4025,-3.32,-3.52,-3.33,-3.37666666666667
"270-2018-1-825",2021,2018,3.5,"dmp","not_detected",0,0,25.91,-1.8125,-3.27666666666667,-0.343333333333333,-0.893333333333333,-3.17
"270-2018-1-825",2022,2018,4.5,"dmp","not_detected",0,0,16.82,-1.96083333333333,-3.23,-2.95666666666667,0.08,-2.33
"270-2018-1-826",2018,2018,0.5,"dmp","Captured",1,1,19.77,-0.465,-1.89,-2.77666666666667,2.41333333333333,-0.356666666666667
"270-2018-1-826",2019,2018,1.5,"dmp","not_detected",0,0,23.86,-1.40833333333333,-0.516666666666667,-1.77,-2.95333333333333,1.45
"270-2018-1-826",2020,2018,2.5,"dmp","Alive-Cuddy",1,0,40.91,-3.4025,-3.32,-3.52,-3.33,-3.37666666666667
"270-2018-1-826",2021,2018,3.5,"dmp","not_detected",0,0,25.91,-1.8125,-3.27666666666667,-0.343333333333333,-0.893333333333333,-3.17
"270-2018-1-826",2022,2018,4.5,"dmp","not_detected",0,0,16.82,-1.96083333333333,-3.23,-2.95666666666667,0.08,-2.33
"270-2018-1-827",2018,2018,0.5,"dmp","Captured",1,1,19.77,-0.465,-1.89,-2.77666666666667,2.41333333333333,-0.356666666666667
"270-2018-1-827",2019,2018,1.5,"dmp","not_detected",0,0,23.86,-1.40833333333333,-0.516666666666667,-1.77,-2.95333333333333,1.45
"270-2018-1-827",2020,2018,2.5,"dmp","not_detected",0,0,40.91,-3.4025,-3.32,-3.52,-3.33,-3.37666666666667
"270-2018-1-827",2021,2018,3.5,"dmp","not_detected",0,0,25.91,-1.8125,-3.27666666666667,-0.343333333333333,-0.893333333333333,-3.17
"270-2018-1-827",2022,2018,4.5,"dmp","not_detected",0,0,16.82,-1.96083333333333,-3.23,-2.95666666666667,0.08,-2.33
"270-2018-1-831",2018,2018,0.5,"dmp","Captured",1,1,19.77,-0.465,-1.89,-2.77666666666667,2.41333333333333,-0.356666666666667
"270-2018-1-831",2019,2018,1.5,"dmp","not_detected",0,0,23.86,-1.40833333333333,-0.516666666666667,-1.77,-2.95333333333333,1.45
"270-2018-1-831",2020,2018,2.5,"dmp","not_detected",0,0,40.91,-3.4025,-3.32,-3.52,-3.33,-3.37666666666667
"270-2018-1-831",2021,2018,3.5,"dmp","not_detected",0,0,25.91,-1.8125,-3.27666666666667,-0.343333333333333,-0.893333333333333,-3.17
"270-2018-1-831",2022,2018,4.5,"dmp","not_detected",0,0,16.82,-1.96083333333333,-3.23,-2.95666666666667,0.08,-2.33
"270-2018-1-832",2018,2018,0.5,"dmp","Captured",1,1,19.77,-0.465,-1.89,-2.77666666666667,2.41333333333333,-0.356666666666667
"270-2018-1-832",2019,2018,1.5,"dmp","Captured",1,1,23.86,-1.40833333333333,-0.516666666666667,-1.77,-2.95333333333333,1.45
"270-2018-1-832",2020,2018,2.5,"dmp","Alive-Cuddy",1,0,40.91,-3.4025,-3.32,-3.52,-3.33,-3.37666666666667
"270-2018-1-832",2021,2018,3.5,"dmp","Captured",1,1,25.91,-1.8125,-3.27666666666667,-0.343333333333333,-0.893333333333333,-3.17
"270-2018-1-832",2022,2018,4.5,"dmp","Captured",1,1,16.82,-1.96083333333333,-3.23,-2.95666666666667,0.08,-2.33
"270-2018-1-834",2018,2018,0.5,"dmp","Captured",1,1,19.77,-0.465,-1.89,-2.77666666666667,2.41333333333333,-0.356666666666667
"270-2018-1-834",2019,2018,1.5,"dmp","Alive-Cuddy",1,0,23.86,-1.40833333333333,-0.516666666666667,-1.77,-2.95333333333333,1.45
"270-2018-1-834",2020,2018,2.5,"dmp","Captured",1,1,40.91,-3.4025,-3.32,-3.52,-3.33,-3.37666666666667
"270-2018-1-834",2021,2018,3.5,"dmp","Captured",1,1,25.91,-1.8125,-3.27666666666667,-0.343333333333333,-0.893333333333333,-3.17
"270-2018-1-834",2022,2018,4.5,"dmp","not_detected",0,0,16.82,-1.96083333333333,-3.23,-2.95666666666667,0.08,-2.33
"270-2018-1-835",2018,2018,0.5,"dmp","Captured",1,1,19.77,-0.465,-1.89,-2.77666666666667,2.41333333333333,-0.356666666666667
"270-2018-1-835",2019,2018,1.5,"dmp","not_detected",0,0,23.86,-1.40833333333333,-0.516666666666667,-1.77,-2.95333333333333,1.45
"270-2018-1-835",2020,2018,2.5,"dmp","Captured",1,1,40.91,-3.4025,-3.32,-3.52,-3.33,-3.37666666666667
"270-2018-1-835",2021,2018,3.5,"dmp","Captured",1,1,25.91,-1.8125,-3.27666666666667,-0.343333333333333,-0.893333333333333,-3.17
"270-2018-1-835",2022,2018,4.5,"dmp","Captured",1,1,16.82,-1.96083333333333,-3.23,-2.95666666666667,0.08,-2.33
"270-2018-1-837",2018,2018,0.5,"dmp","Captured",1,1,19.77,-0.465,-1.89,-2.77666666666667,2.41333333333333,-0.356666666666667
"270-2018-1-837",2019,2018,1.5,"dmp","not_detected",0,0,23.86,-1.40833333333333,-0.516666666666667,-1.77,-2.95333333333333,1.45
"270-2018-1-837",2020,2018,2.5,"dmp","not_detected",0,0,40.91,-3.4025,-3.32,-3.52,-3.33,-3.37666666666667
"270-2018-1-837",2021,2018,3.5,"dmp","not_detected",0,0,25.91,-1.8125,-3.27666666666667,-0.343333333333333,-0.893333333333333,-3.17
"270-2018-1-837",2022,2018,4.5,"dmp","not_detected",0,0,16.82,-1.96083333333333,-3.23,-2.95666666666667,0.08,-2.33
"270-2018-1-839",2018,2018,0.5,"dmp","Captured",1,1,19.77,-0.465,-1.89,-2.77666666666667,2.41333333333333,-0.356666666666667
"270-2018-1-839",2019,2018,1.5,"dmp","not_detected",0,0,23.86,-1.40833333333333,-0.516666666666667,-1.77,-2.95333333333333,1.45
"270-2018-1-839",2020,2018,2.5,"dmp","not_detected",0,0,40.91,-3.4025,-3.32,-3.52,-3.33,-3.37666666666667
"270-2018-1-839",2021,2018,3.5,"dmp","not_detected",0,0,25.91,-1.8125,-3.27666666666667,-0.343333333333333,-0.893333333333333,-3.17
"270-2018-1-839",2022,2018,4.5,"dmp","not_detected",0,0,16.82,-1.96083333333333,-3.23,-2.95666666666667,0.08,-2.33
"270-2019-0-943",2019,2019,0.5,"wy","Captured",1,1,23.86,-1.40833333333333,-0.516666666666667,-1.77,-2.95333333333333,1.45
"270-2019-0-943",2020,2019,1.5,"wy","Captured",1,1,40.91,-3.4025,-3.32,-3.52,-3.33,-3.37666666666667
"270-2019-0-943",2021,2019,2.5,"wy","Captured",1,1,25.91,-1.8125,-3.27666666666667,-0.343333333333333,-0.893333333333333,-3.17
"270-2019-0-943",2022,2019,3.5,"wy","Captured",1,1,16.82,-1.96083333333333,-3.23,-2.95666666666667,0.08,-2.33
"270-2019-0-944",2019,2019,0.5,"wy","Captured",1,1,23.86,-1.40833333333333,-0.516666666666667,-1.77,-2.95333333333333,1.45
"270-2019-0-944",2020,2019,1.5,"wy","Captured",1,1,40.91,-3.4025,-3.32,-3.52,-3.33,-3.37666666666667
"270-2019-0-944",2021,2019,2.5,"wy","Captured",1,1,25.91,-1.8125,-3.27666666666667,-0.343333333333333,-0.893333333333333,-3.17
"270-2019-0-944",2022,2019,3.5,"wy","Captured",1,1,16.82,-1.96083333333333,-3.23,-2.95666666666667,0.08,-2.33
"270-2019-0-945",2019,2019,0.5,"wy","Captured",1,1,23.86,-1.40833333333333,-0.516666666666667,-1.77,-2.95333333333333,1.45
"270-2019-0-945",2020,2019,1.5,"wy","Alive-Cuddy",1,0,40.91,-3.4025,-3.32,-3.52,-3.33,-3.37666666666667
"270-2019-0-945",2021,2019,2.5,"wy","Captured",1,1,25.91,-1.8125,-3.27666666666667,-0.343333333333333,-0.893333333333333,-3.17
"270-2019-0-945",2022,2019,3.5,"wy","Captured",1,1,16.82,-1.96083333333333,-3.23,-2.95666666666667,0.08,-2.33
"270-2019-0-946",2019,2019,0.5,"wy","Captured",1,1,23.86,-1.40833333333333,-0.516666666666667,-1.77,-2.95333333333333,1.45
"270-2019-0-946",2020,2019,1.5,"wy","Captured",1,1,40.91,-3.4025,-3.32,-3.52,-3.33,-3.37666666666667
"270-2019-0-946",2021,2019,2.5,"wy","not_detected",0,0,25.91,-1.8125,-3.27666666666667,-0.343333333333333,-0.893333333333333,-3.17
"270-2019-0-946",2022,2019,3.5,"wy","not_detected",0,0,16.82,-1.96083333333333,-3.23,-2.95666666666667,0.08,-2.33
"270-2019-0-947",2019,2019,0.5,"wy","Captured",1,1,23.86,-1.40833333333333,-0.516666666666667,-1.77,-2.95333333333333,1.45
"270-2019-0-947",2020,2019,1.5,"wy","not_detected",0,0,40.91,-3.4025,-3.32,-3.52,-3.33,-3.37666666666667
"270-2019-0-947",2021,2019,2.5,"wy","not_detected",0,0,25.91,-1.8125,-3.27666666666667,-0.343333333333333,-0.893333333333333,-3.17
"270-2019-0-947",2022,2019,3.5,"wy","not_detected",0,0,16.82,-1.96083333333333,-3.23,-2.95666666666667,0.08,-2.33
"270-2019-0-960",2019,2019,0.5,"wy","not_detected",0,0,23.86,-1.40833333333333,-0.516666666666667,-1.77,-2.95333333333333,1.45
"270-2019-0-960",2020,2019,1.5,"wy","not_detected",0,0,40.91,-3.4025,-3.32,-3.52,-3.33,-3.37666666666667
"270-2019-0-960",2021,2019,2.5,"wy","Captured",1,1,25.91,-1.8125,-3.27666666666667,-0.343333333333333,-0.893333333333333,-3.17
"270-2019-0-960",2022,2019,3.5,"wy","not_detected",0,0,16.82,-1.96083333333333,-3.23,-2.95666666666667,0.08,-2.33
"270-2019-0-966",2019,2019,0.5,"wy","Captured",1,1,23.86,-1.40833333333333,-0.516666666666667,-1.77,-2.95333333333333,1.45
"270-2019-0-966",2020,2019,1.5,"wy","Alive-Cuddy",1,0,40.91,-3.4025,-3.32,-3.52,-3.33,-3.37666666666667
"270-2019-0-966",2021,2019,2.5,"wy","not_detected",0,0,25.91,-1.8125,-3.27666666666667,-0.343333333333333,-0.893333333333333,-3.17
"270-2019-0-966",2022,2019,3.5,"wy","Captured",1,1,16.82,-1.96083333333333,-3.23,-2.95666666666667,0.08,-2.33
"270-2019-1-901",2019,2019,0.5,"dmp","Captured",1,1,23.86,-1.40833333333333,-0.516666666666667,-1.77,-2.95333333333333,1.45
"270-2019-1-901",2020,2019,1.5,"dmp","not_detected",0,0,40.91,-3.4025,-3.32,-3.52,-3.33,-3.37666666666667
"270-2019-1-901",2021,2019,2.5,"dmp","not_detected",0,0,25.91,-1.8125,-3.27666666666667,-0.343333333333333,-0.893333333333333,-3.17
"270-2019-1-901",2022,2019,3.5,"dmp","not_detected",0,0,16.82,-1.96083333333333,-3.23,-2.95666666666667,0.08,-2.33
"270-2019-1-903",2019,2019,0.5,"dmp","Captured",1,1,23.86,-1.40833333333333,-0.516666666666667,-1.77,-2.95333333333333,1.45
"270-2019-1-903",2020,2019,1.5,"dmp","not_detected",0,0,40.91,-3.4025,-3.32,-3.52,-3.33,-3.37666666666667
"270-2019-1-903",2021,2019,2.5,"dmp","not_detected",0,0,25.91,-1.8125,-3.27666666666667,-0.343333333333333,-0.893333333333333,-3.17
"270-2019-1-903",2022,2019,3.5,"dmp","not_detected",0,0,16.82,-1.96083333333333,-3.23,-2.95666666666667,0.08,-2.33
"270-2019-1-905",2019,2019,0.5,"dmp","Captured",1,1,23.86,-1.40833333333333,-0.516666666666667,-1.77,-2.95333333333333,1.45
"270-2019-1-905",2020,2019,1.5,"dmp","not_detected",0,0,40.91,-3.4025,-3.32,-3.52,-3.33,-3.37666666666667
"270-2019-1-905",2021,2019,2.5,"dmp","Captured",1,1,25.91,-1.8125,-3.27666666666667,-0.343333333333333,-0.893333333333333,-3.17
"270-2019-1-905",2022,2019,3.5,"dmp","Captured",1,1,16.82,-1.96083333333333,-3.23,-2.95666666666667,0.08,-2.33
"270-2019-1-907",2019,2019,0.5,"dmp","Captured",1,1,23.86,-1.40833333333333,-0.516666666666667,-1.77,-2.95333333333333,1.45
"270-2019-1-907",2020,2019,1.5,"dmp","Captured",1,1,40.91,-3.4025,-3.32,-3.52,-3.33,-3.37666666666667
"270-2019-1-907",2021,2019,2.5,"dmp","not_detected",0,0,25.91,-1.8125,-3.27666666666667,-0.343333333333333,-0.893333333333333,-3.17
"270-2019-1-907",2022,2019,3.5,"dmp","not_detected",0,0,16.82,-1.96083333333333,-3.23,-2.95666666666667,0.08,-2.33
"270-2019-1-908",2019,2019,0.5,"dmp","Captured",1,1,23.86,-1.40833333333333,-0.516666666666667,-1.77,-2.95333333333333,1.45
"270-2019-1-908",2020,2019,1.5,"dmp","not_detected",0,0,40.91,-3.4025,-3.32,-3.52,-3.33,-3.37666666666667
"270-2019-1-908",2021,2019,2.5,"dmp","Captured",1,1,25.91,-1.8125,-3.27666666666667,-0.343333333333333,-0.893333333333333,-3.17
"270-2019-1-908",2022,2019,3.5,"dmp","Captured",1,1,16.82,-1.96083333333333,-3.23,-2.95666666666667,0.08,-2.33
"270-2019-1-909",2019,2019,0.5,"dmp","Captured",1,1,23.86,-1.40833333333333,-0.516666666666667,-1.77,-2.95333333333333,1.45
"270-2019-1-909",2020,2019,1.5,"dmp","Captured",1,1,40.91,-3.4025,-3.32,-3.52,-3.33,-3.37666666666667
"270-2019-1-909",2021,2019,2.5,"dmp","Captured",1,1,25.91,-1.8125,-3.27666666666667,-0.343333333333333,-0.893333333333333,-3.17
"270-2019-1-909",2022,2019,3.5,"dmp","Captured",1,1,16.82,-1.96083333333333,-3.23,-2.95666666666667,0.08,-2.33
"270-2019-1-911",2019,2019,0.5,"dmp","Captured",1,1,23.86,-1.40833333333333,-0.516666666666667,-1.77,-2.95333333333333,1.45
"270-2019-1-911",2020,2019,1.5,"dmp","not_detected",0,0,40.91,-3.4025,-3.32,-3.52,-3.33,-3.37666666666667
"270-2019-1-911",2021,2019,2.5,"dmp","not_detected",0,0,25.91,-1.8125,-3.27666666666667,-0.343333333333333,-0.893333333333333,-3.17
"270-2019-1-911",2022,2019,3.5,"dmp","not_detected",0,0,16.82,-1.96083333333333,-3.23,-2.95666666666667,0.08,-2.33
"270-2019-1-916",2019,2019,0.5,"dmp","Captured",1,1,23.86,-1.40833333333333,-0.516666666666667,-1.77,-2.95333333333333,1.45
"270-2019-1-916",2020,2019,1.5,"dmp","not_detected",0,0,40.91,-3.4025,-3.32,-3.52,-3.33,-3.37666666666667
"270-2019-1-916",2021,2019,2.5,"dmp","not_detected",0,0,25.91,-1.8125,-3.27666666666667,-0.343333333333333,-0.893333333333333,-3.17
"270-2019-1-916",2022,2019,3.5,"dmp","not_detected",0,0,16.82,-1.96083333333333,-3.23,-2.95666666666667,0.08,-2.33
"270-2019-1-917",2019,2019,0.5,"dmp","Captured",1,1,23.86,-1.40833333333333,-0.516666666666667,-1.77,-2.95333333333333,1.45
"270-2019-1-917",2020,2019,1.5,"dmp","Captured",1,1,40.91,-3.4025,-3.32,-3.52,-3.33,-3.37666666666667
"270-2019-1-917",2021,2019,2.5,"dmp","Captured",1,1,25.91,-1.8125,-3.27666666666667,-0.343333333333333,-0.893333333333333,-3.17
"270-2019-1-917",2022,2019,3.5,"dmp","Captured",1,1,16.82,-1.96083333333333,-3.23,-2.95666666666667,0.08,-2.33
"270-2019-1-920",2019,2019,0.5,"dmp","Captured",1,1,23.86,-1.40833333333333,-0.516666666666667,-1.77,-2.95333333333333,1.45
"270-2019-1-920",2020,2019,1.5,"dmp","Captured",1,1,40.91,-3.4025,-3.32,-3.52,-3.33,-3.37666666666667
"270-2019-1-920",2021,2019,2.5,"dmp","Captured",1,1,25.91,-1.8125,-3.27666666666667,-0.343333333333333,-0.893333333333333,-3.17
"270-2019-1-920",2022,2019,3.5,"dmp","Captured",1,1,16.82,-1.96083333333333,-3.23,-2.95666666666667,0.08,-2.33
"270-2019-1-923",2019,2019,0.5,"dmp","Captured",1,1,23.86,-1.40833333333333,-0.516666666666667,-1.77,-2.95333333333333,1.45
"270-2019-1-923",2020,2019,1.5,"dmp","Captured",1,1,40.91,-3.4025,-3.32,-3.52,-3.33,-3.37666666666667
"270-2019-1-923",2021,2019,2.5,"dmp","Captured",1,1,25.91,-1.8125,-3.27666666666667,-0.343333333333333,-0.893333333333333,-3.17
"270-2019-1-923",2022,2019,3.5,"dmp","Captured",1,1,16.82,-1.96083333333333,-3.23,-2.95666666666667,0.08,-2.33
"270-2019-1-924",2019,2019,0.5,"dmp","Captured",1,1,23.86,-1.40833333333333,-0.516666666666667,-1.77,-2.95333333333333,1.45
"270-2019-1-924",2020,2019,1.5,"dmp","not_detected",0,0,40.91,-3.4025,-3.32,-3.52,-3.33,-3.37666666666667
"270-2019-1-924",2021,2019,2.5,"dmp","Captured",1,1,25.91,-1.8125,-3.27666666666667,-0.343333333333333,-0.893333333333333,-3.17
"270-2019-1-924",2022,2019,3.5,"dmp","Captured",1,1,16.82,-1.96083333333333,-3.23,-2.95666666666667,0.08,-2.33
"270-2019-1-927",2019,2019,0.5,"dmp","Captured",1,1,23.86,-1.40833333333333,-0.516666666666667,-1.77,-2.95333333333333,1.45
"270-2019-1-927",2020,2019,1.5,"dmp","Captured",1,1,40.91,-3.4025,-3.32,-3.52,-3.33,-3.37666666666667
"270-2019-1-927",2021,2019,2.5,"dmp","Captured",1,1,25.91,-1.8125,-3.27666666666667,-0.343333333333333,-0.893333333333333,-3.17
"270-2019-1-927",2022,2019,3.5,"dmp","Captured",1,1,16.82,-1.96083333333333,-3.23,-2.95666666666667,0.08,-2.33
"270-2019-1-929",2019,2019,0.5,"dmp","Captured",1,1,23.86,-1.40833333333333,-0.516666666666667,-1.77,-2.95333333333333,1.45
"270-2019-1-929",2020,2019,1.5,"dmp","not_detected",0,0,40.91,-3.4025,-3.32,-3.52,-3.33,-3.37666666666667
"270-2019-1-929",2021,2019,2.5,"dmp","Captured",1,1,25.91,-1.8125,-3.27666666666667,-0.343333333333333,-0.893333333333333,-3.17
"270-2019-1-929",2022,2019,3.5,"dmp","Captured",1,1,16.82,-1.96083333333333,-3.23,-2.95666666666667,0.08,-2.33
"270-2019-1-930",2019,2019,0.5,"dmp","Captured",1,1,23.86,-1.40833333333333,-0.516666666666667,-1.77,-2.95333333333333,1.45
"270-2019-1-930",2020,2019,1.5,"dmp","not_detected",0,0,40.91,-3.4025,-3.32,-3.52,-3.33,-3.37666666666667
"270-2019-1-930",2021,2019,2.5,"dmp","not_detected",0,0,25.91,-1.8125,-3.27666666666667,-0.343333333333333,-0.893333333333333,-3.17
"270-2019-1-930",2022,2019,3.5,"dmp","not_detected",0,0,16.82,-1.96083333333333,-3.23,-2.95666666666667,0.08,-2.33
"270-2019-1-932",2019,2019,0.5,"dmp","Captured",1,1,23.86,-1.40833333333333,-0.516666666666667,-1.77,-2.95333333333333,1.45
"270-2019-1-932",2020,2019,1.5,"dmp","not_detected",0,0,40.91,-3.4025,-3.32,-3.52,-3.33,-3.37666666666667
"270-2019-1-932",2021,2019,2.5,"dmp","Captured",1,1,25.91,-1.8125,-3.27666666666667,-0.343333333333333,-0.893333333333333,-3.17
"270-2019-1-932",2022,2019,3.5,"dmp","Captured",1,1,16.82,-1.96083333333333,-3.23,-2.95666666666667,0.08,-2.33
"270-2019-1-933",2019,2019,0.5,"dmp","Captured",1,1,23.86,-1.40833333333333,-0.516666666666667,-1.77,-2.95333333333333,1.45
"270-2019-1-933",2020,2019,1.5,"dmp","not_detected",0,0,40.91,-3.4025,-3.32,-3.52,-3.33,-3.37666666666667
"270-2019-1-933",2021,2019,2.5,"dmp","Captured",1,1,25.91,-1.8125,-3.27666666666667,-0.343333333333333,-0.893333333333333,-3.17
"270-2019-1-933",2022,2019,3.5,"dmp","Captured",1,1,16.82,-1.96083333333333,-3.23,-2.95666666666667,0.08,-2.33
"270-2019-1-934",2019,2019,0.5,"dmp","Captured",1,1,23.86,-1.40833333333333,-0.516666666666667,-1.77,-2.95333333333333,1.45
"270-2019-1-934",2020,2019,1.5,"dmp","not_detected",0,0,40.91,-3.4025,-3.32,-3.52,-3.33,-3.37666666666667
"270-2019-1-934",2021,2019,2.5,"dmp","not_detected",0,0,25.91,-1.8125,-3.27666666666667,-0.343333333333333,-0.893333333333333,-3.17
"270-2019-1-934",2022,2019,3.5,"dmp","not_detected",0,0,16.82,-1.96083333333333,-3.23,-2.95666666666667,0.08,-2.33
"270-2019-1-935",2019,2019,0.5,"dmp","Captured",1,1,23.86,-1.40833333333333,-0.516666666666667,-1.77,-2.95333333333333,1.45
"270-2019-1-935",2020,2019,1.5,"dmp","not_detected",0,0,40.91,-3.4025,-3.32,-3.52,-3.33,-3.37666666666667
"270-2019-1-935",2021,2019,2.5,"dmp","not_detected",0,0,25.91,-1.8125,-3.27666666666667,-0.343333333333333,-0.893333333333333,-3.17
"270-2019-1-935",2022,2019,3.5,"dmp","not_detected",0,0,16.82,-1.96083333333333,-3.23,-2.95666666666667,0.08,-2.33
"270-2019-1-938",2019,2019,0.5,"dmp","Captured",1,1,23.86,-1.40833333333333,-0.516666666666667,-1.77,-2.95333333333333,1.45
"270-2019-1-938",2020,2019,1.5,"dmp","not_detected",0,0,40.91,-3.4025,-3.32,-3.52,-3.33,-3.37666666666667
"270-2019-1-938",2021,2019,2.5,"dmp","not_detected",0,0,25.91,-1.8125,-3.27666666666667,-0.343333333333333,-0.893333333333333,-3.17
"270-2019-1-938",2022,2019,3.5,"dmp","not_detected",0,0,16.82,-1.96083333333333,-3.23,-2.95666666666667,0.08,-2.33
"270-2019-1-940",2019,2019,0.5,"dmp","Captured",1,1,23.86,-1.40833333333333,-0.516666666666667,-1.77,-2.95333333333333,1.45
"270-2019-1-940",2020,2019,1.5,"dmp","Captured",1,1,40.91,-3.4025,-3.32,-3.52,-3.33,-3.37666666666667
"270-2019-1-940",2021,2019,2.5,"dmp","Captured",1,1,25.91,-1.8125,-3.27666666666667,-0.343333333333333,-0.893333333333333,-3.17
"270-2019-1-940",2022,2019,3.5,"dmp","Captured",1,1,16.82,-1.96083333333333,-3.23,-2.95666666666667,0.08,-2.33
"270-2019-1-941",2019,2019,0.5,"dmp","Captured",1,1,23.86,-1.40833333333333,-0.516666666666667,-1.77,-2.95333333333333,1.45
"270-2019-1-941",2020,2019,1.5,"dmp","not_detected",0,0,40.91,-3.4025,-3.32,-3.52,-3.33,-3.37666666666667
"270-2019-1-941",2021,2019,2.5,"dmp","not_detected",0,0,25.91,-1.8125,-3.27666666666667,-0.343333333333333,-0.893333333333333,-3.17
"270-2019-1-941",2022,2019,3.5,"dmp","not_detected",0,0,16.82,-1.96083333333333,-3.23,-2.95666666666667,0.08,-2.33
"270-2020-0-2093",2020,2020,0.5,"wy","Captured",1,1,40.91,-3.4025,-3.32,-3.52,-3.33,-3.37666666666667
"270-2020-0-2093",2021,2020,1.5,"wy","not_detected",0,0,25.91,-1.8125,-3.27666666666667,-0.343333333333333,-0.893333333333333,-3.17
"270-2020-0-2093",2022,2020,2.5,"wy","not_detected",0,0,16.82,-1.96083333333333,-3.23,-2.95666666666667,0.08,-2.33
"270-2020-0-2094",2020,2020,0.5,"wy","Captured",1,1,40.91,-3.4025,-3.32,-3.52,-3.33,-3.37666666666667
"270-2020-0-2094",2021,2020,1.5,"wy","not_detected",0,0,25.91,-1.8125,-3.27666666666667,-0.343333333333333,-0.893333333333333,-3.17
"270-2020-0-2094",2022,2020,2.5,"wy","not_detected",0,0,16.82,-1.96083333333333,-3.23,-2.95666666666667,0.08,-2.33
"270-2020-0-2095",2020,2020,0.5,"wy","Captured",1,1,40.91,-3.4025,-3.32,-3.52,-3.33,-3.37666666666667
"270-2020-0-2095",2021,2020,1.5,"wy","Captured",1,1,25.91,-1.8125,-3.27666666666667,-0.343333333333333,-0.893333333333333,-3.17
"270-2020-0-2095",2022,2020,2.5,"wy","Captured",1,1,16.82,-1.96083333333333,-3.23,-2.95666666666667,0.08,-2.33
"270-2020-1-2001",2020,2020,0.5,"dmp","Captured",1,1,40.91,-3.4025,-3.32,-3.52,-3.33,-3.37666666666667
"270-2020-1-2001",2021,2020,1.5,"dmp","Captured",1,1,25.91,-1.8125,-3.27666666666667,-0.343333333333333,-0.893333333333333,-3.17
"270-2020-1-2001",2022,2020,2.5,"dmp","Captured",1,1,16.82,-1.96083333333333,-3.23,-2.95666666666667,0.08,-2.33
"270-2020-1-2003",2020,2020,0.5,"dmp","Captured",1,1,40.91,-3.4025,-3.32,-3.52,-3.33,-3.37666666666667
"270-2020-1-2003",2021,2020,1.5,"dmp","not_detected",0,0,25.91,-1.8125,-3.27666666666667,-0.343333333333333,-0.893333333333333,-3.17
"270-2020-1-2003",2022,2020,2.5,"dmp","not_detected",0,0,16.82,-1.96083333333333,-3.23,-2.95666666666667,0.08,-2.33
"270-2020-1-2004",2020,2020,0.5,"dmp","Captured",1,1,40.91,-3.4025,-3.32,-3.52,-3.33,-3.37666666666667
"270-2020-1-2004",2021,2020,1.5,"dmp","not_detected",0,0,25.91,-1.8125,-3.27666666666667,-0.343333333333333,-0.893333333333333,-3.17
"270-2020-1-2004",2022,2020,2.5,"dmp","not_detected",0,0,16.82,-1.96083333333333,-3.23,-2.95666666666667,0.08,-2.33
"270-2020-1-2007",2020,2020,0.5,"dmp","Captured",1,1,40.91,-3.4025,-3.32,-3.52,-3.33,-3.37666666666667
"270-2020-1-2007",2021,2020,1.5,"dmp","not_detected",0,0,25.91,-1.8125,-3.27666666666667,-0.343333333333333,-0.893333333333333,-3.17
"270-2020-1-2007",2022,2020,2.5,"dmp","not_detected",0,0,16.82,-1.96083333333333,-3.23,-2.95666666666667,0.08,-2.33
"270-2020-1-2008",2020,2020,0.5,"dmp","Captured",1,1,40.91,-3.4025,-3.32,-3.52,-3.33,-3.37666666666667
"270-2020-1-2008",2021,2020,1.5,"dmp","not_detected",0,0,25.91,-1.8125,-3.27666666666667,-0.343333333333333,-0.893333333333333,-3.17
"270-2020-1-2008",2022,2020,2.5,"dmp","not_detected",0,0,16.82,-1.96083333333333,-3.23,-2.95666666666667,0.08,-2.33
"270-2020-1-2009",2020,2020,0.5,"dmp","Captured",1,1,40.91,-3.4025,-3.32,-3.52,-3.33,-3.37666666666667
"270-2020-1-2009",2021,2020,1.5,"dmp","Captured",1,1,25.91,-1.8125,-3.27666666666667,-0.343333333333333,-0.893333333333333,-3.17
"270-2020-1-2009",2022,2020,2.5,"dmp","Captured",1,1,16.82,-1.96083333333333,-3.23,-2.95666666666667,0.08,-2.33
"270-2020-1-2010",2020,2020,0.5,"dmp","Captured",1,1,40.91,-3.4025,-3.32,-3.52,-3.33,-3.37666666666667
"270-2020-1-2010",2021,2020,1.5,"dmp","not_detected",0,0,25.91,-1.8125,-3.27666666666667,-0.343333333333333,-0.893333333333333,-3.17
"270-2020-1-2010",2022,2020,2.5,"dmp","not_detected",0,0,16.82,-1.96083333333333,-3.23,-2.95666666666667,0.08,-2.33
"270-2020-1-2011",2020,2020,0.5,"dmp","Captured",1,1,40.91,-3.4025,-3.32,-3.52,-3.33,-3.37666666666667
"270-2020-1-2011",2021,2020,1.5,"dmp","Captured",1,1,25.91,-1.8125,-3.27666666666667,-0.343333333333333,-0.893333333333333,-3.17
"270-2020-1-2011",2022,2020,2.5,"dmp","Captured",1,1,16.82,-1.96083333333333,-3.23,-2.95666666666667,0.08,-2.33
"270-2020-1-2013",2020,2020,0.5,"dmp","Captured",1,1,40.91,-3.4025,-3.32,-3.52,-3.33,-3.37666666666667
"270-2020-1-2013",2021,2020,1.5,"dmp","not_detected",0,0,25.91,-1.8125,-3.27666666666667,-0.343333333333333,-0.893333333333333,-3.17
"270-2020-1-2013",2022,2020,2.5,"dmp","not_detected",0,0,16.82,-1.96083333333333,-3.23,-2.95666666666667,0.08,-2.33
"270-2020-1-2014",2020,2020,0.5,"dmp","Captured",1,1,40.91,-3.4025,-3.32,-3.52,-3.33,-3.37666666666667
"270-2020-1-2014",2021,2020,1.5,"dmp","not_detected",0,0,25.91,-1.8125,-3.27666666666667,-0.343333333333333,-0.893333333333333,-3.17
"270-2020-1-2014",2022,2020,2.5,"dmp","not_detected",0,0,16.82,-1.96083333333333,-3.23,-2.95666666666667,0.08,-2.33
"270-2020-1-2020",2020,2020,0.5,"dmp","Captured",1,1,40.91,-3.4025,-3.32,-3.52,-3.33,-3.37666666666667
"270-2020-1-2020",2021,2020,1.5,"dmp","Captured",1,1,25.91,-1.8125,-3.27666666666667,-0.343333333333333,-0.893333333333333,-3.17
"270-2020-1-2020",2022,2020,2.5,"dmp","Captured",1,1,16.82,-1.96083333333333,-3.23,-2.95666666666667,0.08,-2.33
"270-2020-1-2027",2020,2020,0.5,"dmp","Captured",1,1,40.91,-3.4025,-3.32,-3.52,-3.33,-3.37666666666667
"270-2020-1-2027",2021,2020,1.5,"dmp","Captured",1,1,25.91,-1.8125,-3.27666666666667,-0.343333333333333,-0.893333333333333,-3.17
"270-2020-1-2027",2022,2020,2.5,"dmp","Captured",1,1,16.82,-1.96083333333333,-3.23,-2.95666666666667,0.08,-2.33
"270-2020-1-2028",2020,2020,0.5,"dmp","Captured",1,1,40.91,-3.4025,-3.32,-3.52,-3.33,-3.37666666666667
"270-2020-1-2028",2021,2020,1.5,"dmp","Captured",1,1,25.91,-1.8125,-3.27666666666667,-0.343333333333333,-0.893333333333333,-3.17
"270-2020-1-2028",2022,2020,2.5,"dmp","Captured",1,1,16.82,-1.96083333333333,-3.23,-2.95666666666667,0.08,-2.33
"270-2020-1-2031",2020,2020,0.5,"dmp","Captured",1,1,40.91,-3.4025,-3.32,-3.52,-3.33,-3.37666666666667
"270-2020-1-2031",2021,2020,1.5,"dmp","not_detected",0,0,25.91,-1.8125,-3.27666666666667,-0.343333333333333,-0.893333333333333,-3.17
"270-2020-1-2031",2022,2020,2.5,"dmp","not_detected",0,0,16.82,-1.96083333333333,-3.23,-2.95666666666667,0.08,-2.33
"270-2020-1-2034",2020,2020,0.5,"dmp","Captured",1,1,40.91,-3.4025,-3.32,-3.52,-3.33,-3.37666666666667
"270-2020-1-2034",2021,2020,1.5,"dmp","Captured",1,1,25.91,-1.8125,-3.27666666666667,-0.343333333333333,-0.893333333333333,-3.17
"270-2020-1-2034",2022,2020,2.5,"dmp","Captured",1,1,16.82,-1.96083333333333,-3.23,-2.95666666666667,0.08,-2.33
"270-2020-1-2037",2020,2020,0.5,"dmp","Captured",1,1,40.91,-3.4025,-3.32,-3.52,-3.33,-3.37666666666667
"270-2020-1-2037",2021,2020,1.5,"dmp","not_detected",0,0,25.91,-1.8125,-3.27666666666667,-0.343333333333333,-0.893333333333333,-3.17
"270-2020-1-2037",2022,2020,2.5,"dmp","not_detected",0,0,16.82,-1.96083333333333,-3.23,-2.95666666666667,0.08,-2.33
"270-2020-1-2038",2020,2020,0.5,"dmp","Captured",1,1,40.91,-3.4025,-3.32,-3.52,-3.33,-3.37666666666667
"270-2020-1-2038",2021,2020,1.5,"dmp","not_detected",0,0,25.91,-1.8125,-3.27666666666667,-0.343333333333333,-0.893333333333333,-3.17
"270-2020-1-2038",2022,2020,2.5,"dmp","not_detected",0,0,16.82,-1.96083333333333,-3.23,-2.95666666666667,0.08,-2.33
"270-2020-1-2039",2020,2020,0.5,"dmp","Captured",1,1,40.91,-3.4025,-3.32,-3.52,-3.33,-3.37666666666667
"270-2020-1-2039",2021,2020,1.5,"dmp","Alive-Cuddy",1,0,25.91,-1.8125,-3.27666666666667,-0.343333333333333,-0.893333333333333,-3.17
"270-2020-1-2039",2022,2020,2.5,"dmp","Captured",1,1,16.82,-1.96083333333333,-3.23,-2.95666666666667,0.08,-2.33
"270-2020-1-2040",2020,2020,0.5,"dmp","Captured",1,1,40.91,-3.4025,-3.32,-3.52,-3.33,-3.37666666666667
"270-2020-1-2040",2021,2020,1.5,"dmp","Alive-Cuddy",1,0,25.91,-1.8125,-3.27666666666667,-0.343333333333333,-0.893333333333333,-3.17
"270-2020-1-2040",2022,2020,2.5,"dmp","Captured",1,1,16.82,-1.96083333333333,-3.23,-2.95666666666667,0.08,-2.33
"270-2020-1-2041",2020,2020,0.5,"dmp","Captured",1,1,40.91,-3.4025,-3.32,-3.52,-3.33,-3.37666666666667
"270-2020-1-2041",2021,2020,1.5,"dmp","Captured",1,1,25.91,-1.8125,-3.27666666666667,-0.343333333333333,-0.893333333333333,-3.17
"270-2020-1-2041",2022,2020,2.5,"dmp","Captured",1,1,16.82,-1.96083333333333,-3.23,-2.95666666666667,0.08,-2.33
"270-2021-0-2169",2021,2021,0.5,"wy","Captured",1,1,25.91,-1.8125,-3.27666666666667,-0.343333333333333,-0.893333333333333,-3.17
"270-2021-0-2169",2022,2021,1.5,"wy","Captured",1,1,16.82,-1.96083333333333,-3.23,-2.95666666666667,0.08,-2.33
"270-2021-0-2171",2021,2021,0.5,"wy","Captured",1,1,25.91,-1.8125,-3.27666666666667,-0.343333333333333,-0.893333333333333,-3.17
"270-2021-0-2171",2022,2021,1.5,"wy","not_detected",0,0,16.82,-1.96083333333333,-3.23,-2.95666666666667,0.08,-2.33
"270-2021-0-2172",2021,2021,0.5,"wy","Captured",1,1,25.91,-1.8125,-3.27666666666667,-0.343333333333333,-0.893333333333333,-3.17
"270-2021-0-2172",2022,2021,1.5,"wy","not_detected",0,0,16.82,-1.96083333333333,-3.23,-2.95666666666667,0.08,-2.33
"270-2021-1-2102",2021,2021,0.5,"dmp","Captured",1,1,25.91,-1.8125,-3.27666666666667,-0.343333333333333,-0.893333333333333,-3.17
"270-2021-1-2102",2022,2021,1.5,"dmp","not_detected",0,0,16.82,-1.96083333333333,-3.23,-2.95666666666667,0.08,-2.33
"270-2021-1-2106",2021,2021,0.5,"dmp","Captured",1,1,25.91,-1.8125,-3.27666666666667,-0.343333333333333,-0.893333333333333,-3.17
"270-2021-1-2106",2022,2021,1.5,"dmp","not_detected",0,0,16.82,-1.96083333333333,-3.23,-2.95666666666667,0.08,-2.33
"270-2021-1-2109",2021,2021,0.5,"dmp","Captured",1,1,25.91,-1.8125,-3.27666666666667,-0.343333333333333,-0.893333333333333,-3.17
"270-2021-1-2109",2022,2021,1.5,"dmp","not_detected",0,0,16.82,-1.96083333333333,-3.23,-2.95666666666667,0.08,-2.33
"270-2021-1-2113",2021,2021,0.5,"dmp","Captured",1,1,25.91,-1.8125,-3.27666666666667,-0.343333333333333,-0.893333333333333,-3.17
"270-2021-1-2113",2022,2021,1.5,"dmp","not_detected",0,0,16.82,-1.96083333333333,-3.23,-2.95666666666667,0.08,-2.33
"270-2021-1-2121",2021,2021,0.5,"dmp","Captured",1,1,25.91,-1.8125,-3.27666666666667,-0.343333333333333,-0.893333333333333,-3.17
"270-2021-1-2121",2022,2021,1.5,"dmp","not_detected",0,0,16.82,-1.96083333333333,-3.23,-2.95666666666667,0.08,-2.33
"270-2021-1-2124",2021,2021,0.5,"dmp","Captured",1,1,25.91,-1.8125,-3.27666666666667,-0.343333333333333,-0.893333333333333,-3.17
"270-2021-1-2124",2022,2021,1.5,"dmp","not_detected",0,0,16.82,-1.96083333333333,-3.23,-2.95666666666667,0.08,-2.33
"270-2021-1-2125",2021,2021,0.5,"dmp","Captured",1,1,25.91,-1.8125,-3.27666666666667,-0.343333333333333,-0.893333333333333,-3.17
"270-2021-1-2125",2022,2021,1.5,"dmp","not_detected",0,0,16.82,-1.96083333333333,-3.23,-2.95666666666667,0.08,-2.33
"270-2021-1-2126",2021,2021,0.5,"dmp","Captured",1,1,25.91,-1.8125,-3.27666666666667,-0.343333333333333,-0.893333333333333,-3.17
"270-2021-1-2126",2022,2021,1.5,"dmp","Captured",1,1,16.82,-1.96083333333333,-3.23,-2.95666666666667,0.08,-2.33
"270-2021-1-2127",2021,2021,0.5,"dmp","Captured",1,1,25.91,-1.8125,-3.27666666666667,-0.343333333333333,-0.893333333333333,-3.17
"270-2021-1-2127",2022,2021,1.5,"dmp","not_detected",0,0,16.82,-1.96083333333333,-3.23,-2.95666666666667,0.08,-2.33
"270-2021-1-2129",2021,2021,0.5,"dmp","Captured",1,1,25.91,-1.8125,-3.27666666666667,-0.343333333333333,-0.893333333333333,-3.17
"270-2021-1-2129",2022,2021,1.5,"dmp","not_detected",0,0,16.82,-1.96083333333333,-3.23,-2.95666666666667,0.08,-2.33
"270-2021-1-2130",2021,2021,0.5,"dmp","Captured",1,1,25.91,-1.8125,-3.27666666666667,-0.343333333333333,-0.893333333333333,-3.17
"270-2021-1-2130",2022,2021,1.5,"dmp","Captured",1,1,16.82,-1.96083333333333,-3.23,-2.95666666666667,0.08,-2.33
"270-2021-1-2131",2021,2021,0.5,"dmp","Captured",1,1,25.91,-1.8125,-3.27666666666667,-0.343333333333333,-0.893333333333333,-3.17
"270-2021-1-2131",2022,2021,1.5,"dmp","not_detected",0,0,16.82,-1.96083333333333,-3.23,-2.95666666666667,0.08,-2.33
"270-2021-1-2133",2021,2021,0.5,"dmp","Captured",1,1,25.91,-1.8125,-3.27666666666667,-0.343333333333333,-0.893333333333333,-3.17
"270-2021-1-2133",2022,2021,1.5,"dmp","not_detected",0,0,16.82,-1.96083333333333,-3.23,-2.95666666666667,0.08,-2.33
"270-2021-1-2136",2021,2021,0.5,"dmp","Captured",1,1,25.91,-1.8125,-3.27666666666667,-0.343333333333333,-0.893333333333333,-3.17
"270-2021-1-2136",2022,2021,1.5,"dmp","not_detected",0,0,16.82,-1.96083333333333,-3.23,-2.95666666666667,0.08,-2.33
"270-2021-1-2137",2021,2021,0.5,"dmp","Captured",1,1,25.91,-1.8125,-3.27666666666667,-0.343333333333333,-0.893333333333333,-3.17
"270-2021-1-2137",2022,2021,1.5,"dmp","not_detected",0,0,16.82,-1.96083333333333,-3.23,-2.95666666666667,0.08,-2.33
"270-2021-1-2139",2021,2021,0.5,"dmp","Captured",1,1,25.91,-1.8125,-3.27666666666667,-0.343333333333333,-0.893333333333333,-3.17
"270-2021-1-2139",2022,2021,1.5,"dmp","not_detected",0,0,16.82,-1.96083333333333,-3.23,-2.95666666666667,0.08,-2.33
"270-2021-1-2141",2021,2021,0.5,"dmp","Captured",1,1,25.91,-1.8125,-3.27666666666667,-0.343333333333333,-0.893333333333333,-3.17
"270-2021-1-2141",2022,2021,1.5,"dmp","not_detected",0,0,16.82,-1.96083333333333,-3.23,-2.95666666666667,0.08,-2.33
"270-2021-1-2142",2021,2021,0.5,"dmp","Captured",1,1,25.91,-1.8125,-3.27666666666667,-0.343333333333333,-0.893333333333333,-3.17
"270-2021-1-2142",2022,2021,1.5,"dmp","not_detected",0,0,16.82,-1.96083333333333,-3.23,-2.95666666666667,0.08,-2.33
"270-2022-0-182",2022,2022,0.5,"wy","Captured",1,1,16.82,-1.96083333333333,-3.23,-2.95666666666667,0.08,-2.33
"270-2022-0-183",2022,2022,0.5,"wy","Captured",1,1,16.82,-1.96083333333333,-3.23,-2.95666666666667,0.08,-2.33
"270-2022-0-184",2022,2022,0.5,"wy","Captured",1,1,16.82,-1.96083333333333,-3.23,-2.95666666666667,0.08,-2.33
"270-2022-0-185",2022,2022,0.5,"wy","Captured",1,1,16.82,-1.96083333333333,-3.23,-2.95666666666667,0.08,-2.33
"270-2022-1-103",2022,2022,0.5,"dmp","Captured",1,1,16.82,-1.96083333333333,-3.23,-2.95666666666667,0.08,-2.33
"270-2022-1-105",2022,2022,0.5,"dmp","Captured",1,1,16.82,-1.96083333333333,-3.23,-2.95666666666667,0.08,-2.33
"270-2022-1-106",2022,2022,0.5,"dmp","Captured",1,1,16.82,-1.96083333333333,-3.23,-2.95666666666667,0.08,-2.33
"270-2022-1-109",2022,2022,0.5,"dmp","Captured",1,1,16.82,-1.96083333333333,-3.23,-2.95666666666667,0.08,-2.33
"270-2022-1-110",2022,2022,0.5,"dmp","Captured",1,1,16.82,-1.96083333333333,-3.23,-2.95666666666667,0.08,-2.33
"270-2022-1-113",2022,2022,0.5,"dmp","Captured",1,1,16.82,-1.96083333333333,-3.23,-2.95666666666667,0.08,-2.33
"270-2022-1-115",2022,2022,0.5,"dmp","Captured",1,1,16.82,-1.96083333333333,-3.23,-2.95666666666667,0.08,-2.33
"270-2022-1-116",2022,2022,0.5,"dmp","Captured",1,1,16.82,-1.96083333333333,-3.23,-2.95666666666667,0.08,-2.33
"270-2022-1-126",2022,2022,0.5,"dmp","Captured",1,1,16.82,-1.96083333333333,-3.23,-2.95666666666667,0.08,-2.33
"270-2022-1-134",2022,2022,0.5,"dmp","Captured",1,1,16.82,-1.96083333333333,-3.23,-2.95666666666667,0.08,-2.33
"270-2022-1-138",2022,2022,0.5,"dmp","Captured",1,1,16.82,-1.96083333333333,-3.23,-2.95666666666667,0.08,-2.33
"270-2022-1-139",2022,2022,0.5,"dmp","Captured",1,1,16.82,-1.96083333333333,-3.23,-2.95666666666667,0.08,-2.33
"270-2022-1-140",2022,2022,0.5,"dmp","Captured",1,1,16.82,-1.96083333333333,-3.23,-2.95666666666667,0.08,-2.33
"270-2022-1-141",2022,2022,0.5,"dmp","Captured",1,1,16.82,-1.96083333333333,-3.23,-2.95666666666667,0.08,-2.33
"270-2022-1-142",2022,2022,0.5,"dmp","Captured",1,1,16.82,-1.96083333333333,-3.23,-2.95666666666667,0.08,-2.33
"90-2007-0-016",2007,2007,0.5,"ey","Captured",1,1,27.5,3.04,1.62333333333333,6,4.53666666666667,-1.56666666666667
"90-2007-0-016",2008,2007,1.5,"ey","Captured",1,1,21.14,-2.125,-2.54666666666667,-2.20666666666667,-2.32666666666667,0.0366666666666666
"90-2007-0-016",2009,2007,2.5,"ey","Captured",1,1,28.86,-3.89916666666667,-3.96,-5.08666666666667,-3.69666666666667,-3.27
"90-2007-0-016",2010,2007,3.5,"ey","not_detected",0,0,23.18,1.1,2.23,1.45666666666667,0.513333333333333,0.123333333333333
"90-2007-0-016",2011,2007,4.5,"ey","Captured",1,1,38.64,-3.3625,-3.19333333333333,-4.41333333333333,-4.20666666666667,-1.53333333333333
"90-2007-0-016",2012,2007,5.5,"ey","not_detected",0,0,31.36,-0.763333333333333,1.29,-0.876666666666667,-1.53333333333333,-1.67333333333333
"90-2007-0-016",2013,2007,6.5,"ey","not_detected",0,0,27.05,-1.95083333333333,-3.10666666666667,-2.17666666666667,-1.04333333333333,-2.49333333333333
"90-2007-0-016",2014,2007,7.5,"ey","not_detected",0,0,38.18,-1.2175,-0.98,-2.16333333333333,-1.51333333333333,0.00666666666666666
"90-2007-0-016",2015,2007,8.5,"ey","not_detected",0,0,45.45,1.83166666666667,2.94333333333333,3.56666666666667,0.42,0.223333333333333
"90-2007-0-016",2016,2007,9.5,"ey","not_detected",0,0,22.27,-0.574166666666667,-0.553333333333333,-0.816666666666667,-0.986666666666667,-0.183333333333333
"90-2007-0-016",2017,2007,10.5,"ey","not_detected",0,0,15.68,-0.921666666666667,-0.983333333333333,-1.73,-0.536666666666667,-0.11
"90-2007-0-016",2018,2007,11.5,"ey","not_detected",0,0,15.91,-0.465,-1.89,-2.77666666666667,2.41333333333333,-0.356666666666667
"90-2007-0-016",2019,2007,12.5,"ey","not_detected",0,0,19.32,-1.40833333333333,-0.516666666666667,-1.77,-2.95333333333333,1.45
"90-2007-0-016",2020,2007,13.5,"ey","not_detected",0,0,19.09,-3.4025,-3.32,-3.52,-3.33,-3.37666666666667
"90-2007-0-016",2021,2007,14.5,"ey","not_detected",0,0,21.14,-1.8125,-3.27666666666667,-0.343333333333333,-0.893333333333333,-3.17
"90-2007-0-016",2022,2007,15.5,"ey","not_detected",0,0,16.36,-1.96083333333333,-3.23,-2.95666666666667,0.08,-2.33
"90-2007-0-017",2007,2007,0.5,"ey","Captured",1,1,27.5,3.04,1.62333333333333,6,4.53666666666667,-1.56666666666667
"90-2007-0-017",2008,2007,1.5,"ey","not_detected",0,0,21.14,-2.125,-2.54666666666667,-2.20666666666667,-2.32666666666667,0.0366666666666666
"90-2007-0-017",2009,2007,2.5,"ey","not_detected",0,0,28.86,-3.89916666666667,-3.96,-5.08666666666667,-3.69666666666667,-3.27
"90-2007-0-017",2010,2007,3.5,"ey","not_detected",0,0,23.18,1.1,2.23,1.45666666666667,0.513333333333333,0.123333333333333
"90-2007-0-017",2011,2007,4.5,"ey","not_detected",0,0,38.64,-3.3625,-3.19333333333333,-4.41333333333333,-4.20666666666667,-1.53333333333333
"90-2007-0-017",2012,2007,5.5,"ey","not_detected",0,0,31.36,-0.763333333333333,1.29,-0.876666666666667,-1.53333333333333,-1.67333333333333
"90-2007-0-017",2013,2007,6.5,"ey","not_detected",0,0,27.05,-1.95083333333333,-3.10666666666667,-2.17666666666667,-1.04333333333333,-2.49333333333333
"90-2007-0-017",2014,2007,7.5,"ey","not_detected",0,0,38.18,-1.2175,-0.98,-2.16333333333333,-1.51333333333333,0.00666666666666666
"90-2007-0-017",2015,2007,8.5,"ey","not_detected",0,0,45.45,1.83166666666667,2.94333333333333,3.56666666666667,0.42,0.223333333333333
"90-2007-0-017",2016,2007,9.5,"ey","not_detected",0,0,22.27,-0.574166666666667,-0.553333333333333,-0.816666666666667,-0.986666666666667,-0.183333333333333
"90-2007-0-017",2017,2007,10.5,"ey","not_detected",0,0,15.68,-0.921666666666667,-0.983333333333333,-1.73,-0.536666666666667,-0.11
"90-2007-0-017",2018,2007,11.5,"ey","not_detected",0,0,15.91,-0.465,-1.89,-2.77666666666667,2.41333333333333,-0.356666666666667
"90-2007-0-017",2019,2007,12.5,"ey","not_detected",0,0,19.32,-1.40833333333333,-0.516666666666667,-1.77,-2.95333333333333,1.45
"90-2007-0-017",2020,2007,13.5,"ey","not_detected",0,0,19.09,-3.4025,-3.32,-3.52,-3.33,-3.37666666666667
"90-2007-0-017",2021,2007,14.5,"ey","not_detected",0,0,21.14,-1.8125,-3.27666666666667,-0.343333333333333,-0.893333333333333,-3.17
"90-2007-0-017",2022,2007,15.5,"ey","not_detected",0,0,16.36,-1.96083333333333,-3.23,-2.95666666666667,0.08,-2.33
"90-2007-0-019",2007,2007,0.5,"ey","Captured",1,1,27.5,3.04,1.62333333333333,6,4.53666666666667,-1.56666666666667
"90-2007-0-019",2008,2007,1.5,"ey","Captured",1,1,21.14,-2.125,-2.54666666666667,-2.20666666666667,-2.32666666666667,0.0366666666666666
"90-2007-0-019",2009,2007,2.5,"ey","Alive-Cuddy",1,0,28.86,-3.89916666666667,-3.96,-5.08666666666667,-3.69666666666667,-3.27
"90-2007-0-019",2010,2007,3.5,"ey","Alive-Cuddy",1,0,23.18,1.1,2.23,1.45666666666667,0.513333333333333,0.123333333333333
"90-2007-0-019",2011,2007,4.5,"ey","Alive-Cuddy",1,0,38.64,-3.3625,-3.19333333333333,-4.41333333333333,-4.20666666666667,-1.53333333333333
"90-2007-0-019",2012,2007,5.5,"ey","Captured",1,1,31.36,-0.763333333333333,1.29,-0.876666666666667,-1.53333333333333,-1.67333333333333
"90-2007-0-019",2013,2007,6.5,"ey","Captured",1,1,27.05,-1.95083333333333,-3.10666666666667,-2.17666666666667,-1.04333333333333,-2.49333333333333
"90-2007-0-019",2014,2007,7.5,"ey","Captured",1,1,38.18,-1.2175,-0.98,-2.16333333333333,-1.51333333333333,0.00666666666666666
"90-2007-0-019",2015,2007,8.5,"ey","Captured",1,1,45.45,1.83166666666667,2.94333333333333,3.56666666666667,0.42,0.223333333333333
"90-2007-0-019",2016,2007,9.5,"ey","Captured",1,1,22.27,-0.574166666666667,-0.553333333333333,-0.816666666666667,-0.986666666666667,-0.183333333333333
"90-2007-0-019",2017,2007,10.5,"ey","not_detected",0,0,15.68,-0.921666666666667,-0.983333333333333,-1.73,-0.536666666666667,-0.11
"90-2007-0-019",2018,2007,11.5,"ey","not_detected",0,0,15.91,-0.465,-1.89,-2.77666666666667,2.41333333333333,-0.356666666666667
"90-2007-0-019",2019,2007,12.5,"ey","not_detected",0,0,19.32,-1.40833333333333,-0.516666666666667,-1.77,-2.95333333333333,1.45
"90-2007-0-019",2020,2007,13.5,"ey","not_detected",0,0,19.09,-3.4025,-3.32,-3.52,-3.33,-3.37666666666667
"90-2007-0-019",2021,2007,14.5,"ey","not_detected",0,0,21.14,-1.8125,-3.27666666666667,-0.343333333333333,-0.893333333333333,-3.17
"90-2007-0-019",2022,2007,15.5,"ey","not_detected",0,0,16.36,-1.96083333333333,-3.23,-2.95666666666667,0.08,-2.33
"90-2007-0-024",2007,2007,0.5,"ey","Captured",1,1,27.5,3.04,1.62333333333333,6,4.53666666666667,-1.56666666666667
"90-2007-0-024",2008,2007,1.5,"ey","Captured",1,1,21.14,-2.125,-2.54666666666667,-2.20666666666667,-2.32666666666667,0.0366666666666666
"90-2007-0-024",2009,2007,2.5,"ey","Captured",1,1,28.86,-3.89916666666667,-3.96,-5.08666666666667,-3.69666666666667,-3.27
"90-2007-0-024",2010,2007,3.5,"ey","Alive-Cuddy",1,0,23.18,1.1,2.23,1.45666666666667,0.513333333333333,0.123333333333333
"90-2007-0-024",2011,2007,4.5,"ey","Captured",1,1,38.64,-3.3625,-3.19333333333333,-4.41333333333333,-4.20666666666667,-1.53333333333333
"90-2007-0-024",2012,2007,5.5,"ey","Captured",1,1,31.36,-0.763333333333333,1.29,-0.876666666666667,-1.53333333333333,-1.67333333333333
"90-2007-0-024",2013,2007,6.5,"ey","Captured",1,1,27.05,-1.95083333333333,-3.10666666666667,-2.17666666666667,-1.04333333333333,-2.49333333333333
"90-2007-0-024",2014,2007,7.5,"ey","Alive-Cuddy",1,0,38.18,-1.2175,-0.98,-2.16333333333333,-1.51333333333333,0.00666666666666666
"90-2007-0-024",2015,2007,8.5,"ey","Alive-Cuddy",1,0,45.45,1.83166666666667,2.94333333333333,3.56666666666667,0.42,0.223333333333333
"90-2007-0-024",2016,2007,9.5,"ey","not_detected",0,0,22.27,-0.574166666666667,-0.553333333333333,-0.816666666666667,-0.986666666666667,-0.183333333333333
"90-2007-0-024",2017,2007,10.5,"ey","not_detected",0,0,15.68,-0.921666666666667,-0.983333333333333,-1.73,-0.536666666666667,-0.11
"90-2007-0-024",2018,2007,11.5,"ey","not_detected",0,0,15.91,-0.465,-1.89,-2.77666666666667,2.41333333333333,-0.356666666666667
"90-2007-0-024",2019,2007,12.5,"ey","not_detected",0,0,19.32,-1.40833333333333,-0.516666666666667,-1.77,-2.95333333333333,1.45
"90-2007-0-024",2020,2007,13.5,"ey","not_detected",0,0,19.09,-3.4025,-3.32,-3.52,-3.33,-3.37666666666667
"90-2007-0-024",2021,2007,14.5,"ey","not_detected",0,0,21.14,-1.8125,-3.27666666666667,-0.343333333333333,-0.893333333333333,-3.17
"90-2007-0-024",2022,2007,15.5,"ey","not_detected",0,0,16.36,-1.96083333333333,-3.23,-2.95666666666667,0.08,-2.33
"90-2007-0-027",2007,2007,0.5,"ey","Captured",1,1,27.5,3.04,1.62333333333333,6,4.53666666666667,-1.56666666666667
"90-2007-0-027",2008,2007,1.5,"ey","Alive-Cuddy",1,0,21.14,-2.125,-2.54666666666667,-2.20666666666667,-2.32666666666667,0.0366666666666666
"90-2007-0-027",2009,2007,2.5,"ey","Alive-Cuddy",1,0,28.86,-3.89916666666667,-3.96,-5.08666666666667,-3.69666666666667,-3.27
"90-2007-0-027",2010,2007,3.5,"ey","Alive-Cuddy",1,0,23.18,1.1,2.23,1.45666666666667,0.513333333333333,0.123333333333333
"90-2007-0-027",2011,2007,4.5,"ey","Alive-Cuddy",1,0,38.64,-3.3625,-3.19333333333333,-4.41333333333333,-4.20666666666667,-1.53333333333333
"90-2007-0-027",2012,2007,5.5,"ey","Alive-Cuddy",1,0,31.36,-0.763333333333333,1.29,-0.876666666666667,-1.53333333333333,-1.67333333333333
"90-2007-0-027",2013,2007,6.5,"ey","Harvested",2,2,27.05,-1.95083333333333,-3.10666666666667,-2.17666666666667,-1.04333333333333,-2.49333333333333
"90-2007-0-027",2014,2007,7.5,"ey","not_detected",0,0,38.18,-1.2175,-0.98,-2.16333333333333,-1.51333333333333,0.00666666666666666
"90-2007-0-027",2015,2007,8.5,"ey","not_detected",0,0,45.45,1.83166666666667,2.94333333333333,3.56666666666667,0.42,0.223333333333333
"90-2007-0-027",2016,2007,9.5,"ey","not_detected",0,0,22.27,-0.574166666666667,-0.553333333333333,-0.816666666666667,-0.986666666666667,-0.183333333333333
"90-2007-0-027",2017,2007,10.5,"ey","not_detected",0,0,15.68,-0.921666666666667,-0.983333333333333,-1.73,-0.536666666666667,-0.11
"90-2007-0-027",2018,2007,11.5,"ey","not_detected",0,0,15.91,-0.465,-1.89,-2.77666666666667,2.41333333333333,-0.356666666666667
"90-2007-0-027",2019,2007,12.5,"ey","not_detected",0,0,19.32,-1.40833333333333,-0.516666666666667,-1.77,-2.95333333333333,1.45
"90-2007-0-027",2020,2007,13.5,"ey","not_detected",0,0,19.09,-3.4025,-3.32,-3.52,-3.33,-3.37666666666667
"90-2007-0-027",2021,2007,14.5,"ey","not_detected",0,0,21.14,-1.8125,-3.27666666666667,-0.343333333333333,-0.893333333333333,-3.17
"90-2007-0-027",2022,2007,15.5,"ey","not_detected",0,0,16.36,-1.96083333333333,-3.23,-2.95666666666667,0.08,-2.33
"90-2007-0-029",2007,2007,0.5,"ey","Captured",1,1,27.5,3.04,1.62333333333333,6,4.53666666666667,-1.56666666666667
"90-2007-0-029",2008,2007,1.5,"ey","Captured",1,1,21.14,-2.125,-2.54666666666667,-2.20666666666667,-2.32666666666667,0.0366666666666666
"90-2007-0-029",2009,2007,2.5,"ey","Captured",1,1,28.86,-3.89916666666667,-3.96,-5.08666666666667,-3.69666666666667,-3.27
"90-2007-0-029",2010,2007,3.5,"ey","Alive-Cuddy",1,0,23.18,1.1,2.23,1.45666666666667,0.513333333333333,0.123333333333333
"90-2007-0-029",2011,2007,4.5,"ey","Captured",1,1,38.64,-3.3625,-3.19333333333333,-4.41333333333333,-4.20666666666667,-1.53333333333333
"90-2007-0-029",2012,2007,5.5,"ey","Captured",1,1,31.36,-0.763333333333333,1.29,-0.876666666666667,-1.53333333333333,-1.67333333333333
"90-2007-0-029",2013,2007,6.5,"ey","Captured",1,1,27.05,-1.95083333333333,-3.10666666666667,-2.17666666666667,-1.04333333333333,-2.49333333333333
"90-2007-0-029",2014,2007,7.5,"ey","Harvested",2,2,38.18,-1.2175,-0.98,-2.16333333333333,-1.51333333333333,0.00666666666666666
"90-2007-0-029",2015,2007,8.5,"ey","not_detected",0,0,45.45,1.83166666666667,2.94333333333333,3.56666666666667,0.42,0.223333333333333
"90-2007-0-029",2016,2007,9.5,"ey","not_detected",0,0,22.27,-0.574166666666667,-0.553333333333333,-0.816666666666667,-0.986666666666667,-0.183333333333333
"90-2007-0-029",2017,2007,10.5,"ey","not_detected",0,0,15.68,-0.921666666666667,-0.983333333333333,-1.73,-0.536666666666667,-0.11
"90-2007-0-029",2018,2007,11.5,"ey","not_detected",0,0,15.91,-0.465,-1.89,-2.77666666666667,2.41333333333333,-0.356666666666667
"90-2007-0-029",2019,2007,12.5,"ey","not_detected",0,0,19.32,-1.40833333333333,-0.516666666666667,-1.77,-2.95333333333333,1.45
"90-2007-0-029",2020,2007,13.5,"ey","not_detected",0,0,19.09,-3.4025,-3.32,-3.52,-3.33,-3.37666666666667
"90-2007-0-029",2021,2007,14.5,"ey","not_detected",0,0,21.14,-1.8125,-3.27666666666667,-0.343333333333333,-0.893333333333333,-3.17
"90-2007-0-029",2022,2007,15.5,"ey","not_detected",0,0,16.36,-1.96083333333333,-3.23,-2.95666666666667,0.08,-2.33
"90-2007-0-031",2007,2007,0.5,"ey","Captured",1,1,27.5,3.04,1.62333333333333,6,4.53666666666667,-1.56666666666667
"90-2007-0-031",2008,2007,1.5,"ey","Captured",1,1,21.14,-2.125,-2.54666666666667,-2.20666666666667,-2.32666666666667,0.0366666666666666
"90-2007-0-031",2009,2007,2.5,"ey","Harvested",2,2,28.86,-3.89916666666667,-3.96,-5.08666666666667,-3.69666666666667,-3.27
"90-2007-0-031",2010,2007,3.5,"ey","not_detected",0,0,23.18,1.1,2.23,1.45666666666667,0.513333333333333,0.123333333333333
"90-2007-0-031",2011,2007,4.5,"ey","not_detected",0,0,38.64,-3.3625,-3.19333333333333,-4.41333333333333,-4.20666666666667,-1.53333333333333
"90-2007-0-031",2012,2007,5.5,"ey","not_detected",0,0,31.36,-0.763333333333333,1.29,-0.876666666666667,-1.53333333333333,-1.67333333333333
"90-2007-0-031",2013,2007,6.5,"ey","not_detected",0,0,27.05,-1.95083333333333,-3.10666666666667,-2.17666666666667,-1.04333333333333,-2.49333333333333
"90-2007-0-031",2014,2007,7.5,"ey","not_detected",0,0,38.18,-1.2175,-0.98,-2.16333333333333,-1.51333333333333,0.00666666666666666
"90-2007-0-031",2015,2007,8.5,"ey","not_detected",0,0,45.45,1.83166666666667,2.94333333333333,3.56666666666667,0.42,0.223333333333333
"90-2007-0-031",2016,2007,9.5,"ey","not_detected",0,0,22.27,-0.574166666666667,-0.553333333333333,-0.816666666666667,-0.986666666666667,-0.183333333333333
"90-2007-0-031",2017,2007,10.5,"ey","not_detected",0,0,15.68,-0.921666666666667,-0.983333333333333,-1.73,-0.536666666666667,-0.11
"90-2007-0-031",2018,2007,11.5,"ey","not_detected",0,0,15.91,-0.465,-1.89,-2.77666666666667,2.41333333333333,-0.356666666666667
"90-2007-0-031",2019,2007,12.5,"ey","not_detected",0,0,19.32,-1.40833333333333,-0.516666666666667,-1.77,-2.95333333333333,1.45
"90-2007-0-031",2020,2007,13.5,"ey","not_detected",0,0,19.09,-3.4025,-3.32,-3.52,-3.33,-3.37666666666667
"90-2007-0-031",2021,2007,14.5,"ey","not_detected",0,0,21.14,-1.8125,-3.27666666666667,-0.343333333333333,-0.893333333333333,-3.17
"90-2007-0-031",2022,2007,15.5,"ey","not_detected",0,0,16.36,-1.96083333333333,-3.23,-2.95666666666667,0.08,-2.33
"90-2007-0-032",2007,2007,0.5,"ey","Captured",1,1,27.5,3.04,1.62333333333333,6,4.53666666666667,-1.56666666666667
"90-2007-0-032",2008,2007,1.5,"ey","Captured",1,1,21.14,-2.125,-2.54666666666667,-2.20666666666667,-2.32666666666667,0.0366666666666666
"90-2007-0-032",2009,2007,2.5,"ey","Captured",1,1,28.86,-3.89916666666667,-3.96,-5.08666666666667,-3.69666666666667,-3.27
"90-2007-0-032",2010,2007,3.5,"ey","not_detected",0,0,23.18,1.1,2.23,1.45666666666667,0.513333333333333,0.123333333333333
"90-2007-0-032",2011,2007,4.5,"ey","not_detected",0,0,38.64,-3.3625,-3.19333333333333,-4.41333333333333,-4.20666666666667,-1.53333333333333
"90-2007-0-032",2012,2007,5.5,"ey","not_detected",0,0,31.36,-0.763333333333333,1.29,-0.876666666666667,-1.53333333333333,-1.67333333333333
"90-2007-0-032",2013,2007,6.5,"ey","not_detected",0,0,27.05,-1.95083333333333,-3.10666666666667,-2.17666666666667,-1.04333333333333,-2.49333333333333
"90-2007-0-032",2014,2007,7.5,"ey","not_detected",0,0,38.18,-1.2175,-0.98,-2.16333333333333,-1.51333333333333,0.00666666666666666
"90-2007-0-032",2015,2007,8.5,"ey","not_detected",0,0,45.45,1.83166666666667,2.94333333333333,3.56666666666667,0.42,0.223333333333333
"90-2007-0-032",2016,2007,9.5,"ey","not_detected",0,0,22.27,-0.574166666666667,-0.553333333333333,-0.816666666666667,-0.986666666666667,-0.183333333333333
"90-2007-0-032",2017,2007,10.5,"ey","not_detected",0,0,15.68,-0.921666666666667,-0.983333333333333,-1.73,-0.536666666666667,-0.11
"90-2007-0-032",2018,2007,11.5,"ey","not_detected",0,0,15.91,-0.465,-1.89,-2.77666666666667,2.41333333333333,-0.356666666666667
"90-2007-0-032",2019,2007,12.5,"ey","not_detected",0,0,19.32,-1.40833333333333,-0.516666666666667,-1.77,-2.95333333333333,1.45
"90-2007-0-032",2020,2007,13.5,"ey","not_detected",0,0,19.09,-3.4025,-3.32,-3.52,-3.33,-3.37666666666667
"90-2007-0-032",2021,2007,14.5,"ey","not_detected",0,0,21.14,-1.8125,-3.27666666666667,-0.343333333333333,-0.893333333333333,-3.17
"90-2007-0-032",2022,2007,15.5,"ey","not_detected",0,0,16.36,-1.96083333333333,-3.23,-2.95666666666667,0.08,-2.33
"90-2007-0-033",2007,2007,0.5,"ey","Captured",1,1,27.5,3.04,1.62333333333333,6,4.53666666666667,-1.56666666666667
"90-2007-0-033",2008,2007,1.5,"ey","not_detected",0,0,21.14,-2.125,-2.54666666666667,-2.20666666666667,-2.32666666666667,0.0366666666666666
"90-2007-0-033",2009,2007,2.5,"ey","not_detected",0,0,28.86,-3.89916666666667,-3.96,-5.08666666666667,-3.69666666666667,-3.27
"90-2007-0-033",2010,2007,3.5,"ey","not_detected",0,0,23.18,1.1,2.23,1.45666666666667,0.513333333333333,0.123333333333333
"90-2007-0-033",2011,2007,4.5,"ey","not_detected",0,0,38.64,-3.3625,-3.19333333333333,-4.41333333333333,-4.20666666666667,-1.53333333333333
"90-2007-0-033",2012,2007,5.5,"ey","not_detected",0,0,31.36,-0.763333333333333,1.29,-0.876666666666667,-1.53333333333333,-1.67333333333333
"90-2007-0-033",2013,2007,6.5,"ey","not_detected",0,0,27.05,-1.95083333333333,-3.10666666666667,-2.17666666666667,-1.04333333333333,-2.49333333333333
"90-2007-0-033",2014,2007,7.5,"ey","not_detected",0,0,38.18,-1.2175,-0.98,-2.16333333333333,-1.51333333333333,0.00666666666666666
"90-2007-0-033",2015,2007,8.5,"ey","not_detected",0,0,45.45,1.83166666666667,2.94333333333333,3.56666666666667,0.42,0.223333333333333
"90-2007-0-033",2016,2007,9.5,"ey","not_detected",0,0,22.27,-0.574166666666667,-0.553333333333333,-0.816666666666667,-0.986666666666667,-0.183333333333333
"90-2007-0-033",2017,2007,10.5,"ey","not_detected",0,0,15.68,-0.921666666666667,-0.983333333333333,-1.73,-0.536666666666667,-0.11
"90-2007-0-033",2018,2007,11.5,"ey","not_detected",0,0,15.91,-0.465,-1.89,-2.77666666666667,2.41333333333333,-0.356666666666667
"90-2007-0-033",2019,2007,12.5,"ey","not_detected",0,0,19.32,-1.40833333333333,-0.516666666666667,-1.77,-2.95333333333333,1.45
"90-2007-0-033",2020,2007,13.5,"ey","not_detected",0,0,19.09,-3.4025,-3.32,-3.52,-3.33,-3.37666666666667
"90-2007-0-033",2021,2007,14.5,"ey","not_detected",0,0,21.14,-1.8125,-3.27666666666667,-0.343333333333333,-0.893333333333333,-3.17
"90-2007-0-033",2022,2007,15.5,"ey","not_detected",0,0,16.36,-1.96083333333333,-3.23,-2.95666666666667,0.08,-2.33
"90-2007-0-035",2007,2007,0.5,"ey","Captured",1,1,27.5,3.04,1.62333333333333,6,4.53666666666667,-1.56666666666667
"90-2007-0-035",2008,2007,1.5,"ey","not_detected",0,0,21.14,-2.125,-2.54666666666667,-2.20666666666667,-2.32666666666667,0.0366666666666666
"90-2007-0-035",2009,2007,2.5,"ey","not_detected",0,0,28.86,-3.89916666666667,-3.96,-5.08666666666667,-3.69666666666667,-3.27
"90-2007-0-035",2010,2007,3.5,"ey","not_detected",0,0,23.18,1.1,2.23,1.45666666666667,0.513333333333333,0.123333333333333
"90-2007-0-035",2011,2007,4.5,"ey","not_detected",0,0,38.64,-3.3625,-3.19333333333333,-4.41333333333333,-4.20666666666667,-1.53333333333333
"90-2007-0-035",2012,2007,5.5,"ey","not_detected",0,0,31.36,-0.763333333333333,1.29,-0.876666666666667,-1.53333333333333,-1.67333333333333
"90-2007-0-035",2013,2007,6.5,"ey","not_detected",0,0,27.05,-1.95083333333333,-3.10666666666667,-2.17666666666667,-1.04333333333333,-2.49333333333333
"90-2007-0-035",2014,2007,7.5,"ey","not_detected",0,0,38.18,-1.2175,-0.98,-2.16333333333333,-1.51333333333333,0.00666666666666666
"90-2007-0-035",2015,2007,8.5,"ey","not_detected",0,0,45.45,1.83166666666667,2.94333333333333,3.56666666666667,0.42,0.223333333333333
"90-2007-0-035",2016,2007,9.5,"ey","not_detected",0,0,22.27,-0.574166666666667,-0.553333333333333,-0.816666666666667,-0.986666666666667,-0.183333333333333
"90-2007-0-035",2017,2007,10.5,"ey","not_detected",0,0,15.68,-0.921666666666667,-0.983333333333333,-1.73,-0.536666666666667,-0.11
"90-2007-0-035",2018,2007,11.5,"ey","not_detected",0,0,15.91,-0.465,-1.89,-2.77666666666667,2.41333333333333,-0.356666666666667
"90-2007-0-035",2019,2007,12.5,"ey","not_detected",0,0,19.32,-1.40833333333333,-0.516666666666667,-1.77,-2.95333333333333,1.45
"90-2007-0-035",2020,2007,13.5,"ey","not_detected",0,0,19.09,-3.4025,-3.32,-3.52,-3.33,-3.37666666666667
"90-2007-0-035",2021,2007,14.5,"ey","not_detected",0,0,21.14,-1.8125,-3.27666666666667,-0.343333333333333,-0.893333333333333,-3.17
"90-2007-0-035",2022,2007,15.5,"ey","not_detected",0,0,16.36,-1.96083333333333,-3.23,-2.95666666666667,0.08,-2.33
"90-2007-0-036",2007,2007,0.5,"ey","Captured",1,1,27.5,3.04,1.62333333333333,6,4.53666666666667,-1.56666666666667
"90-2007-0-036",2008,2007,1.5,"ey","Captured",1,1,21.14,-2.125,-2.54666666666667,-2.20666666666667,-2.32666666666667,0.0366666666666666
"90-2007-0-036",2009,2007,2.5,"ey","Captured",1,1,28.86,-3.89916666666667,-3.96,-5.08666666666667,-3.69666666666667,-3.27
"90-2007-0-036",2010,2007,3.5,"ey","Captured",1,1,23.18,1.1,2.23,1.45666666666667,0.513333333333333,0.123333333333333
"90-2007-0-036",2011,2007,4.5,"ey","Captured",1,1,38.64,-3.3625,-3.19333333333333,-4.41333333333333,-4.20666666666667,-1.53333333333333
"90-2007-0-036",2012,2007,5.5,"ey","Captured",1,1,31.36,-0.763333333333333,1.29,-0.876666666666667,-1.53333333333333,-1.67333333333333
"90-2007-0-036",2013,2007,6.5,"ey","Captured",1,1,27.05,-1.95083333333333,-3.10666666666667,-2.17666666666667,-1.04333333333333,-2.49333333333333
"90-2007-0-036",2014,2007,7.5,"ey","Captured",1,1,38.18,-1.2175,-0.98,-2.16333333333333,-1.51333333333333,0.00666666666666666
"90-2007-0-036",2015,2007,8.5,"ey","Captured",1,1,45.45,1.83166666666667,2.94333333333333,3.56666666666667,0.42,0.223333333333333
"90-2007-0-036",2016,2007,9.5,"ey","Captured",1,1,22.27,-0.574166666666667,-0.553333333333333,-0.816666666666667,-0.986666666666667,-0.183333333333333
"90-2007-0-036",2017,2007,10.5,"ey","Alive-Cuddy",1,0,15.68,-0.921666666666667,-0.983333333333333,-1.73,-0.536666666666667,-0.11
"90-2007-0-036",2018,2007,11.5,"ey","not_detected",0,0,15.91,-0.465,-1.89,-2.77666666666667,2.41333333333333,-0.356666666666667
"90-2007-0-036",2019,2007,12.5,"ey","not_detected",0,0,19.32,-1.40833333333333,-0.516666666666667,-1.77,-2.95333333333333,1.45
"90-2007-0-036",2020,2007,13.5,"ey","not_detected",0,0,19.09,-3.4025,-3.32,-3.52,-3.33,-3.37666666666667
"90-2007-0-036",2021,2007,14.5,"ey","not_detected",0,0,21.14,-1.8125,-3.27666666666667,-0.343333333333333,-0.893333333333333,-3.17
"90-2007-0-036",2022,2007,15.5,"ey","not_detected",0,0,16.36,-1.96083333333333,-3.23,-2.95666666666667,0.08,-2.33
"90-2007-0-038",2007,2007,0.5,"ey","Captured",1,1,27.5,3.04,1.62333333333333,6,4.53666666666667,-1.56666666666667
"90-2007-0-038",2008,2007,1.5,"ey","Captured",1,1,21.14,-2.125,-2.54666666666667,-2.20666666666667,-2.32666666666667,0.0366666666666666
"90-2007-0-038",2009,2007,2.5,"ey","Alive-Cuddy",1,0,28.86,-3.89916666666667,-3.96,-5.08666666666667,-3.69666666666667,-3.27
"90-2007-0-038",2010,2007,3.5,"ey","Captured",1,1,23.18,1.1,2.23,1.45666666666667,0.513333333333333,0.123333333333333
"90-2007-0-038",2011,2007,4.5,"ey","Captured",1,1,38.64,-3.3625,-3.19333333333333,-4.41333333333333,-4.20666666666667,-1.53333333333333
"90-2007-0-038",2012,2007,5.5,"ey","Alive-Cuddy",1,0,31.36,-0.763333333333333,1.29,-0.876666666666667,-1.53333333333333,-1.67333333333333
"90-2007-0-038",2013,2007,6.5,"ey","Alive-Cuddy",1,0,27.05,-1.95083333333333,-3.10666666666667,-2.17666666666667,-1.04333333333333,-2.49333333333333
"90-2007-0-038",2014,2007,7.5,"ey","Captured",1,1,38.18,-1.2175,-0.98,-2.16333333333333,-1.51333333333333,0.00666666666666666
"90-2007-0-038",2015,2007,8.5,"ey","not_detected",0,0,45.45,1.83166666666667,2.94333333333333,3.56666666666667,0.42,0.223333333333333
"90-2007-0-038",2016,2007,9.5,"ey","not_detected",0,0,22.27,-0.574166666666667,-0.553333333333333,-0.816666666666667,-0.986666666666667,-0.183333333333333
"90-2007-0-038",2017,2007,10.5,"ey","not_detected",0,0,15.68,-0.921666666666667,-0.983333333333333,-1.73,-0.536666666666667,-0.11
"90-2007-0-038",2018,2007,11.5,"ey","not_detected",0,0,15.91,-0.465,-1.89,-2.77666666666667,2.41333333333333,-0.356666666666667
"90-2007-0-038",2019,2007,12.5,"ey","not_detected",0,0,19.32,-1.40833333333333,-0.516666666666667,-1.77,-2.95333333333333,1.45
"90-2007-0-038",2020,2007,13.5,"ey","not_detected",0,0,19.09,-3.4025,-3.32,-3.52,-3.33,-3.37666666666667
"90-2007-0-038",2021,2007,14.5,"ey","not_detected",0,0,21.14,-1.8125,-3.27666666666667,-0.343333333333333,-0.893333333333333,-3.17
"90-2007-0-038",2022,2007,15.5,"ey","not_detected",0,0,16.36,-1.96083333333333,-3.23,-2.95666666666667,0.08,-2.33
"90-2007-0-039",2007,2007,0.5,"ey","Captured",1,1,27.5,3.04,1.62333333333333,6,4.53666666666667,-1.56666666666667
"90-2007-0-039",2008,2007,1.5,"ey","Captured",1,1,21.14,-2.125,-2.54666666666667,-2.20666666666667,-2.32666666666667,0.0366666666666666
"90-2007-0-039",2009,2007,2.5,"ey","Captured",1,1,28.86,-3.89916666666667,-3.96,-5.08666666666667,-3.69666666666667,-3.27
"90-2007-0-039",2010,2007,3.5,"ey","Alive-Cuddy",1,0,23.18,1.1,2.23,1.45666666666667,0.513333333333333,0.123333333333333
"90-2007-0-039",2011,2007,4.5,"ey","Captured",1,1,38.64,-3.3625,-3.19333333333333,-4.41333333333333,-4.20666666666667,-1.53333333333333
"90-2007-0-039",2012,2007,5.5,"ey","Captured",1,1,31.36,-0.763333333333333,1.29,-0.876666666666667,-1.53333333333333,-1.67333333333333
"90-2007-0-039",2013,2007,6.5,"ey","Captured",1,1,27.05,-1.95083333333333,-3.10666666666667,-2.17666666666667,-1.04333333333333,-2.49333333333333
"90-2007-0-039",2014,2007,7.5,"ey","Alive-Cuddy",1,0,38.18,-1.2175,-0.98,-2.16333333333333,-1.51333333333333,0.00666666666666666
"90-2007-0-039",2015,2007,8.5,"ey","Captured",1,1,45.45,1.83166666666667,2.94333333333333,3.56666666666667,0.42,0.223333333333333
"90-2007-0-039",2016,2007,9.5,"ey","Captured",1,1,22.27,-0.574166666666667,-0.553333333333333,-0.816666666666667,-0.986666666666667,-0.183333333333333
"90-2007-0-039",2017,2007,10.5,"ey","Captured",1,1,15.68,-0.921666666666667,-0.983333333333333,-1.73,-0.536666666666667,-0.11
"90-2007-0-039",2018,2007,11.5,"ey","not_detected",0,0,15.91,-0.465,-1.89,-2.77666666666667,2.41333333333333,-0.356666666666667
"90-2007-0-039",2019,2007,12.5,"ey","not_detected",0,0,19.32,-1.40833333333333,-0.516666666666667,-1.77,-2.95333333333333,1.45
"90-2007-0-039",2020,2007,13.5,"ey","not_detected",0,0,19.09,-3.4025,-3.32,-3.52,-3.33,-3.37666666666667
"90-2007-0-039",2021,2007,14.5,"ey","not_detected",0,0,21.14,-1.8125,-3.27666666666667,-0.343333333333333,-0.893333333333333,-3.17
"90-2007-0-039",2022,2007,15.5,"ey","not_detected",0,0,16.36,-1.96083333333333,-3.23,-2.95666666666667,0.08,-2.33
"90-2007-0-040",2007,2007,0.5,"ey","Captured",1,1,27.5,3.04,1.62333333333333,6,4.53666666666667,-1.56666666666667
"90-2007-0-040",2008,2007,1.5,"ey","Captured",1,1,21.14,-2.125,-2.54666666666667,-2.20666666666667,-2.32666666666667,0.0366666666666666
"90-2007-0-040",2009,2007,2.5,"ey","Captured",1,1,28.86,-3.89916666666667,-3.96,-5.08666666666667,-3.69666666666667,-3.27
"90-2007-0-040",2010,2007,3.5,"ey","not_detected",0,0,23.18,1.1,2.23,1.45666666666667,0.513333333333333,0.123333333333333
"90-2007-0-040",2011,2007,4.5,"ey","Captured",1,1,38.64,-3.3625,-3.19333333333333,-4.41333333333333,-4.20666666666667,-1.53333333333333
"90-2007-0-040",2012,2007,5.5,"ey","Captured",1,1,31.36,-0.763333333333333,1.29,-0.876666666666667,-1.53333333333333,-1.67333333333333
"90-2007-0-040",2013,2007,6.5,"ey","Alive-Cuddy",1,0,27.05,-1.95083333333333,-3.10666666666667,-2.17666666666667,-1.04333333333333,-2.49333333333333
"90-2007-0-040",2014,2007,7.5,"ey","Captured",1,1,38.18,-1.2175,-0.98,-2.16333333333333,-1.51333333333333,0.00666666666666666
"90-2007-0-040",2015,2007,8.5,"ey","Alive-Cuddy",1,0,45.45,1.83166666666667,2.94333333333333,3.56666666666667,0.42,0.223333333333333
"90-2007-0-040",2016,2007,9.5,"ey","Captured",1,1,22.27,-0.574166666666667,-0.553333333333333,-0.816666666666667,-0.986666666666667,-0.183333333333333
"90-2007-0-040",2017,2007,10.5,"ey","not_detected",0,0,15.68,-0.921666666666667,-0.983333333333333,-1.73,-0.536666666666667,-0.11
"90-2007-0-040",2018,2007,11.5,"ey","not_detected",0,0,15.91,-0.465,-1.89,-2.77666666666667,2.41333333333333,-0.356666666666667
"90-2007-0-040",2019,2007,12.5,"ey","not_detected",0,0,19.32,-1.40833333333333,-0.516666666666667,-1.77,-2.95333333333333,1.45
"90-2007-0-040",2020,2007,13.5,"ey","not_detected",0,0,19.09,-3.4025,-3.32,-3.52,-3.33,-3.37666666666667
"90-2007-0-040",2021,2007,14.5,"ey","not_detected",0,0,21.14,-1.8125,-3.27666666666667,-0.343333333333333,-0.893333333333333,-3.17
"90-2007-0-040",2022,2007,15.5,"ey","not_detected",0,0,16.36,-1.96083333333333,-3.23,-2.95666666666667,0.08,-2.33
"90-2007-0-045",2007,2007,0.5,"ey","Captured",1,1,27.5,3.04,1.62333333333333,6,4.53666666666667,-1.56666666666667
"90-2007-0-045",2008,2007,1.5,"ey","not_detected",0,0,21.14,-2.125,-2.54666666666667,-2.20666666666667,-2.32666666666667,0.0366666666666666
"90-2007-0-045",2009,2007,2.5,"ey","Captured",1,1,28.86,-3.89916666666667,-3.96,-5.08666666666667,-3.69666666666667,-3.27
"90-2007-0-045",2010,2007,3.5,"ey","Captured",1,1,23.18,1.1,2.23,1.45666666666667,0.513333333333333,0.123333333333333
"90-2007-0-045",2011,2007,4.5,"ey","Captured",1,1,38.64,-3.3625,-3.19333333333333,-4.41333333333333,-4.20666666666667,-1.53333333333333
"90-2007-0-045",2012,2007,5.5,"ey","Captured",1,1,31.36,-0.763333333333333,1.29,-0.876666666666667,-1.53333333333333,-1.67333333333333
"90-2007-0-045",2013,2007,6.5,"ey","Captured",1,1,27.05,-1.95083333333333,-3.10666666666667,-2.17666666666667,-1.04333333333333,-2.49333333333333
"90-2007-0-045",2014,2007,7.5,"ey","Captured",1,1,38.18,-1.2175,-0.98,-2.16333333333333,-1.51333333333333,0.00666666666666666
"90-2007-0-045",2015,2007,8.5,"ey","Nat Mortality",2,2,45.45,1.83166666666667,2.94333333333333,3.56666666666667,0.42,0.223333333333333
"90-2007-0-045",2016,2007,9.5,"ey","not_detected",0,0,22.27,-0.574166666666667,-0.553333333333333,-0.816666666666667,-0.986666666666667,-0.183333333333333
"90-2007-0-045",2017,2007,10.5,"ey","not_detected",0,0,15.68,-0.921666666666667,-0.983333333333333,-1.73,-0.536666666666667,-0.11
"90-2007-0-045",2018,2007,11.5,"ey","not_detected",0,0,15.91,-0.465,-1.89,-2.77666666666667,2.41333333333333,-0.356666666666667
"90-2007-0-045",2019,2007,12.5,"ey","not_detected",0,0,19.32,-1.40833333333333,-0.516666666666667,-1.77,-2.95333333333333,1.45
"90-2007-0-045",2020,2007,13.5,"ey","not_detected",0,0,19.09,-3.4025,-3.32,-3.52,-3.33,-3.37666666666667
"90-2007-0-045",2021,2007,14.5,"ey","not_detected",0,0,21.14,-1.8125,-3.27666666666667,-0.343333333333333,-0.893333333333333,-3.17
"90-2007-0-045",2022,2007,15.5,"ey","not_detected",0,0,16.36,-1.96083333333333,-3.23,-2.95666666666667,0.08,-2.33
"90-2007-0-046",2007,2007,0.5,"ey","Captured",1,1,27.5,3.04,1.62333333333333,6,4.53666666666667,-1.56666666666667
"90-2007-0-046",2008,2007,1.5,"ey","Captured",1,1,21.14,-2.125,-2.54666666666667,-2.20666666666667,-2.32666666666667,0.0366666666666666
"90-2007-0-046",2009,2007,2.5,"ey","Alive-Cuddy",1,0,28.86,-3.89916666666667,-3.96,-5.08666666666667,-3.69666666666667,-3.27
"90-2007-0-046",2010,2007,3.5,"ey","not_detected",0,0,23.18,1.1,2.23,1.45666666666667,0.513333333333333,0.123333333333333
"90-2007-0-046",2011,2007,4.5,"ey","Captured",1,1,38.64,-3.3625,-3.19333333333333,-4.41333333333333,-4.20666666666667,-1.53333333333333
"90-2007-0-046",2012,2007,5.5,"ey","Captured",1,1,31.36,-0.763333333333333,1.29,-0.876666666666667,-1.53333333333333,-1.67333333333333
"90-2007-0-046",2013,2007,6.5,"ey","Alive-Cuddy",1,0,27.05,-1.95083333333333,-3.10666666666667,-2.17666666666667,-1.04333333333333,-2.49333333333333
"90-2007-0-046",2014,2007,7.5,"ey","Alive-Cuddy",1,0,38.18,-1.2175,-0.98,-2.16333333333333,-1.51333333333333,0.00666666666666666
"90-2007-0-046",2015,2007,8.5,"ey","Captured",1,1,45.45,1.83166666666667,2.94333333333333,3.56666666666667,0.42,0.223333333333333
"90-2007-0-046",2016,2007,9.5,"ey","Alive-Cuddy",1,0,22.27,-0.574166666666667,-0.553333333333333,-0.816666666666667,-0.986666666666667,-0.183333333333333
"90-2007-0-046",2017,2007,10.5,"ey","Captured",1,1,15.68,-0.921666666666667,-0.983333333333333,-1.73,-0.536666666666667,-0.11
"90-2007-0-046",2018,2007,11.5,"ey","not_detected",0,0,15.91,-0.465,-1.89,-2.77666666666667,2.41333333333333,-0.356666666666667
"90-2007-0-046",2019,2007,12.5,"ey","not_detected",0,0,19.32,-1.40833333333333,-0.516666666666667,-1.77,-2.95333333333333,1.45
"90-2007-0-046",2020,2007,13.5,"ey","not_detected",0,0,19.09,-3.4025,-3.32,-3.52,-3.33,-3.37666666666667
"90-2007-0-046",2021,2007,14.5,"ey","not_detected",0,0,21.14,-1.8125,-3.27666666666667,-0.343333333333333,-0.893333333333333,-3.17
"90-2007-0-046",2022,2007,15.5,"ey","not_detected",0,0,16.36,-1.96083333333333,-3.23,-2.95666666666667,0.08,-2.33
"90-2007-0-048",2007,2007,0.5,"ey","Captured",1,1,27.5,3.04,1.62333333333333,6,4.53666666666667,-1.56666666666667
"90-2007-0-048",2008,2007,1.5,"ey","Captured",1,1,21.14,-2.125,-2.54666666666667,-2.20666666666667,-2.32666666666667,0.0366666666666666
"90-2007-0-048",2009,2007,2.5,"ey","Captured",1,1,28.86,-3.89916666666667,-3.96,-5.08666666666667,-3.69666666666667,-3.27
"90-2007-0-048",2010,2007,3.5,"ey","Alive-Cuddy",1,0,23.18,1.1,2.23,1.45666666666667,0.513333333333333,0.123333333333333
"90-2007-0-048",2011,2007,4.5,"ey","Captured",1,1,38.64,-3.3625,-3.19333333333333,-4.41333333333333,-4.20666666666667,-1.53333333333333
"90-2007-0-048",2012,2007,5.5,"ey","Alive-Cuddy",1,0,31.36,-0.763333333333333,1.29,-0.876666666666667,-1.53333333333333,-1.67333333333333
"90-2007-0-048",2013,2007,6.5,"ey","Captured",1,1,27.05,-1.95083333333333,-3.10666666666667,-2.17666666666667,-1.04333333333333,-2.49333333333333
"90-2007-0-048",2014,2007,7.5,"ey","not_detected",0,0,38.18,-1.2175,-0.98,-2.16333333333333,-1.51333333333333,0.00666666666666666
"90-2007-0-048",2015,2007,8.5,"ey","Captured",1,1,45.45,1.83166666666667,2.94333333333333,3.56666666666667,0.42,0.223333333333333
"90-2007-0-048",2016,2007,9.5,"ey","Captured",1,1,22.27,-0.574166666666667,-0.553333333333333,-0.816666666666667,-0.986666666666667,-0.183333333333333
"90-2007-0-048",2017,2007,10.5,"ey","Captured",1,1,15.68,-0.921666666666667,-0.983333333333333,-1.73,-0.536666666666667,-0.11
"90-2007-0-048",2018,2007,11.5,"ey","not_detected",0,0,15.91,-0.465,-1.89,-2.77666666666667,2.41333333333333,-0.356666666666667
"90-2007-0-048",2019,2007,12.5,"ey","not_detected",0,0,19.32,-1.40833333333333,-0.516666666666667,-1.77,-2.95333333333333,1.45
"90-2007-0-048",2020,2007,13.5,"ey","not_detected",0,0,19.09,-3.4025,-3.32,-3.52,-3.33,-3.37666666666667
"90-2007-0-048",2021,2007,14.5,"ey","not_detected",0,0,21.14,-1.8125,-3.27666666666667,-0.343333333333333,-0.893333333333333,-3.17
"90-2007-0-048",2022,2007,15.5,"ey","not_detected",0,0,16.36,-1.96083333333333,-3.23,-2.95666666666667,0.08,-2.33
"90-2007-0-049",2007,2007,0.5,"ey","Captured",1,1,27.5,3.04,1.62333333333333,6,4.53666666666667,-1.56666666666667
"90-2007-0-049",2008,2007,1.5,"ey","not_detected",0,0,21.14,-2.125,-2.54666666666667,-2.20666666666667,-2.32666666666667,0.0366666666666666
"90-2007-0-049",2009,2007,2.5,"ey","Captured",1,1,28.86,-3.89916666666667,-3.96,-5.08666666666667,-3.69666666666667,-3.27
"90-2007-0-049",2010,2007,3.5,"ey","Captured",1,1,23.18,1.1,2.23,1.45666666666667,0.513333333333333,0.123333333333333
"90-2007-0-049",2011,2007,4.5,"ey","Alive-Cuddy",1,0,38.64,-3.3625,-3.19333333333333,-4.41333333333333,-4.20666666666667,-1.53333333333333
"90-2007-0-049",2012,2007,5.5,"ey","Alive-Cuddy",1,0,31.36,-0.763333333333333,1.29,-0.876666666666667,-1.53333333333333,-1.67333333333333
"90-2007-0-049",2013,2007,6.5,"ey","Captured",1,1,27.05,-1.95083333333333,-3.10666666666667,-2.17666666666667,-1.04333333333333,-2.49333333333333
"90-2007-0-049",2014,2007,7.5,"ey","Alive-Cuddy",1,0,38.18,-1.2175,-0.98,-2.16333333333333,-1.51333333333333,0.00666666666666666
"90-2007-0-049",2015,2007,8.5,"ey","Alive-Cuddy",1,0,45.45,1.83166666666667,2.94333333333333,3.56666666666667,0.42,0.223333333333333
"90-2007-0-049",2016,2007,9.5,"ey","Captured",1,1,22.27,-0.574166666666667,-0.553333333333333,-0.816666666666667,-0.986666666666667,-0.183333333333333
"90-2007-0-049",2017,2007,10.5,"ey","Captured",1,1,15.68,-0.921666666666667,-0.983333333333333,-1.73,-0.536666666666667,-0.11
"90-2007-0-049",2018,2007,11.5,"ey","not_detected",0,0,15.91,-0.465,-1.89,-2.77666666666667,2.41333333333333,-0.356666666666667
"90-2007-0-049",2019,2007,12.5,"ey","not_detected",0,0,19.32,-1.40833333333333,-0.516666666666667,-1.77,-2.95333333333333,1.45
"90-2007-0-049",2020,2007,13.5,"ey","not_detected",0,0,19.09,-3.4025,-3.32,-3.52,-3.33,-3.37666666666667
"90-2007-0-049",2021,2007,14.5,"ey","not_detected",0,0,21.14,-1.8125,-3.27666666666667,-0.343333333333333,-0.893333333333333,-3.17
"90-2007-0-049",2022,2007,15.5,"ey","not_detected",0,0,16.36,-1.96083333333333,-3.23,-2.95666666666667,0.08,-2.33
"90-2008-0-029",2008,2008,0.5,"ey","Captured",1,1,21.14,-2.125,-2.54666666666667,-2.20666666666667,-2.32666666666667,0.0366666666666666
"90-2008-0-029",2009,2008,1.5,"ey","not_detected",0,0,28.86,-3.89916666666667,-3.96,-5.08666666666667,-3.69666666666667,-3.27
"90-2008-0-029",2010,2008,2.5,"ey","not_detected",0,0,23.18,1.1,2.23,1.45666666666667,0.513333333333333,0.123333333333333
"90-2008-0-029",2011,2008,3.5,"ey","not_detected",0,0,38.64,-3.3625,-3.19333333333333,-4.41333333333333,-4.20666666666667,-1.53333333333333
"90-2008-0-029",2012,2008,4.5,"ey","not_detected",0,0,31.36,-0.763333333333333,1.29,-0.876666666666667,-1.53333333333333,-1.67333333333333
"90-2008-0-029",2013,2008,5.5,"ey","not_detected",0,0,27.05,-1.95083333333333,-3.10666666666667,-2.17666666666667,-1.04333333333333,-2.49333333333333
"90-2008-0-029",2014,2008,6.5,"ey","not_detected",0,0,38.18,-1.2175,-0.98,-2.16333333333333,-1.51333333333333,0.00666666666666666
"90-2008-0-029",2015,2008,7.5,"ey","not_detected",0,0,45.45,1.83166666666667,2.94333333333333,3.56666666666667,0.42,0.223333333333333
"90-2008-0-029",2016,2008,8.5,"ey","not_detected",0,0,22.27,-0.574166666666667,-0.553333333333333,-0.816666666666667,-0.986666666666667,-0.183333333333333
"90-2008-0-029",2017,2008,9.5,"ey","not_detected",0,0,15.68,-0.921666666666667,-0.983333333333333,-1.73,-0.536666666666667,-0.11
"90-2008-0-029",2018,2008,10.5,"ey","not_detected",0,0,15.91,-0.465,-1.89,-2.77666666666667,2.41333333333333,-0.356666666666667
"90-2008-0-029",2019,2008,11.5,"ey","not_detected",0,0,19.32,-1.40833333333333,-0.516666666666667,-1.77,-2.95333333333333,1.45
"90-2008-0-029",2020,2008,12.5,"ey","not_detected",0,0,19.09,-3.4025,-3.32,-3.52,-3.33,-3.37666666666667
"90-2008-0-029",2021,2008,13.5,"ey","not_detected",0,0,21.14,-1.8125,-3.27666666666667,-0.343333333333333,-0.893333333333333,-3.17
"90-2008-0-029",2022,2008,14.5,"ey","not_detected",0,0,16.36,-1.96083333333333,-3.23,-2.95666666666667,0.08,-2.33
"90-2008-0-032",2008,2008,0.5,"ey","Captured",1,1,21.14,-2.125,-2.54666666666667,-2.20666666666667,-2.32666666666667,0.0366666666666666
"90-2008-0-032",2009,2008,1.5,"ey","Captured",1,1,28.86,-3.89916666666667,-3.96,-5.08666666666667,-3.69666666666667,-3.27
"90-2008-0-032",2010,2008,2.5,"ey","Captured",1,1,23.18,1.1,2.23,1.45666666666667,0.513333333333333,0.123333333333333
"90-2008-0-032",2011,2008,3.5,"ey","Captured",1,1,38.64,-3.3625,-3.19333333333333,-4.41333333333333,-4.20666666666667,-1.53333333333333
"90-2008-0-032",2012,2008,4.5,"ey","Captured",1,1,31.36,-0.763333333333333,1.29,-0.876666666666667,-1.53333333333333,-1.67333333333333
"90-2008-0-032",2013,2008,5.5,"ey","not_detected",0,0,27.05,-1.95083333333333,-3.10666666666667,-2.17666666666667,-1.04333333333333,-2.49333333333333
"90-2008-0-032",2014,2008,6.5,"ey","not_detected",0,0,38.18,-1.2175,-0.98,-2.16333333333333,-1.51333333333333,0.00666666666666666
"90-2008-0-032",2015,2008,7.5,"ey","not_detected",0,0,45.45,1.83166666666667,2.94333333333333,3.56666666666667,0.42,0.223333333333333
"90-2008-0-032",2016,2008,8.5,"ey","not_detected",0,0,22.27,-0.574166666666667,-0.553333333333333,-0.816666666666667,-0.986666666666667,-0.183333333333333
"90-2008-0-032",2017,2008,9.5,"ey","not_detected",0,0,15.68,-0.921666666666667,-0.983333333333333,-1.73,-0.536666666666667,-0.11
"90-2008-0-032",2018,2008,10.5,"ey","not_detected",0,0,15.91,-0.465,-1.89,-2.77666666666667,2.41333333333333,-0.356666666666667
"90-2008-0-032",2019,2008,11.5,"ey","not_detected",0,0,19.32,-1.40833333333333,-0.516666666666667,-1.77,-2.95333333333333,1.45
"90-2008-0-032",2020,2008,12.5,"ey","not_detected",0,0,19.09,-3.4025,-3.32,-3.52,-3.33,-3.37666666666667
"90-2008-0-032",2021,2008,13.5,"ey","not_detected",0,0,21.14,-1.8125,-3.27666666666667,-0.343333333333333,-0.893333333333333,-3.17
"90-2008-0-032",2022,2008,14.5,"ey","not_detected",0,0,16.36,-1.96083333333333,-3.23,-2.95666666666667,0.08,-2.33
"90-2008-0-033",2008,2008,0.5,"ey","Captured",1,1,21.14,-2.125,-2.54666666666667,-2.20666666666667,-2.32666666666667,0.0366666666666666
"90-2008-0-033",2009,2008,1.5,"ey","Captured",1,1,28.86,-3.89916666666667,-3.96,-5.08666666666667,-3.69666666666667,-3.27
"90-2008-0-033",2010,2008,2.5,"ey","Captured",1,1,23.18,1.1,2.23,1.45666666666667,0.513333333333333,0.123333333333333
"90-2008-0-033",2011,2008,3.5,"ey","Captured",1,1,38.64,-3.3625,-3.19333333333333,-4.41333333333333,-4.20666666666667,-1.53333333333333
"90-2008-0-033",2012,2008,4.5,"ey","Alive-Cuddy",1,0,31.36,-0.763333333333333,1.29,-0.876666666666667,-1.53333333333333,-1.67333333333333
"90-2008-0-033",2013,2008,5.5,"ey","Captured",1,1,27.05,-1.95083333333333,-3.10666666666667,-2.17666666666667,-1.04333333333333,-2.49333333333333
"90-2008-0-033",2014,2008,6.5,"ey","Captured",1,1,38.18,-1.2175,-0.98,-2.16333333333333,-1.51333333333333,0.00666666666666666
"90-2008-0-033",2015,2008,7.5,"ey","Captured",1,1,45.45,1.83166666666667,2.94333333333333,3.56666666666667,0.42,0.223333333333333
"90-2008-0-033",2016,2008,8.5,"ey","Captured",1,1,22.27,-0.574166666666667,-0.553333333333333,-0.816666666666667,-0.986666666666667,-0.183333333333333
"90-2008-0-033",2017,2008,9.5,"ey","Captured",1,1,15.68,-0.921666666666667,-0.983333333333333,-1.73,-0.536666666666667,-0.11
"90-2008-0-033",2018,2008,10.5,"ey","Nat Mortality",2,2,15.91,-0.465,-1.89,-2.77666666666667,2.41333333333333,-0.356666666666667
"90-2008-0-033",2019,2008,11.5,"ey","not_detected",0,0,19.32,-1.40833333333333,-0.516666666666667,-1.77,-2.95333333333333,1.45
"90-2008-0-033",2020,2008,12.5,"ey","not_detected",0,0,19.09,-3.4025,-3.32,-3.52,-3.33,-3.37666666666667
"90-2008-0-033",2021,2008,13.5,"ey","not_detected",0,0,21.14,-1.8125,-3.27666666666667,-0.343333333333333,-0.893333333333333,-3.17
"90-2008-0-033",2022,2008,14.5,"ey","not_detected",0,0,16.36,-1.96083333333333,-3.23,-2.95666666666667,0.08,-2.33
"90-2008-0-034",2008,2008,0.5,"ey","Captured",1,1,21.14,-2.125,-2.54666666666667,-2.20666666666667,-2.32666666666667,0.0366666666666666
"90-2008-0-034",2009,2008,1.5,"ey","Captured",1,1,28.86,-3.89916666666667,-3.96,-5.08666666666667,-3.69666666666667,-3.27
"90-2008-0-034",2010,2008,2.5,"ey","Captured",1,1,23.18,1.1,2.23,1.45666666666667,0.513333333333333,0.123333333333333
"90-2008-0-034",2011,2008,3.5,"ey","Captured",1,1,38.64,-3.3625,-3.19333333333333,-4.41333333333333,-4.20666666666667,-1.53333333333333
"90-2008-0-034",2012,2008,4.5,"ey","Captured",1,1,31.36,-0.763333333333333,1.29,-0.876666666666667,-1.53333333333333,-1.67333333333333
"90-2008-0-034",2013,2008,5.5,"ey","Captured",1,1,27.05,-1.95083333333333,-3.10666666666667,-2.17666666666667,-1.04333333333333,-2.49333333333333
"90-2008-0-034",2014,2008,6.5,"ey","Captured",1,1,38.18,-1.2175,-0.98,-2.16333333333333,-1.51333333333333,0.00666666666666666
"90-2008-0-034",2015,2008,7.5,"ey","Captured",1,1,45.45,1.83166666666667,2.94333333333333,3.56666666666667,0.42,0.223333333333333
"90-2008-0-034",2016,2008,8.5,"ey","Captured",1,1,22.27,-0.574166666666667,-0.553333333333333,-0.816666666666667,-0.986666666666667,-0.183333333333333
"90-2008-0-034",2017,2008,9.5,"ey","Captured",1,1,15.68,-0.921666666666667,-0.983333333333333,-1.73,-0.536666666666667,-0.11
"90-2008-0-034",2018,2008,10.5,"ey","not_detected",0,0,15.91,-0.465,-1.89,-2.77666666666667,2.41333333333333,-0.356666666666667
"90-2008-0-034",2019,2008,11.5,"ey","not_detected",0,0,19.32,-1.40833333333333,-0.516666666666667,-1.77,-2.95333333333333,1.45
"90-2008-0-034",2020,2008,12.5,"ey","not_detected",0,0,19.09,-3.4025,-3.32,-3.52,-3.33,-3.37666666666667
"90-2008-0-034",2021,2008,13.5,"ey","not_detected",0,0,21.14,-1.8125,-3.27666666666667,-0.343333333333333,-0.893333333333333,-3.17
"90-2008-0-034",2022,2008,14.5,"ey","not_detected",0,0,16.36,-1.96083333333333,-3.23,-2.95666666666667,0.08,-2.33
"90-2008-0-035",2008,2008,0.5,"ey","Captured",1,1,21.14,-2.125,-2.54666666666667,-2.20666666666667,-2.32666666666667,0.0366666666666666
"90-2008-0-035",2009,2008,1.5,"ey","not_detected",0,0,28.86,-3.89916666666667,-3.96,-5.08666666666667,-3.69666666666667,-3.27
"90-2008-0-035",2010,2008,2.5,"ey","not_detected",0,0,23.18,1.1,2.23,1.45666666666667,0.513333333333333,0.123333333333333
"90-2008-0-035",2011,2008,3.5,"ey","not_detected",0,0,38.64,-3.3625,-3.19333333333333,-4.41333333333333,-4.20666666666667,-1.53333333333333
"90-2008-0-035",2012,2008,4.5,"ey","not_detected",0,0,31.36,-0.763333333333333,1.29,-0.876666666666667,-1.53333333333333,-1.67333333333333
"90-2008-0-035",2013,2008,5.5,"ey","not_detected",0,0,27.05,-1.95083333333333,-3.10666666666667,-2.17666666666667,-1.04333333333333,-2.49333333333333
"90-2008-0-035",2014,2008,6.5,"ey","not_detected",0,0,38.18,-1.2175,-0.98,-2.16333333333333,-1.51333333333333,0.00666666666666666
"90-2008-0-035",2015,2008,7.5,"ey","not_detected",0,0,45.45,1.83166666666667,2.94333333333333,3.56666666666667,0.42,0.223333333333333
"90-2008-0-035",2016,2008,8.5,"ey","not_detected",0,0,22.27,-0.574166666666667,-0.553333333333333,-0.816666666666667,-0.986666666666667,-0.183333333333333
"90-2008-0-035",2017,2008,9.5,"ey","not_detected",0,0,15.68,-0.921666666666667,-0.983333333333333,-1.73,-0.536666666666667,-0.11
"90-2008-0-035",2018,2008,10.5,"ey","not_detected",0,0,15.91,-0.465,-1.89,-2.77666666666667,2.41333333333333,-0.356666666666667
"90-2008-0-035",2019,2008,11.5,"ey","not_detected",0,0,19.32,-1.40833333333333,-0.516666666666667,-1.77,-2.95333333333333,1.45
"90-2008-0-035",2020,2008,12.5,"ey","not_detected",0,0,19.09,-3.4025,-3.32,-3.52,-3.33,-3.37666666666667
"90-2008-0-035",2021,2008,13.5,"ey","not_detected",0,0,21.14,-1.8125,-3.27666666666667,-0.343333333333333,-0.893333333333333,-3.17
"90-2008-0-035",2022,2008,14.5,"ey","not_detected",0,0,16.36,-1.96083333333333,-3.23,-2.95666666666667,0.08,-2.33
"90-2008-0-037",2008,2008,0.5,"ey","Captured",1,1,21.14,-2.125,-2.54666666666667,-2.20666666666667,-2.32666666666667,0.0366666666666666
"90-2008-0-037",2009,2008,1.5,"ey","Captured",1,1,28.86,-3.89916666666667,-3.96,-5.08666666666667,-3.69666666666667,-3.27
"90-2008-0-037",2010,2008,2.5,"ey","not_detected",0,0,23.18,1.1,2.23,1.45666666666667,0.513333333333333,0.123333333333333
"90-2008-0-037",2011,2008,3.5,"ey","Captured",1,1,38.64,-3.3625,-3.19333333333333,-4.41333333333333,-4.20666666666667,-1.53333333333333
"90-2008-0-037",2012,2008,4.5,"ey","Captured",1,1,31.36,-0.763333333333333,1.29,-0.876666666666667,-1.53333333333333,-1.67333333333333
"90-2008-0-037",2013,2008,5.5,"ey","Captured",1,1,27.05,-1.95083333333333,-3.10666666666667,-2.17666666666667,-1.04333333333333,-2.49333333333333
"90-2008-0-037",2014,2008,6.5,"ey","Captured",1,1,38.18,-1.2175,-0.98,-2.16333333333333,-1.51333333333333,0.00666666666666666
"90-2008-0-037",2015,2008,7.5,"ey","Alive-Cuddy",1,0,45.45,1.83166666666667,2.94333333333333,3.56666666666667,0.42,0.223333333333333
"90-2008-0-037",2016,2008,8.5,"ey","Captured",1,1,22.27,-0.574166666666667,-0.553333333333333,-0.816666666666667,-0.986666666666667,-0.183333333333333
"90-2008-0-037",2017,2008,9.5,"ey","Captured",1,1,15.68,-0.921666666666667,-0.983333333333333,-1.73,-0.536666666666667,-0.11
"90-2008-0-037",2018,2008,10.5,"ey","not_detected",0,0,15.91,-0.465,-1.89,-2.77666666666667,2.41333333333333,-0.356666666666667
"90-2008-0-037",2019,2008,11.5,"ey","not_detected",0,0,19.32,-1.40833333333333,-0.516666666666667,-1.77,-2.95333333333333,1.45
"90-2008-0-037",2020,2008,12.5,"ey","not_detected",0,0,19.09,-3.4025,-3.32,-3.52,-3.33,-3.37666666666667
"90-2008-0-037",2021,2008,13.5,"ey","not_detected",0,0,21.14,-1.8125,-3.27666666666667,-0.343333333333333,-0.893333333333333,-3.17
"90-2008-0-037",2022,2008,14.5,"ey","not_detected",0,0,16.36,-1.96083333333333,-3.23,-2.95666666666667,0.08,-2.33
"90-2008-0-038",2008,2008,0.5,"ey","Captured",1,1,21.14,-2.125,-2.54666666666667,-2.20666666666667,-2.32666666666667,0.0366666666666666
"90-2008-0-038",2009,2008,1.5,"ey","not_detected",0,0,28.86,-3.89916666666667,-3.96,-5.08666666666667,-3.69666666666667,-3.27
"90-2008-0-038",2010,2008,2.5,"ey","not_detected",0,0,23.18,1.1,2.23,1.45666666666667,0.513333333333333,0.123333333333333
"90-2008-0-038",2011,2008,3.5,"ey","not_detected",0,0,38.64,-3.3625,-3.19333333333333,-4.41333333333333,-4.20666666666667,-1.53333333333333
"90-2008-0-038",2012,2008,4.5,"ey","not_detected",0,0,31.36,-0.763333333333333,1.29,-0.876666666666667,-1.53333333333333,-1.67333333333333
"90-2008-0-038",2013,2008,5.5,"ey","not_detected",0,0,27.05,-1.95083333333333,-3.10666666666667,-2.17666666666667,-1.04333333333333,-2.49333333333333
"90-2008-0-038",2014,2008,6.5,"ey","not_detected",0,0,38.18,-1.2175,-0.98,-2.16333333333333,-1.51333333333333,0.00666666666666666
"90-2008-0-038",2015,2008,7.5,"ey","not_detected",0,0,45.45,1.83166666666667,2.94333333333333,3.56666666666667,0.42,0.223333333333333
"90-2008-0-038",2016,2008,8.5,"ey","not_detected",0,0,22.27,-0.574166666666667,-0.553333333333333,-0.816666666666667,-0.986666666666667,-0.183333333333333
"90-2008-0-038",2017,2008,9.5,"ey","not_detected",0,0,15.68,-0.921666666666667,-0.983333333333333,-1.73,-0.536666666666667,-0.11
"90-2008-0-038",2018,2008,10.5,"ey","not_detected",0,0,15.91,-0.465,-1.89,-2.77666666666667,2.41333333333333,-0.356666666666667
"90-2008-0-038",2019,2008,11.5,"ey","not_detected",0,0,19.32,-1.40833333333333,-0.516666666666667,-1.77,-2.95333333333333,1.45
"90-2008-0-038",2020,2008,12.5,"ey","not_detected",0,0,19.09,-3.4025,-3.32,-3.52,-3.33,-3.37666666666667
"90-2008-0-038",2021,2008,13.5,"ey","not_detected",0,0,21.14,-1.8125,-3.27666666666667,-0.343333333333333,-0.893333333333333,-3.17
"90-2008-0-038",2022,2008,14.5,"ey","not_detected",0,0,16.36,-1.96083333333333,-3.23,-2.95666666666667,0.08,-2.33
"90-2008-0-039",2008,2008,0.5,"ey","Captured",1,1,21.14,-2.125,-2.54666666666667,-2.20666666666667,-2.32666666666667,0.0366666666666666
"90-2008-0-039",2009,2008,1.5,"ey","Captured",1,1,28.86,-3.89916666666667,-3.96,-5.08666666666667,-3.69666666666667,-3.27
"90-2008-0-039",2010,2008,2.5,"ey","not_detected",0,0,23.18,1.1,2.23,1.45666666666667,0.513333333333333,0.123333333333333
"90-2008-0-039",2011,2008,3.5,"ey","Captured",1,1,38.64,-3.3625,-3.19333333333333,-4.41333333333333,-4.20666666666667,-1.53333333333333
"90-2008-0-039",2012,2008,4.5,"ey","Captured",1,1,31.36,-0.763333333333333,1.29,-0.876666666666667,-1.53333333333333,-1.67333333333333
"90-2008-0-039",2013,2008,5.5,"ey","Captured",1,1,27.05,-1.95083333333333,-3.10666666666667,-2.17666666666667,-1.04333333333333,-2.49333333333333
"90-2008-0-039",2014,2008,6.5,"ey","Captured",1,1,38.18,-1.2175,-0.98,-2.16333333333333,-1.51333333333333,0.00666666666666666
"90-2008-0-039",2015,2008,7.5,"ey","Captured",1,1,45.45,1.83166666666667,2.94333333333333,3.56666666666667,0.42,0.223333333333333
"90-2008-0-039",2016,2008,8.5,"ey","Harvested",2,2,22.27,-0.574166666666667,-0.553333333333333,-0.816666666666667,-0.986666666666667,-0.183333333333333
"90-2008-0-039",2017,2008,9.5,"ey","not_detected",0,0,15.68,-0.921666666666667,-0.983333333333333,-1.73,-0.536666666666667,-0.11
"90-2008-0-039",2018,2008,10.5,"ey","not_detected",0,0,15.91,-0.465,-1.89,-2.77666666666667,2.41333333333333,-0.356666666666667
"90-2008-0-039",2019,2008,11.5,"ey","not_detected",0,0,19.32,-1.40833333333333,-0.516666666666667,-1.77,-2.95333333333333,1.45
"90-2008-0-039",2020,2008,12.5,"ey","not_detected",0,0,19.09,-3.4025,-3.32,-3.52,-3.33,-3.37666666666667
"90-2008-0-039",2021,2008,13.5,"ey","not_detected",0,0,21.14,-1.8125,-3.27666666666667,-0.343333333333333,-0.893333333333333,-3.17
"90-2008-0-039",2022,2008,14.5,"ey","not_detected",0,0,16.36,-1.96083333333333,-3.23,-2.95666666666667,0.08,-2.33
"90-2008-0-040",2008,2008,0.5,"ey","Captured",1,1,21.14,-2.125,-2.54666666666667,-2.20666666666667,-2.32666666666667,0.0366666666666666
"90-2008-0-040",2009,2008,1.5,"ey","Captured",1,1,28.86,-3.89916666666667,-3.96,-5.08666666666667,-3.69666666666667,-3.27
"90-2008-0-040",2010,2008,2.5,"ey","Captured",1,1,23.18,1.1,2.23,1.45666666666667,0.513333333333333,0.123333333333333
"90-2008-0-040",2011,2008,3.5,"ey","Captured",1,1,38.64,-3.3625,-3.19333333333333,-4.41333333333333,-4.20666666666667,-1.53333333333333
"90-2008-0-040",2012,2008,4.5,"ey","Captured",1,1,31.36,-0.763333333333333,1.29,-0.876666666666667,-1.53333333333333,-1.67333333333333
"90-2008-0-040",2013,2008,5.5,"ey","Captured",1,1,27.05,-1.95083333333333,-3.10666666666667,-2.17666666666667,-1.04333333333333,-2.49333333333333
"90-2008-0-040",2014,2008,6.5,"ey","Captured",1,1,38.18,-1.2175,-0.98,-2.16333333333333,-1.51333333333333,0.00666666666666666
"90-2008-0-040",2015,2008,7.5,"ey","Captured",1,1,45.45,1.83166666666667,2.94333333333333,3.56666666666667,0.42,0.223333333333333
"90-2008-0-040",2016,2008,8.5,"ey","Captured",1,1,22.27,-0.574166666666667,-0.553333333333333,-0.816666666666667,-0.986666666666667,-0.183333333333333
"90-2008-0-040",2017,2008,9.5,"ey","Captured",1,1,15.68,-0.921666666666667,-0.983333333333333,-1.73,-0.536666666666667,-0.11
"90-2008-0-040",2018,2008,10.5,"ey","not_detected",0,0,15.91,-0.465,-1.89,-2.77666666666667,2.41333333333333,-0.356666666666667
"90-2008-0-040",2019,2008,11.5,"ey","not_detected",0,0,19.32,-1.40833333333333,-0.516666666666667,-1.77,-2.95333333333333,1.45
"90-2008-0-040",2020,2008,12.5,"ey","not_detected",0,0,19.09,-3.4025,-3.32,-3.52,-3.33,-3.37666666666667
"90-2008-0-040",2021,2008,13.5,"ey","not_detected",0,0,21.14,-1.8125,-3.27666666666667,-0.343333333333333,-0.893333333333333,-3.17
"90-2008-0-040",2022,2008,14.5,"ey","not_detected",0,0,16.36,-1.96083333333333,-3.23,-2.95666666666667,0.08,-2.33
"90-2008-0-041",2008,2008,0.5,"ey","Captured",1,1,21.14,-2.125,-2.54666666666667,-2.20666666666667,-2.32666666666667,0.0366666666666666
"90-2008-0-041",2009,2008,1.5,"ey","Captured",1,1,28.86,-3.89916666666667,-3.96,-5.08666666666667,-3.69666666666667,-3.27
"90-2008-0-041",2010,2008,2.5,"ey","Captured",1,1,23.18,1.1,2.23,1.45666666666667,0.513333333333333,0.123333333333333
"90-2008-0-041",2011,2008,3.5,"ey","Captured",1,1,38.64,-3.3625,-3.19333333333333,-4.41333333333333,-4.20666666666667,-1.53333333333333
"90-2008-0-041",2012,2008,4.5,"ey","Captured",1,1,31.36,-0.763333333333333,1.29,-0.876666666666667,-1.53333333333333,-1.67333333333333
"90-2008-0-041",2013,2008,5.5,"ey","Alive-Cuddy",1,0,27.05,-1.95083333333333,-3.10666666666667,-2.17666666666667,-1.04333333333333,-2.49333333333333
"90-2008-0-041",2014,2008,6.5,"ey","Alive-Cuddy",1,0,38.18,-1.2175,-0.98,-2.16333333333333,-1.51333333333333,0.00666666666666666
"90-2008-0-041",2015,2008,7.5,"ey","Nat Mortality",2,2,45.45,1.83166666666667,2.94333333333333,3.56666666666667,0.42,0.223333333333333
"90-2008-0-041",2016,2008,8.5,"ey","not_detected",0,0,22.27,-0.574166666666667,-0.553333333333333,-0.816666666666667,-0.986666666666667,-0.183333333333333
"90-2008-0-041",2017,2008,9.5,"ey","not_detected",0,0,15.68,-0.921666666666667,-0.983333333333333,-1.73,-0.536666666666667,-0.11
"90-2008-0-041",2018,2008,10.5,"ey","not_detected",0,0,15.91,-0.465,-1.89,-2.77666666666667,2.41333333333333,-0.356666666666667
"90-2008-0-041",2019,2008,11.5,"ey","not_detected",0,0,19.32,-1.40833333333333,-0.516666666666667,-1.77,-2.95333333333333,1.45
"90-2008-0-041",2020,2008,12.5,"ey","not_detected",0,0,19.09,-3.4025,-3.32,-3.52,-3.33,-3.37666666666667
"90-2008-0-041",2021,2008,13.5,"ey","not_detected",0,0,21.14,-1.8125,-3.27666666666667,-0.343333333333333,-0.893333333333333,-3.17
"90-2008-0-041",2022,2008,14.5,"ey","not_detected",0,0,16.36,-1.96083333333333,-3.23,-2.95666666666667,0.08,-2.33
"90-2008-0-042",2008,2008,0.5,"ey","Captured",1,1,21.14,-2.125,-2.54666666666667,-2.20666666666667,-2.32666666666667,0.0366666666666666
"90-2008-0-042",2009,2008,1.5,"ey","Captured",1,1,28.86,-3.89916666666667,-3.96,-5.08666666666667,-3.69666666666667,-3.27
"90-2008-0-042",2010,2008,2.5,"ey","Captured",1,1,23.18,1.1,2.23,1.45666666666667,0.513333333333333,0.123333333333333
"90-2008-0-042",2011,2008,3.5,"ey","Captured",1,1,38.64,-3.3625,-3.19333333333333,-4.41333333333333,-4.20666666666667,-1.53333333333333
"90-2008-0-042",2012,2008,4.5,"ey","Captured",1,1,31.36,-0.763333333333333,1.29,-0.876666666666667,-1.53333333333333,-1.67333333333333
"90-2008-0-042",2013,2008,5.5,"ey","Captured",1,1,27.05,-1.95083333333333,-3.10666666666667,-2.17666666666667,-1.04333333333333,-2.49333333333333
"90-2008-0-042",2014,2008,6.5,"ey","Captured",1,1,38.18,-1.2175,-0.98,-2.16333333333333,-1.51333333333333,0.00666666666666666
"90-2008-0-042",2015,2008,7.5,"ey","Captured",1,1,45.45,1.83166666666667,2.94333333333333,3.56666666666667,0.42,0.223333333333333
"90-2008-0-042",2016,2008,8.5,"ey","Captured",1,1,22.27,-0.574166666666667,-0.553333333333333,-0.816666666666667,-0.986666666666667,-0.183333333333333
"90-2008-0-042",2017,2008,9.5,"ey","Alive-Cuddy",1,0,15.68,-0.921666666666667,-0.983333333333333,-1.73,-0.536666666666667,-0.11
"90-2008-0-042",2018,2008,10.5,"ey","not_detected",0,0,15.91,-0.465,-1.89,-2.77666666666667,2.41333333333333,-0.356666666666667
"90-2008-0-042",2019,2008,11.5,"ey","not_detected",0,0,19.32,-1.40833333333333,-0.516666666666667,-1.77,-2.95333333333333,1.45
"90-2008-0-042",2020,2008,12.5,"ey","not_detected",0,0,19.09,-3.4025,-3.32,-3.52,-3.33,-3.37666666666667
"90-2008-0-042",2021,2008,13.5,"ey","not_detected",0,0,21.14,-1.8125,-3.27666666666667,-0.343333333333333,-0.893333333333333,-3.17
"90-2008-0-042",2022,2008,14.5,"ey","not_detected",0,0,16.36,-1.96083333333333,-3.23,-2.95666666666667,0.08,-2.33
"90-2008-0-052",2008,2008,0.5,"ey","Captured",1,1,21.14,-2.125,-2.54666666666667,-2.20666666666667,-2.32666666666667,0.0366666666666666
"90-2008-0-052",2009,2008,1.5,"ey","Captured",1,1,28.86,-3.89916666666667,-3.96,-5.08666666666667,-3.69666666666667,-3.27
"90-2008-0-052",2010,2008,2.5,"ey","Captured",1,1,23.18,1.1,2.23,1.45666666666667,0.513333333333333,0.123333333333333
"90-2008-0-052",2011,2008,3.5,"ey","Alive-Cuddy",1,0,38.64,-3.3625,-3.19333333333333,-4.41333333333333,-4.20666666666667,-1.53333333333333
"90-2008-0-052",2012,2008,4.5,"ey","Alive-Cuddy",1,0,31.36,-0.763333333333333,1.29,-0.876666666666667,-1.53333333333333,-1.67333333333333
"90-2008-0-052",2013,2008,5.5,"ey","Captured",1,1,27.05,-1.95083333333333,-3.10666666666667,-2.17666666666667,-1.04333333333333,-2.49333333333333
"90-2008-0-052",2014,2008,6.5,"ey","Captured",1,1,38.18,-1.2175,-0.98,-2.16333333333333,-1.51333333333333,0.00666666666666666
"90-2008-0-052",2015,2008,7.5,"ey","Captured",1,1,45.45,1.83166666666667,2.94333333333333,3.56666666666667,0.42,0.223333333333333
"90-2008-0-052",2016,2008,8.5,"ey","Captured",1,1,22.27,-0.574166666666667,-0.553333333333333,-0.816666666666667,-0.986666666666667,-0.183333333333333
"90-2008-0-052",2017,2008,9.5,"ey","Captured",1,1,15.68,-0.921666666666667,-0.983333333333333,-1.73,-0.536666666666667,-0.11
"90-2008-0-052",2018,2008,10.5,"ey","not_detected",0,0,15.91,-0.465,-1.89,-2.77666666666667,2.41333333333333,-0.356666666666667
"90-2008-0-052",2019,2008,11.5,"ey","not_detected",0,0,19.32,-1.40833333333333,-0.516666666666667,-1.77,-2.95333333333333,1.45
"90-2008-0-052",2020,2008,12.5,"ey","not_detected",0,0,19.09,-3.4025,-3.32,-3.52,-3.33,-3.37666666666667
"90-2008-0-052",2021,2008,13.5,"ey","not_detected",0,0,21.14,-1.8125,-3.27666666666667,-0.343333333333333,-0.893333333333333,-3.17
"90-2008-0-052",2022,2008,14.5,"ey","not_detected",0,0,16.36,-1.96083333333333,-3.23,-2.95666666666667,0.08,-2.33
"90-2008-0-054",2008,2008,0.5,"ey","Captured",1,1,21.14,-2.125,-2.54666666666667,-2.20666666666667,-2.32666666666667,0.0366666666666666
"90-2008-0-054",2009,2008,1.5,"ey","Captured",1,1,28.86,-3.89916666666667,-3.96,-5.08666666666667,-3.69666666666667,-3.27
"90-2008-0-054",2010,2008,2.5,"ey","Captured",1,1,23.18,1.1,2.23,1.45666666666667,0.513333333333333,0.123333333333333
"90-2008-0-054",2011,2008,3.5,"ey","Captured",1,1,38.64,-3.3625,-3.19333333333333,-4.41333333333333,-4.20666666666667,-1.53333333333333
"90-2008-0-054",2012,2008,4.5,"ey","Captured",1,1,31.36,-0.763333333333333,1.29,-0.876666666666667,-1.53333333333333,-1.67333333333333
"90-2008-0-054",2013,2008,5.5,"ey","Captured",1,1,27.05,-1.95083333333333,-3.10666666666667,-2.17666666666667,-1.04333333333333,-2.49333333333333
"90-2008-0-054",2014,2008,6.5,"ey","Captured",1,1,38.18,-1.2175,-0.98,-2.16333333333333,-1.51333333333333,0.00666666666666666
"90-2008-0-054",2015,2008,7.5,"ey","Alive-Cuddy",1,0,45.45,1.83166666666667,2.94333333333333,3.56666666666667,0.42,0.223333333333333
"90-2008-0-054",2016,2008,8.5,"ey","Nat Mortality",2,2,22.27,-0.574166666666667,-0.553333333333333,-0.816666666666667,-0.986666666666667,-0.183333333333333
"90-2008-0-054",2017,2008,9.5,"ey","not_detected",0,0,15.68,-0.921666666666667,-0.983333333333333,-1.73,-0.536666666666667,-0.11
"90-2008-0-054",2018,2008,10.5,"ey","not_detected",0,0,15.91,-0.465,-1.89,-2.77666666666667,2.41333333333333,-0.356666666666667
"90-2008-0-054",2019,2008,11.5,"ey","not_detected",0,0,19.32,-1.40833333333333,-0.516666666666667,-1.77,-2.95333333333333,1.45
"90-2008-0-054",2020,2008,12.5,"ey","not_detected",0,0,19.09,-3.4025,-3.32,-3.52,-3.33,-3.37666666666667
"90-2008-0-054",2021,2008,13.5,"ey","not_detected",0,0,21.14,-1.8125,-3.27666666666667,-0.343333333333333,-0.893333333333333,-3.17
"90-2008-0-054",2022,2008,14.5,"ey","not_detected",0,0,16.36,-1.96083333333333,-3.23,-2.95666666666667,0.08,-2.33
"90-2008-0-055",2008,2008,0.5,"ey","Captured",1,1,21.14,-2.125,-2.54666666666667,-2.20666666666667,-2.32666666666667,0.0366666666666666
"90-2008-0-055",2009,2008,1.5,"ey","Captured",1,1,28.86,-3.89916666666667,-3.96,-5.08666666666667,-3.69666666666667,-3.27
"90-2008-0-055",2010,2008,2.5,"ey","Captured",1,1,23.18,1.1,2.23,1.45666666666667,0.513333333333333,0.123333333333333
"90-2008-0-055",2011,2008,3.5,"ey","Alive-Cuddy",1,0,38.64,-3.3625,-3.19333333333333,-4.41333333333333,-4.20666666666667,-1.53333333333333
"90-2008-0-055",2012,2008,4.5,"ey","Captured",1,1,31.36,-0.763333333333333,1.29,-0.876666666666667,-1.53333333333333,-1.67333333333333
"90-2008-0-055",2013,2008,5.5,"ey","Alive-Cuddy",1,0,27.05,-1.95083333333333,-3.10666666666667,-2.17666666666667,-1.04333333333333,-2.49333333333333
"90-2008-0-055",2014,2008,6.5,"ey","Captured",1,1,38.18,-1.2175,-0.98,-2.16333333333333,-1.51333333333333,0.00666666666666666
"90-2008-0-055",2015,2008,7.5,"ey","Alive-Cuddy",1,0,45.45,1.83166666666667,2.94333333333333,3.56666666666667,0.42,0.223333333333333
"90-2008-0-055",2016,2008,8.5,"ey","Captured",1,1,22.27,-0.574166666666667,-0.553333333333333,-0.816666666666667,-0.986666666666667,-0.183333333333333
"90-2008-0-055",2017,2008,9.5,"ey","Alive-Cuddy",1,0,15.68,-0.921666666666667,-0.983333333333333,-1.73,-0.536666666666667,-0.11
"90-2008-0-055",2018,2008,10.5,"ey","not_detected",0,0,15.91,-0.465,-1.89,-2.77666666666667,2.41333333333333,-0.356666666666667
"90-2008-0-055",2019,2008,11.5,"ey","not_detected",0,0,19.32,-1.40833333333333,-0.516666666666667,-1.77,-2.95333333333333,1.45
"90-2008-0-055",2020,2008,12.5,"ey","not_detected",0,0,19.09,-3.4025,-3.32,-3.52,-3.33,-3.37666666666667
"90-2008-0-055",2021,2008,13.5,"ey","not_detected",0,0,21.14,-1.8125,-3.27666666666667,-0.343333333333333,-0.893333333333333,-3.17
"90-2008-0-055",2022,2008,14.5,"ey","not_detected",0,0,16.36,-1.96083333333333,-3.23,-2.95666666666667,0.08,-2.33
"90-2008-0-056",2008,2008,0.5,"ey","Captured",1,1,21.14,-2.125,-2.54666666666667,-2.20666666666667,-2.32666666666667,0.0366666666666666
"90-2008-0-056",2009,2008,1.5,"ey","Captured",1,1,28.86,-3.89916666666667,-3.96,-5.08666666666667,-3.69666666666667,-3.27
"90-2008-0-056",2010,2008,2.5,"ey","Captured",1,1,23.18,1.1,2.23,1.45666666666667,0.513333333333333,0.123333333333333
"90-2008-0-056",2011,2008,3.5,"ey","Alive-Cuddy",1,0,38.64,-3.3625,-3.19333333333333,-4.41333333333333,-4.20666666666667,-1.53333333333333
"90-2008-0-056",2012,2008,4.5,"ey","Captured",1,1,31.36,-0.763333333333333,1.29,-0.876666666666667,-1.53333333333333,-1.67333333333333
"90-2008-0-056",2013,2008,5.5,"ey","Captured",1,1,27.05,-1.95083333333333,-3.10666666666667,-2.17666666666667,-1.04333333333333,-2.49333333333333
"90-2008-0-056",2014,2008,6.5,"ey","Captured",1,1,38.18,-1.2175,-0.98,-2.16333333333333,-1.51333333333333,0.00666666666666666
"90-2008-0-056",2015,2008,7.5,"ey","Captured",1,1,45.45,1.83166666666667,2.94333333333333,3.56666666666667,0.42,0.223333333333333
"90-2008-0-056",2016,2008,8.5,"ey","Captured",1,1,22.27,-0.574166666666667,-0.553333333333333,-0.816666666666667,-0.986666666666667,-0.183333333333333
"90-2008-0-056",2017,2008,9.5,"ey","Alive-Cuddy",1,0,15.68,-0.921666666666667,-0.983333333333333,-1.73,-0.536666666666667,-0.11
"90-2008-0-056",2018,2008,10.5,"ey","not_detected",0,0,15.91,-0.465,-1.89,-2.77666666666667,2.41333333333333,-0.356666666666667
"90-2008-0-056",2019,2008,11.5,"ey","not_detected",0,0,19.32,-1.40833333333333,-0.516666666666667,-1.77,-2.95333333333333,1.45
"90-2008-0-056",2020,2008,12.5,"ey","not_detected",0,0,19.09,-3.4025,-3.32,-3.52,-3.33,-3.37666666666667
"90-2008-0-056",2021,2008,13.5,"ey","not_detected",0,0,21.14,-1.8125,-3.27666666666667,-0.343333333333333,-0.893333333333333,-3.17
"90-2008-0-056",2022,2008,14.5,"ey","not_detected",0,0,16.36,-1.96083333333333,-3.23,-2.95666666666667,0.08,-2.33
"90-2008-0-057",2008,2008,0.5,"ey","Captured",1,1,21.14,-2.125,-2.54666666666667,-2.20666666666667,-2.32666666666667,0.0366666666666666
"90-2008-0-057",2009,2008,1.5,"ey","Captured",1,1,28.86,-3.89916666666667,-3.96,-5.08666666666667,-3.69666666666667,-3.27
"90-2008-0-057",2010,2008,2.5,"ey","Alive-Cuddy",1,0,23.18,1.1,2.23,1.45666666666667,0.513333333333333,0.123333333333333
"90-2008-0-057",2011,2008,3.5,"ey","Alive-Cuddy",1,0,38.64,-3.3625,-3.19333333333333,-4.41333333333333,-4.20666666666667,-1.53333333333333
"90-2008-0-057",2012,2008,4.5,"ey","Captured",1,1,31.36,-0.763333333333333,1.29,-0.876666666666667,-1.53333333333333,-1.67333333333333
"90-2008-0-057",2013,2008,5.5,"ey","Captured",1,1,27.05,-1.95083333333333,-3.10666666666667,-2.17666666666667,-1.04333333333333,-2.49333333333333
"90-2008-0-057",2014,2008,6.5,"ey","Alive-Cuddy",1,0,38.18,-1.2175,-0.98,-2.16333333333333,-1.51333333333333,0.00666666666666666
"90-2008-0-057",2015,2008,7.5,"ey","Captured",1,1,45.45,1.83166666666667,2.94333333333333,3.56666666666667,0.42,0.223333333333333
"90-2008-0-057",2016,2008,8.5,"ey","not_detected",0,0,22.27,-0.574166666666667,-0.553333333333333,-0.816666666666667,-0.986666666666667,-0.183333333333333
"90-2008-0-057",2017,2008,9.5,"ey","not_detected",0,0,15.68,-0.921666666666667,-0.983333333333333,-1.73,-0.536666666666667,-0.11
"90-2008-0-057",2018,2008,10.5,"ey","not_detected",0,0,15.91,-0.465,-1.89,-2.77666666666667,2.41333333333333,-0.356666666666667
"90-2008-0-057",2019,2008,11.5,"ey","not_detected",0,0,19.32,-1.40833333333333,-0.516666666666667,-1.77,-2.95333333333333,1.45
"90-2008-0-057",2020,2008,12.5,"ey","not_detected",0,0,19.09,-3.4025,-3.32,-3.52,-3.33,-3.37666666666667
"90-2008-0-057",2021,2008,13.5,"ey","not_detected",0,0,21.14,-1.8125,-3.27666666666667,-0.343333333333333,-0.893333333333333,-3.17
"90-2008-0-057",2022,2008,14.5,"ey","not_detected",0,0,16.36,-1.96083333333333,-3.23,-2.95666666666667,0.08,-2.33
"90-2008-0-058",2008,2008,0.5,"ey","Captured",1,1,21.14,-2.125,-2.54666666666667,-2.20666666666667,-2.32666666666667,0.0366666666666666
"90-2008-0-058",2009,2008,1.5,"ey","not_detected",0,0,28.86,-3.89916666666667,-3.96,-5.08666666666667,-3.69666666666667,-3.27
"90-2008-0-058",2010,2008,2.5,"ey","Captured",1,1,23.18,1.1,2.23,1.45666666666667,0.513333333333333,0.123333333333333
"90-2008-0-058",2011,2008,3.5,"ey","Alive-Cuddy",1,0,38.64,-3.3625,-3.19333333333333,-4.41333333333333,-4.20666666666667,-1.53333333333333
"90-2008-0-058",2012,2008,4.5,"ey","Captured",1,1,31.36,-0.763333333333333,1.29,-0.876666666666667,-1.53333333333333,-1.67333333333333
"90-2008-0-058",2013,2008,5.5,"ey","Alive-Cuddy",1,0,27.05,-1.95083333333333,-3.10666666666667,-2.17666666666667,-1.04333333333333,-2.49333333333333
"90-2008-0-058",2014,2008,6.5,"ey","Captured",1,1,38.18,-1.2175,-0.98,-2.16333333333333,-1.51333333333333,0.00666666666666666
"90-2008-0-058",2015,2008,7.5,"ey","Captured",1,1,45.45,1.83166666666667,2.94333333333333,3.56666666666667,0.42,0.223333333333333
"90-2008-0-058",2016,2008,8.5,"ey","Alive-Cuddy",1,0,22.27,-0.574166666666667,-0.553333333333333,-0.816666666666667,-0.986666666666667,-0.183333333333333
"90-2008-0-058",2017,2008,9.5,"ey","Captured",1,1,15.68,-0.921666666666667,-0.983333333333333,-1.73,-0.536666666666667,-0.11
"90-2008-0-058",2018,2008,10.5,"ey","not_detected",0,0,15.91,-0.465,-1.89,-2.77666666666667,2.41333333333333,-0.356666666666667
"90-2008-0-058",2019,2008,11.5,"ey","not_detected",0,0,19.32,-1.40833333333333,-0.516666666666667,-1.77,-2.95333333333333,1.45
"90-2008-0-058",2020,2008,12.5,"ey","not_detected",0,0,19.09,-3.4025,-3.32,-3.52,-3.33,-3.37666666666667
"90-2008-0-058",2021,2008,13.5,"ey","not_detected",0,0,21.14,-1.8125,-3.27666666666667,-0.343333333333333,-0.893333333333333,-3.17
"90-2008-0-058",2022,2008,14.5,"ey","not_detected",0,0,16.36,-1.96083333333333,-3.23,-2.95666666666667,0.08,-2.33
"90-2008-0-059",2008,2008,0.5,"ey","Captured",1,1,21.14,-2.125,-2.54666666666667,-2.20666666666667,-2.32666666666667,0.0366666666666666
"90-2008-0-059",2009,2008,1.5,"ey","Captured",1,1,28.86,-3.89916666666667,-3.96,-5.08666666666667,-3.69666666666667,-3.27
"90-2008-0-059",2010,2008,2.5,"ey","Captured",1,1,23.18,1.1,2.23,1.45666666666667,0.513333333333333,0.123333333333333
"90-2008-0-059",2011,2008,3.5,"ey","Captured",1,1,38.64,-3.3625,-3.19333333333333,-4.41333333333333,-4.20666666666667,-1.53333333333333
"90-2008-0-059",2012,2008,4.5,"ey","Captured",1,1,31.36,-0.763333333333333,1.29,-0.876666666666667,-1.53333333333333,-1.67333333333333
"90-2008-0-059",2013,2008,5.5,"ey","Captured",1,1,27.05,-1.95083333333333,-3.10666666666667,-2.17666666666667,-1.04333333333333,-2.49333333333333
"90-2008-0-059",2014,2008,6.5,"ey","not_detected",0,0,38.18,-1.2175,-0.98,-2.16333333333333,-1.51333333333333,0.00666666666666666
"90-2008-0-059",2015,2008,7.5,"ey","not_detected",0,0,45.45,1.83166666666667,2.94333333333333,3.56666666666667,0.42,0.223333333333333
"90-2008-0-059",2016,2008,8.5,"ey","not_detected",0,0,22.27,-0.574166666666667,-0.553333333333333,-0.816666666666667,-0.986666666666667,-0.183333333333333
"90-2008-0-059",2017,2008,9.5,"ey","not_detected",0,0,15.68,-0.921666666666667,-0.983333333333333,-1.73,-0.536666666666667,-0.11
"90-2008-0-059",2018,2008,10.5,"ey","not_detected",0,0,15.91,-0.465,-1.89,-2.77666666666667,2.41333333333333,-0.356666666666667
"90-2008-0-059",2019,2008,11.5,"ey","not_detected",0,0,19.32,-1.40833333333333,-0.516666666666667,-1.77,-2.95333333333333,1.45
"90-2008-0-059",2020,2008,12.5,"ey","not_detected",0,0,19.09,-3.4025,-3.32,-3.52,-3.33,-3.37666666666667
"90-2008-0-059",2021,2008,13.5,"ey","not_detected",0,0,21.14,-1.8125,-3.27666666666667,-0.343333333333333,-0.893333333333333,-3.17
"90-2008-0-059",2022,2008,14.5,"ey","not_detected",0,0,16.36,-1.96083333333333,-3.23,-2.95666666666667,0.08,-2.33
"90-2008-0-071",2008,2008,0.5,"ey","Captured",1,1,21.14,-2.125,-2.54666666666667,-2.20666666666667,-2.32666666666667,0.0366666666666666
"90-2008-0-071",2009,2008,1.5,"ey","not_detected",0,0,28.86,-3.89916666666667,-3.96,-5.08666666666667,-3.69666666666667,-3.27
"90-2008-0-071",2010,2008,2.5,"ey","not_detected",0,0,23.18,1.1,2.23,1.45666666666667,0.513333333333333,0.123333333333333
"90-2008-0-071",2011,2008,3.5,"ey","not_detected",0,0,38.64,-3.3625,-3.19333333333333,-4.41333333333333,-4.20666666666667,-1.53333333333333
"90-2008-0-071",2012,2008,4.5,"ey","not_detected",0,0,31.36,-0.763333333333333,1.29,-0.876666666666667,-1.53333333333333,-1.67333333333333
"90-2008-0-071",2013,2008,5.5,"ey","not_detected",0,0,27.05,-1.95083333333333,-3.10666666666667,-2.17666666666667,-1.04333333333333,-2.49333333333333
"90-2008-0-071",2014,2008,6.5,"ey","not_detected",0,0,38.18,-1.2175,-0.98,-2.16333333333333,-1.51333333333333,0.00666666666666666
"90-2008-0-071",2015,2008,7.5,"ey","not_detected",0,0,45.45,1.83166666666667,2.94333333333333,3.56666666666667,0.42,0.223333333333333
"90-2008-0-071",2016,2008,8.5,"ey","not_detected",0,0,22.27,-0.574166666666667,-0.553333333333333,-0.816666666666667,-0.986666666666667,-0.183333333333333
"90-2008-0-071",2017,2008,9.5,"ey","not_detected",0,0,15.68,-0.921666666666667,-0.983333333333333,-1.73,-0.536666666666667,-0.11
"90-2008-0-071",2018,2008,10.5,"ey","not_detected",0,0,15.91,-0.465,-1.89,-2.77666666666667,2.41333333333333,-0.356666666666667
"90-2008-0-071",2019,2008,11.5,"ey","not_detected",0,0,19.32,-1.40833333333333,-0.516666666666667,-1.77,-2.95333333333333,1.45
"90-2008-0-071",2020,2008,12.5,"ey","not_detected",0,0,19.09,-3.4025,-3.32,-3.52,-3.33,-3.37666666666667
"90-2008-0-071",2021,2008,13.5,"ey","not_detected",0,0,21.14,-1.8125,-3.27666666666667,-0.343333333333333,-0.893333333333333,-3.17
"90-2008-0-071",2022,2008,14.5,"ey","not_detected",0,0,16.36,-1.96083333333333,-3.23,-2.95666666666667,0.08,-2.33
"90-2009-0-051",2009,2009,0.5,"ey","Captured",1,1,28.86,-3.89916666666667,-3.96,-5.08666666666667,-3.69666666666667,-3.27
"90-2009-0-051",2010,2009,1.5,"ey","Captured",1,1,23.18,1.1,2.23,1.45666666666667,0.513333333333333,0.123333333333333
"90-2009-0-051",2011,2009,2.5,"ey","Captured",1,1,38.64,-3.3625,-3.19333333333333,-4.41333333333333,-4.20666666666667,-1.53333333333333
"90-2009-0-051",2012,2009,3.5,"ey","Captured",1,1,31.36,-0.763333333333333,1.29,-0.876666666666667,-1.53333333333333,-1.67333333333333
"90-2009-0-051",2013,2009,4.5,"ey","Captured",1,1,27.05,-1.95083333333333,-3.10666666666667,-2.17666666666667,-1.04333333333333,-2.49333333333333
"90-2009-0-051",2014,2009,5.5,"ey","not_detected",0,0,38.18,-1.2175,-0.98,-2.16333333333333,-1.51333333333333,0.00666666666666666
"90-2009-0-051",2015,2009,6.5,"ey","not_detected",0,0,45.45,1.83166666666667,2.94333333333333,3.56666666666667,0.42,0.223333333333333
"90-2009-0-051",2016,2009,7.5,"ey","not_detected",0,0,22.27,-0.574166666666667,-0.553333333333333,-0.816666666666667,-0.986666666666667,-0.183333333333333
"90-2009-0-051",2017,2009,8.5,"ey","not_detected",0,0,15.68,-0.921666666666667,-0.983333333333333,-1.73,-0.536666666666667,-0.11
"90-2009-0-051",2018,2009,9.5,"ey","not_detected",0,0,15.91,-0.465,-1.89,-2.77666666666667,2.41333333333333,-0.356666666666667
"90-2009-0-051",2019,2009,10.5,"ey","not_detected",0,0,19.32,-1.40833333333333,-0.516666666666667,-1.77,-2.95333333333333,1.45
"90-2009-0-051",2020,2009,11.5,"ey","not_detected",0,0,19.09,-3.4025,-3.32,-3.52,-3.33,-3.37666666666667
"90-2009-0-051",2021,2009,12.5,"ey","not_detected",0,0,21.14,-1.8125,-3.27666666666667,-0.343333333333333,-0.893333333333333,-3.17
"90-2009-0-051",2022,2009,13.5,"ey","not_detected",0,0,16.36,-1.96083333333333,-3.23,-2.95666666666667,0.08,-2.33
"90-2009-0-052",2009,2009,0.5,"ey","Captured",1,1,28.86,-3.89916666666667,-3.96,-5.08666666666667,-3.69666666666667,-3.27
"90-2009-0-052",2010,2009,1.5,"ey","Alive-Cuddy",1,0,23.18,1.1,2.23,1.45666666666667,0.513333333333333,0.123333333333333
"90-2009-0-052",2011,2009,2.5,"ey","Captured",1,1,38.64,-3.3625,-3.19333333333333,-4.41333333333333,-4.20666666666667,-1.53333333333333
"90-2009-0-052",2012,2009,3.5,"ey","Alive-Cuddy",1,0,31.36,-0.763333333333333,1.29,-0.876666666666667,-1.53333333333333,-1.67333333333333
"90-2009-0-052",2013,2009,4.5,"ey","Captured",1,1,27.05,-1.95083333333333,-3.10666666666667,-2.17666666666667,-1.04333333333333,-2.49333333333333
"90-2009-0-052",2014,2009,5.5,"ey","Alive-Cuddy",1,0,38.18,-1.2175,-0.98,-2.16333333333333,-1.51333333333333,0.00666666666666666
"90-2009-0-052",2015,2009,6.5,"ey","Alive-Cuddy",1,0,45.45,1.83166666666667,2.94333333333333,3.56666666666667,0.42,0.223333333333333
"90-2009-0-052",2016,2009,7.5,"ey","Captured",1,1,22.27,-0.574166666666667,-0.553333333333333,-0.816666666666667,-0.986666666666667,-0.183333333333333
"90-2009-0-052",2017,2009,8.5,"ey","not_detected",0,0,15.68,-0.921666666666667,-0.983333333333333,-1.73,-0.536666666666667,-0.11
"90-2009-0-052",2018,2009,9.5,"ey","not_detected",0,0,15.91,-0.465,-1.89,-2.77666666666667,2.41333333333333,-0.356666666666667
"90-2009-0-052",2019,2009,10.5,"ey","not_detected",0,0,19.32,-1.40833333333333,-0.516666666666667,-1.77,-2.95333333333333,1.45
"90-2009-0-052",2020,2009,11.5,"ey","not_detected",0,0,19.09,-3.4025,-3.32,-3.52,-3.33,-3.37666666666667
"90-2009-0-052",2021,2009,12.5,"ey","not_detected",0,0,21.14,-1.8125,-3.27666666666667,-0.343333333333333,-0.893333333333333,-3.17
"90-2009-0-052",2022,2009,13.5,"ey","not_detected",0,0,16.36,-1.96083333333333,-3.23,-2.95666666666667,0.08,-2.33
"90-2009-0-053",2009,2009,0.5,"ey","Captured",1,1,28.86,-3.89916666666667,-3.96,-5.08666666666667,-3.69666666666667,-3.27
"90-2009-0-053",2010,2009,1.5,"ey","Alive-Cuddy",1,0,23.18,1.1,2.23,1.45666666666667,0.513333333333333,0.123333333333333
"90-2009-0-053",2011,2009,2.5,"ey","Captured",1,1,38.64,-3.3625,-3.19333333333333,-4.41333333333333,-4.20666666666667,-1.53333333333333
"90-2009-0-053",2012,2009,3.5,"ey","Captured",1,1,31.36,-0.763333333333333,1.29,-0.876666666666667,-1.53333333333333,-1.67333333333333
"90-2009-0-053",2013,2009,4.5,"ey","Captured",1,1,27.05,-1.95083333333333,-3.10666666666667,-2.17666666666667,-1.04333333333333,-2.49333333333333
"90-2009-0-053",2014,2009,5.5,"ey","Captured",1,1,38.18,-1.2175,-0.98,-2.16333333333333,-1.51333333333333,0.00666666666666666
"90-2009-0-053",2015,2009,6.5,"ey","Captured",1,1,45.45,1.83166666666667,2.94333333333333,3.56666666666667,0.42,0.223333333333333
"90-2009-0-053",2016,2009,7.5,"ey","Captured",1,1,22.27,-0.574166666666667,-0.553333333333333,-0.816666666666667,-0.986666666666667,-0.183333333333333
"90-2009-0-053",2017,2009,8.5,"ey","Captured",1,1,15.68,-0.921666666666667,-0.983333333333333,-1.73,-0.536666666666667,-0.11
"90-2009-0-053",2018,2009,9.5,"ey","Captured",1,1,15.91,-0.465,-1.89,-2.77666666666667,2.41333333333333,-0.356666666666667
"90-2009-0-053",2019,2009,10.5,"ey","Captured",1,1,19.32,-1.40833333333333,-0.516666666666667,-1.77,-2.95333333333333,1.45
"90-2009-0-053",2020,2009,11.5,"ey","Nat Mortality",2,2,19.09,-3.4025,-3.32,-3.52,-3.33,-3.37666666666667
"90-2009-0-053",2021,2009,12.5,"ey","not_detected",0,0,21.14,-1.8125,-3.27666666666667,-0.343333333333333,-0.893333333333333,-3.17
"90-2009-0-053",2022,2009,13.5,"ey","not_detected",0,0,16.36,-1.96083333333333,-3.23,-2.95666666666667,0.08,-2.33
"90-2009-0-054",2009,2009,0.5,"ey","Captured",1,1,28.86,-3.89916666666667,-3.96,-5.08666666666667,-3.69666666666667,-3.27
"90-2009-0-054",2010,2009,1.5,"ey","Captured",1,1,23.18,1.1,2.23,1.45666666666667,0.513333333333333,0.123333333333333
"90-2009-0-054",2011,2009,2.5,"ey","Captured",1,1,38.64,-3.3625,-3.19333333333333,-4.41333333333333,-4.20666666666667,-1.53333333333333
"90-2009-0-054",2012,2009,3.5,"ey","Captured",1,1,31.36,-0.763333333333333,1.29,-0.876666666666667,-1.53333333333333,-1.67333333333333
"90-2009-0-054",2013,2009,4.5,"ey","Captured",1,1,27.05,-1.95083333333333,-3.10666666666667,-2.17666666666667,-1.04333333333333,-2.49333333333333
"90-2009-0-054",2014,2009,5.5,"ey","Captured",1,1,38.18,-1.2175,-0.98,-2.16333333333333,-1.51333333333333,0.00666666666666666
"90-2009-0-054",2015,2009,6.5,"ey","Captured",1,1,45.45,1.83166666666667,2.94333333333333,3.56666666666667,0.42,0.223333333333333
"90-2009-0-054",2016,2009,7.5,"ey","Captured",1,1,22.27,-0.574166666666667,-0.553333333333333,-0.816666666666667,-0.986666666666667,-0.183333333333333
"90-2009-0-054",2017,2009,8.5,"ey","Nat Mortality",2,2,15.68,-0.921666666666667,-0.983333333333333,-1.73,-0.536666666666667,-0.11
"90-2009-0-054",2018,2009,9.5,"ey","not_detected",0,0,15.91,-0.465,-1.89,-2.77666666666667,2.41333333333333,-0.356666666666667
"90-2009-0-054",2019,2009,10.5,"ey","not_detected",0,0,19.32,-1.40833333333333,-0.516666666666667,-1.77,-2.95333333333333,1.45
"90-2009-0-054",2020,2009,11.5,"ey","not_detected",0,0,19.09,-3.4025,-3.32,-3.52,-3.33,-3.37666666666667
"90-2009-0-054",2021,2009,12.5,"ey","not_detected",0,0,21.14,-1.8125,-3.27666666666667,-0.343333333333333,-0.893333333333333,-3.17
"90-2009-0-054",2022,2009,13.5,"ey","not_detected",0,0,16.36,-1.96083333333333,-3.23,-2.95666666666667,0.08,-2.33
"90-2009-0-055",2009,2009,0.5,"ey","Captured",1,1,28.86,-3.89916666666667,-3.96,-5.08666666666667,-3.69666666666667,-3.27
"90-2009-0-055",2010,2009,1.5,"ey","not_detected",0,0,23.18,1.1,2.23,1.45666666666667,0.513333333333333,0.123333333333333
"90-2009-0-055",2011,2009,2.5,"ey","not_detected",0,0,38.64,-3.3625,-3.19333333333333,-4.41333333333333,-4.20666666666667,-1.53333333333333
"90-2009-0-055",2012,2009,3.5,"ey","not_detected",0,0,31.36,-0.763333333333333,1.29,-0.876666666666667,-1.53333333333333,-1.67333333333333
"90-2009-0-055",2013,2009,4.5,"ey","not_detected",0,0,27.05,-1.95083333333333,-3.10666666666667,-2.17666666666667,-1.04333333333333,-2.49333333333333
"90-2009-0-055",2014,2009,5.5,"ey","not_detected",0,0,38.18,-1.2175,-0.98,-2.16333333333333,-1.51333333333333,0.00666666666666666
"90-2009-0-055",2015,2009,6.5,"ey","not_detected",0,0,45.45,1.83166666666667,2.94333333333333,3.56666666666667,0.42,0.223333333333333
"90-2009-0-055",2016,2009,7.5,"ey","not_detected",0,0,22.27,-0.574166666666667,-0.553333333333333,-0.816666666666667,-0.986666666666667,-0.183333333333333
"90-2009-0-055",2017,2009,8.5,"ey","not_detected",0,0,15.68,-0.921666666666667,-0.983333333333333,-1.73,-0.536666666666667,-0.11
"90-2009-0-055",2018,2009,9.5,"ey","not_detected",0,0,15.91,-0.465,-1.89,-2.77666666666667,2.41333333333333,-0.356666666666667
"90-2009-0-055",2019,2009,10.5,"ey","not_detected",0,0,19.32,-1.40833333333333,-0.516666666666667,-1.77,-2.95333333333333,1.45
"90-2009-0-055",2020,2009,11.5,"ey","not_detected",0,0,19.09,-3.4025,-3.32,-3.52,-3.33,-3.37666666666667
"90-2009-0-055",2021,2009,12.5,"ey","not_detected",0,0,21.14,-1.8125,-3.27666666666667,-0.343333333333333,-0.893333333333333,-3.17
"90-2009-0-055",2022,2009,13.5,"ey","not_detected",0,0,16.36,-1.96083333333333,-3.23,-2.95666666666667,0.08,-2.33
"90-2009-0-056",2009,2009,0.5,"ey","Captured",1,1,28.86,-3.89916666666667,-3.96,-5.08666666666667,-3.69666666666667,-3.27
"90-2009-0-056",2010,2009,1.5,"ey","Captured",1,1,23.18,1.1,2.23,1.45666666666667,0.513333333333333,0.123333333333333
"90-2009-0-056",2011,2009,2.5,"ey","Alive-Cuddy",1,0,38.64,-3.3625,-3.19333333333333,-4.41333333333333,-4.20666666666667,-1.53333333333333
"90-2009-0-056",2012,2009,3.5,"ey","Captured",1,1,31.36,-0.763333333333333,1.29,-0.876666666666667,-1.53333333333333,-1.67333333333333
"90-2009-0-056",2013,2009,4.5,"ey","Alive-Cuddy",1,0,27.05,-1.95083333333333,-3.10666666666667,-2.17666666666667,-1.04333333333333,-2.49333333333333
"90-2009-0-056",2014,2009,5.5,"ey","Captured",1,1,38.18,-1.2175,-0.98,-2.16333333333333,-1.51333333333333,0.00666666666666666
"90-2009-0-056",2015,2009,6.5,"ey","Captured",1,1,45.45,1.83166666666667,2.94333333333333,3.56666666666667,0.42,0.223333333333333
"90-2009-0-056",2016,2009,7.5,"ey","Captured",1,1,22.27,-0.574166666666667,-0.553333333333333,-0.816666666666667,-0.986666666666667,-0.183333333333333
"90-2009-0-056",2017,2009,8.5,"ey","Captured",1,1,15.68,-0.921666666666667,-0.983333333333333,-1.73,-0.536666666666667,-0.11
"90-2009-0-056",2018,2009,9.5,"ey","Captured",1,1,15.91,-0.465,-1.89,-2.77666666666667,2.41333333333333,-0.356666666666667
"90-2009-0-056",2019,2009,10.5,"ey","Captured",1,1,19.32,-1.40833333333333,-0.516666666666667,-1.77,-2.95333333333333,1.45
"90-2009-0-056",2020,2009,11.5,"ey","Captured",1,1,19.09,-3.4025,-3.32,-3.52,-3.33,-3.37666666666667
"90-2009-0-056",2021,2009,12.5,"ey","not_detected",0,0,21.14,-1.8125,-3.27666666666667,-0.343333333333333,-0.893333333333333,-3.17
"90-2009-0-056",2022,2009,13.5,"ey","not_detected",0,0,16.36,-1.96083333333333,-3.23,-2.95666666666667,0.08,-2.33
"90-2009-0-057",2009,2009,0.5,"ey","Captured",1,1,28.86,-3.89916666666667,-3.96,-5.08666666666667,-3.69666666666667,-3.27
"90-2009-0-057",2010,2009,1.5,"ey","Captured",1,1,23.18,1.1,2.23,1.45666666666667,0.513333333333333,0.123333333333333
"90-2009-0-057",2011,2009,2.5,"ey","Captured",1,1,38.64,-3.3625,-3.19333333333333,-4.41333333333333,-4.20666666666667,-1.53333333333333
"90-2009-0-057",2012,2009,3.5,"ey","Captured",1,1,31.36,-0.763333333333333,1.29,-0.876666666666667,-1.53333333333333,-1.67333333333333
"90-2009-0-057",2013,2009,4.5,"ey","Captured",1,1,27.05,-1.95083333333333,-3.10666666666667,-2.17666666666667,-1.04333333333333,-2.49333333333333
"90-2009-0-057",2014,2009,5.5,"ey","Captured",1,1,38.18,-1.2175,-0.98,-2.16333333333333,-1.51333333333333,0.00666666666666666
"90-2009-0-057",2015,2009,6.5,"ey","Captured",1,1,45.45,1.83166666666667,2.94333333333333,3.56666666666667,0.42,0.223333333333333
"90-2009-0-057",2016,2009,7.5,"ey","not_detected",0,0,22.27,-0.574166666666667,-0.553333333333333,-0.816666666666667,-0.986666666666667,-0.183333333333333
"90-2009-0-057",2017,2009,8.5,"ey","not_detected",0,0,15.68,-0.921666666666667,-0.983333333333333,-1.73,-0.536666666666667,-0.11
"90-2009-0-057",2018,2009,9.5,"ey","not_detected",0,0,15.91,-0.465,-1.89,-2.77666666666667,2.41333333333333,-0.356666666666667
"90-2009-0-057",2019,2009,10.5,"ey","not_detected",0,0,19.32,-1.40833333333333,-0.516666666666667,-1.77,-2.95333333333333,1.45
"90-2009-0-057",2020,2009,11.5,"ey","not_detected",0,0,19.09,-3.4025,-3.32,-3.52,-3.33,-3.37666666666667
"90-2009-0-057",2021,2009,12.5,"ey","not_detected",0,0,21.14,-1.8125,-3.27666666666667,-0.343333333333333,-0.893333333333333,-3.17
"90-2009-0-057",2022,2009,13.5,"ey","not_detected",0,0,16.36,-1.96083333333333,-3.23,-2.95666666666667,0.08,-2.33
"90-2009-0-058",2009,2009,0.5,"ey","Captured",1,1,28.86,-3.89916666666667,-3.96,-5.08666666666667,-3.69666666666667,-3.27
"90-2009-0-058",2010,2009,1.5,"ey","Captured",1,1,23.18,1.1,2.23,1.45666666666667,0.513333333333333,0.123333333333333
"90-2009-0-058",2011,2009,2.5,"ey","Captured",1,1,38.64,-3.3625,-3.19333333333333,-4.41333333333333,-4.20666666666667,-1.53333333333333
"90-2009-0-058",2012,2009,3.5,"ey","Captured",1,1,31.36,-0.763333333333333,1.29,-0.876666666666667,-1.53333333333333,-1.67333333333333
"90-2009-0-058",2013,2009,4.5,"ey","Captured",1,1,27.05,-1.95083333333333,-3.10666666666667,-2.17666666666667,-1.04333333333333,-2.49333333333333
"90-2009-0-058",2014,2009,5.5,"ey","Captured",1,1,38.18,-1.2175,-0.98,-2.16333333333333,-1.51333333333333,0.00666666666666666
"90-2009-0-058",2015,2009,6.5,"ey","Alive-Cuddy",1,0,45.45,1.83166666666667,2.94333333333333,3.56666666666667,0.42,0.223333333333333
"90-2009-0-058",2016,2009,7.5,"ey","Captured",1,1,22.27,-0.574166666666667,-0.553333333333333,-0.816666666666667,-0.986666666666667,-0.183333333333333
"90-2009-0-058",2017,2009,8.5,"ey","Captured",1,1,15.68,-0.921666666666667,-0.983333333333333,-1.73,-0.536666666666667,-0.11
"90-2009-0-058",2018,2009,9.5,"ey","Captured",1,1,15.91,-0.465,-1.89,-2.77666666666667,2.41333333333333,-0.356666666666667
"90-2009-0-058",2019,2009,10.5,"ey","Captured",1,1,19.32,-1.40833333333333,-0.516666666666667,-1.77,-2.95333333333333,1.45
"90-2009-0-058",2020,2009,11.5,"ey","Captured",1,1,19.09,-3.4025,-3.32,-3.52,-3.33,-3.37666666666667
"90-2009-0-058",2021,2009,12.5,"ey","Nat Mortality",2,2,21.14,-1.8125,-3.27666666666667,-0.343333333333333,-0.893333333333333,-3.17
"90-2009-0-058",2022,2009,13.5,"ey","not_detected",0,0,16.36,-1.96083333333333,-3.23,-2.95666666666667,0.08,-2.33
"90-2009-0-059",2009,2009,0.5,"ey","Captured",1,1,28.86,-3.89916666666667,-3.96,-5.08666666666667,-3.69666666666667,-3.27
"90-2009-0-059",2010,2009,1.5,"ey","Captured",1,1,23.18,1.1,2.23,1.45666666666667,0.513333333333333,0.123333333333333
"90-2009-0-059",2011,2009,2.5,"ey","Captured",1,1,38.64,-3.3625,-3.19333333333333,-4.41333333333333,-4.20666666666667,-1.53333333333333
"90-2009-0-059",2012,2009,3.5,"ey","Captured",1,1,31.36,-0.763333333333333,1.29,-0.876666666666667,-1.53333333333333,-1.67333333333333
"90-2009-0-059",2013,2009,4.5,"ey","Captured",1,1,27.05,-1.95083333333333,-3.10666666666667,-2.17666666666667,-1.04333333333333,-2.49333333333333
"90-2009-0-059",2014,2009,5.5,"ey","Captured",1,1,38.18,-1.2175,-0.98,-2.16333333333333,-1.51333333333333,0.00666666666666666
"90-2009-0-059",2015,2009,6.5,"ey","Captured",1,1,45.45,1.83166666666667,2.94333333333333,3.56666666666667,0.42,0.223333333333333
"90-2009-0-059",2016,2009,7.5,"ey","Captured",1,1,22.27,-0.574166666666667,-0.553333333333333,-0.816666666666667,-0.986666666666667,-0.183333333333333
"90-2009-0-059",2017,2009,8.5,"ey","Captured",1,1,15.68,-0.921666666666667,-0.983333333333333,-1.73,-0.536666666666667,-0.11
"90-2009-0-059",2018,2009,9.5,"ey","Captured",1,1,15.91,-0.465,-1.89,-2.77666666666667,2.41333333333333,-0.356666666666667
"90-2009-0-059",2019,2009,10.5,"ey","Captured",1,1,19.32,-1.40833333333333,-0.516666666666667,-1.77,-2.95333333333333,1.45
"90-2009-0-059",2020,2009,11.5,"ey","not_detected",0,0,19.09,-3.4025,-3.32,-3.52,-3.33,-3.37666666666667
"90-2009-0-059",2021,2009,12.5,"ey","not_detected",0,0,21.14,-1.8125,-3.27666666666667,-0.343333333333333,-0.893333333333333,-3.17
"90-2009-0-059",2022,2009,13.5,"ey","not_detected",0,0,16.36,-1.96083333333333,-3.23,-2.95666666666667,0.08,-2.33
"90-2009-0-060",2009,2009,0.5,"ey","Captured",1,1,28.86,-3.89916666666667,-3.96,-5.08666666666667,-3.69666666666667,-3.27
"90-2009-0-060",2010,2009,1.5,"ey","Captured",1,1,23.18,1.1,2.23,1.45666666666667,0.513333333333333,0.123333333333333
"90-2009-0-060",2011,2009,2.5,"ey","Captured",1,1,38.64,-3.3625,-3.19333333333333,-4.41333333333333,-4.20666666666667,-1.53333333333333
"90-2009-0-060",2012,2009,3.5,"ey","Captured",1,1,31.36,-0.763333333333333,1.29,-0.876666666666667,-1.53333333333333,-1.67333333333333
"90-2009-0-060",2013,2009,4.5,"ey","Captured",1,1,27.05,-1.95083333333333,-3.10666666666667,-2.17666666666667,-1.04333333333333,-2.49333333333333
"90-2009-0-060",2014,2009,5.5,"ey","Captured",1,1,38.18,-1.2175,-0.98,-2.16333333333333,-1.51333333333333,0.00666666666666666
"90-2009-0-060",2015,2009,6.5,"ey","Captured",1,1,45.45,1.83166666666667,2.94333333333333,3.56666666666667,0.42,0.223333333333333
"90-2009-0-060",2016,2009,7.5,"ey","Captured",1,1,22.27,-0.574166666666667,-0.553333333333333,-0.816666666666667,-0.986666666666667,-0.183333333333333
"90-2009-0-060",2017,2009,8.5,"ey","Captured",1,1,15.68,-0.921666666666667,-0.983333333333333,-1.73,-0.536666666666667,-0.11
"90-2009-0-060",2018,2009,9.5,"ey","Captured",1,1,15.91,-0.465,-1.89,-2.77666666666667,2.41333333333333,-0.356666666666667
"90-2009-0-060",2019,2009,10.5,"ey","Captured",1,1,19.32,-1.40833333333333,-0.516666666666667,-1.77,-2.95333333333333,1.45
"90-2009-0-060",2020,2009,11.5,"ey","Captured",1,1,19.09,-3.4025,-3.32,-3.52,-3.33,-3.37666666666667
"90-2009-0-060",2021,2009,12.5,"ey","Captured",1,1,21.14,-1.8125,-3.27666666666667,-0.343333333333333,-0.893333333333333,-3.17
"90-2009-0-060",2022,2009,13.5,"ey","not_detected",0,0,16.36,-1.96083333333333,-3.23,-2.95666666666667,0.08,-2.33
"90-2009-0-061",2009,2009,0.5,"ey","Captured",1,1,28.86,-3.89916666666667,-3.96,-5.08666666666667,-3.69666666666667,-3.27
"90-2009-0-061",2010,2009,1.5,"ey","not_detected",0,0,23.18,1.1,2.23,1.45666666666667,0.513333333333333,0.123333333333333
"90-2009-0-061",2011,2009,2.5,"ey","not_detected",0,0,38.64,-3.3625,-3.19333333333333,-4.41333333333333,-4.20666666666667,-1.53333333333333
"90-2009-0-061",2012,2009,3.5,"ey","not_detected",0,0,31.36,-0.763333333333333,1.29,-0.876666666666667,-1.53333333333333,-1.67333333333333
"90-2009-0-061",2013,2009,4.5,"ey","not_detected",0,0,27.05,-1.95083333333333,-3.10666666666667,-2.17666666666667,-1.04333333333333,-2.49333333333333
"90-2009-0-061",2014,2009,5.5,"ey","not_detected",0,0,38.18,-1.2175,-0.98,-2.16333333333333,-1.51333333333333,0.00666666666666666
"90-2009-0-061",2015,2009,6.5,"ey","not_detected",0,0,45.45,1.83166666666667,2.94333333333333,3.56666666666667,0.42,0.223333333333333
"90-2009-0-061",2016,2009,7.5,"ey","not_detected",0,0,22.27,-0.574166666666667,-0.553333333333333,-0.816666666666667,-0.986666666666667,-0.183333333333333
"90-2009-0-061",2017,2009,8.5,"ey","not_detected",0,0,15.68,-0.921666666666667,-0.983333333333333,-1.73,-0.536666666666667,-0.11
"90-2009-0-061",2018,2009,9.5,"ey","not_detected",0,0,15.91,-0.465,-1.89,-2.77666666666667,2.41333333333333,-0.356666666666667
"90-2009-0-061",2019,2009,10.5,"ey","not_detected",0,0,19.32,-1.40833333333333,-0.516666666666667,-1.77,-2.95333333333333,1.45
"90-2009-0-061",2020,2009,11.5,"ey","not_detected",0,0,19.09,-3.4025,-3.32,-3.52,-3.33,-3.37666666666667
"90-2009-0-061",2021,2009,12.5,"ey","not_detected",0,0,21.14,-1.8125,-3.27666666666667,-0.343333333333333,-0.893333333333333,-3.17
"90-2009-0-061",2022,2009,13.5,"ey","not_detected",0,0,16.36,-1.96083333333333,-3.23,-2.95666666666667,0.08,-2.33
"90-2009-0-062",2009,2009,0.5,"ey","Captured",1,1,28.86,-3.89916666666667,-3.96,-5.08666666666667,-3.69666666666667,-3.27
"90-2009-0-062",2010,2009,1.5,"ey","Captured",1,1,23.18,1.1,2.23,1.45666666666667,0.513333333333333,0.123333333333333
"90-2009-0-062",2011,2009,2.5,"ey","Captured",1,1,38.64,-3.3625,-3.19333333333333,-4.41333333333333,-4.20666666666667,-1.53333333333333
"90-2009-0-062",2012,2009,3.5,"ey","Captured",1,1,31.36,-0.763333333333333,1.29,-0.876666666666667,-1.53333333333333,-1.67333333333333
"90-2009-0-062",2013,2009,4.5,"ey","Captured",1,1,27.05,-1.95083333333333,-3.10666666666667,-2.17666666666667,-1.04333333333333,-2.49333333333333
"90-2009-0-062",2014,2009,5.5,"ey","Alive-Cuddy",1,0,38.18,-1.2175,-0.98,-2.16333333333333,-1.51333333333333,0.00666666666666666
"90-2009-0-062",2015,2009,6.5,"ey","Captured",1,1,45.45,1.83166666666667,2.94333333333333,3.56666666666667,0.42,0.223333333333333
"90-2009-0-062",2016,2009,7.5,"ey","Captured",1,1,22.27,-0.574166666666667,-0.553333333333333,-0.816666666666667,-0.986666666666667,-0.183333333333333
"90-2009-0-062",2017,2009,8.5,"ey","Captured",1,1,15.68,-0.921666666666667,-0.983333333333333,-1.73,-0.536666666666667,-0.11
"90-2009-0-062",2018,2009,9.5,"ey","not_detected",0,0,15.91,-0.465,-1.89,-2.77666666666667,2.41333333333333,-0.356666666666667
"90-2009-0-062",2019,2009,10.5,"ey","not_detected",0,0,19.32,-1.40833333333333,-0.516666666666667,-1.77,-2.95333333333333,1.45
"90-2009-0-062",2020,2009,11.5,"ey","not_detected",0,0,19.09,-3.4025,-3.32,-3.52,-3.33,-3.37666666666667
"90-2009-0-062",2021,2009,12.5,"ey","not_detected",0,0,21.14,-1.8125,-3.27666666666667,-0.343333333333333,-0.893333333333333,-3.17
"90-2009-0-062",2022,2009,13.5,"ey","not_detected",0,0,16.36,-1.96083333333333,-3.23,-2.95666666666667,0.08,-2.33
"90-2009-0-063",2009,2009,0.5,"ey","Captured",1,1,28.86,-3.89916666666667,-3.96,-5.08666666666667,-3.69666666666667,-3.27
"90-2009-0-063",2010,2009,1.5,"ey","Captured",1,1,23.18,1.1,2.23,1.45666666666667,0.513333333333333,0.123333333333333
"90-2009-0-063",2011,2009,2.5,"ey","Captured",1,1,38.64,-3.3625,-3.19333333333333,-4.41333333333333,-4.20666666666667,-1.53333333333333
"90-2009-0-063",2012,2009,3.5,"ey","Captured",1,1,31.36,-0.763333333333333,1.29,-0.876666666666667,-1.53333333333333,-1.67333333333333
"90-2009-0-063",2013,2009,4.5,"ey","Captured",1,1,27.05,-1.95083333333333,-3.10666666666667,-2.17666666666667,-1.04333333333333,-2.49333333333333
"90-2009-0-063",2014,2009,5.5,"ey","Captured",1,1,38.18,-1.2175,-0.98,-2.16333333333333,-1.51333333333333,0.00666666666666666
"90-2009-0-063",2015,2009,6.5,"ey","Captured",1,1,45.45,1.83166666666667,2.94333333333333,3.56666666666667,0.42,0.223333333333333
"90-2009-0-063",2016,2009,7.5,"ey","Captured",1,1,22.27,-0.574166666666667,-0.553333333333333,-0.816666666666667,-0.986666666666667,-0.183333333333333
"90-2009-0-063",2017,2009,8.5,"ey","Captured",1,1,15.68,-0.921666666666667,-0.983333333333333,-1.73,-0.536666666666667,-0.11
"90-2009-0-063",2018,2009,9.5,"ey","Captured",1,1,15.91,-0.465,-1.89,-2.77666666666667,2.41333333333333,-0.356666666666667
"90-2009-0-063",2019,2009,10.5,"ey","not_detected",0,0,19.32,-1.40833333333333,-0.516666666666667,-1.77,-2.95333333333333,1.45
"90-2009-0-063",2020,2009,11.5,"ey","not_detected",0,0,19.09,-3.4025,-3.32,-3.52,-3.33,-3.37666666666667
"90-2009-0-063",2021,2009,12.5,"ey","not_detected",0,0,21.14,-1.8125,-3.27666666666667,-0.343333333333333,-0.893333333333333,-3.17
"90-2009-0-063",2022,2009,13.5,"ey","not_detected",0,0,16.36,-1.96083333333333,-3.23,-2.95666666666667,0.08,-2.33
"90-2009-0-064",2009,2009,0.5,"ey","Captured",1,1,28.86,-3.89916666666667,-3.96,-5.08666666666667,-3.69666666666667,-3.27
"90-2009-0-064",2010,2009,1.5,"ey","Captured",1,1,23.18,1.1,2.23,1.45666666666667,0.513333333333333,0.123333333333333
"90-2009-0-064",2011,2009,2.5,"ey","Captured",1,1,38.64,-3.3625,-3.19333333333333,-4.41333333333333,-4.20666666666667,-1.53333333333333
"90-2009-0-064",2012,2009,3.5,"ey","Captured",1,1,31.36,-0.763333333333333,1.29,-0.876666666666667,-1.53333333333333,-1.67333333333333
"90-2009-0-064",2013,2009,4.5,"ey","Captured",1,1,27.05,-1.95083333333333,-3.10666666666667,-2.17666666666667,-1.04333333333333,-2.49333333333333
"90-2009-0-064",2014,2009,5.5,"ey","Captured",1,1,38.18,-1.2175,-0.98,-2.16333333333333,-1.51333333333333,0.00666666666666666
"90-2009-0-064",2015,2009,6.5,"ey","not_detected",0,0,45.45,1.83166666666667,2.94333333333333,3.56666666666667,0.42,0.223333333333333
"90-2009-0-064",2016,2009,7.5,"ey","not_detected",0,0,22.27,-0.574166666666667,-0.553333333333333,-0.816666666666667,-0.986666666666667,-0.183333333333333
"90-2009-0-064",2017,2009,8.5,"ey","not_detected",0,0,15.68,-0.921666666666667,-0.983333333333333,-1.73,-0.536666666666667,-0.11
"90-2009-0-064",2018,2009,9.5,"ey","not_detected",0,0,15.91,-0.465,-1.89,-2.77666666666667,2.41333333333333,-0.356666666666667
"90-2009-0-064",2019,2009,10.5,"ey","not_detected",0,0,19.32,-1.40833333333333,-0.516666666666667,-1.77,-2.95333333333333,1.45
"90-2009-0-064",2020,2009,11.5,"ey","not_detected",0,0,19.09,-3.4025,-3.32,-3.52,-3.33,-3.37666666666667
"90-2009-0-064",2021,2009,12.5,"ey","not_detected",0,0,21.14,-1.8125,-3.27666666666667,-0.343333333333333,-0.893333333333333,-3.17
"90-2009-0-064",2022,2009,13.5,"ey","not_detected",0,0,16.36,-1.96083333333333,-3.23,-2.95666666666667,0.08,-2.33
"90-2009-0-066",2009,2009,0.5,"ey","Captured",1,1,28.86,-3.89916666666667,-3.96,-5.08666666666667,-3.69666666666667,-3.27
"90-2009-0-066",2010,2009,1.5,"ey","Captured",1,1,23.18,1.1,2.23,1.45666666666667,0.513333333333333,0.123333333333333
"90-2009-0-066",2011,2009,2.5,"ey","Captured",1,1,38.64,-3.3625,-3.19333333333333,-4.41333333333333,-4.20666666666667,-1.53333333333333
"90-2009-0-066",2012,2009,3.5,"ey","Captured",1,1,31.36,-0.763333333333333,1.29,-0.876666666666667,-1.53333333333333,-1.67333333333333
"90-2009-0-066",2013,2009,4.5,"ey","Alive-Cuddy",1,0,27.05,-1.95083333333333,-3.10666666666667,-2.17666666666667,-1.04333333333333,-2.49333333333333
"90-2009-0-066",2014,2009,5.5,"ey","Captured",1,1,38.18,-1.2175,-0.98,-2.16333333333333,-1.51333333333333,0.00666666666666666
"90-2009-0-066",2015,2009,6.5,"ey","Captured",1,1,45.45,1.83166666666667,2.94333333333333,3.56666666666667,0.42,0.223333333333333
"90-2009-0-066",2016,2009,7.5,"ey","Captured",1,1,22.27,-0.574166666666667,-0.553333333333333,-0.816666666666667,-0.986666666666667,-0.183333333333333
"90-2009-0-066",2017,2009,8.5,"ey","not_detected",0,0,15.68,-0.921666666666667,-0.983333333333333,-1.73,-0.536666666666667,-0.11
"90-2009-0-066",2018,2009,9.5,"ey","not_detected",0,0,15.91,-0.465,-1.89,-2.77666666666667,2.41333333333333,-0.356666666666667
"90-2009-0-066",2019,2009,10.5,"ey","not_detected",0,0,19.32,-1.40833333333333,-0.516666666666667,-1.77,-2.95333333333333,1.45
"90-2009-0-066",2020,2009,11.5,"ey","not_detected",0,0,19.09,-3.4025,-3.32,-3.52,-3.33,-3.37666666666667
"90-2009-0-066",2021,2009,12.5,"ey","not_detected",0,0,21.14,-1.8125,-3.27666666666667,-0.343333333333333,-0.893333333333333,-3.17
"90-2009-0-066",2022,2009,13.5,"ey","not_detected",0,0,16.36,-1.96083333333333,-3.23,-2.95666666666667,0.08,-2.33
"90-2009-0-067",2009,2009,0.5,"ey","Captured",1,1,28.86,-3.89916666666667,-3.96,-5.08666666666667,-3.69666666666667,-3.27
"90-2009-0-067",2010,2009,1.5,"ey","Captured",1,1,23.18,1.1,2.23,1.45666666666667,0.513333333333333,0.123333333333333
"90-2009-0-067",2011,2009,2.5,"ey","Captured",1,1,38.64,-3.3625,-3.19333333333333,-4.41333333333333,-4.20666666666667,-1.53333333333333
"90-2009-0-067",2012,2009,3.5,"ey","Captured",1,1,31.36,-0.763333333333333,1.29,-0.876666666666667,-1.53333333333333,-1.67333333333333
"90-2009-0-067",2013,2009,4.5,"ey","Captured",1,1,27.05,-1.95083333333333,-3.10666666666667,-2.17666666666667,-1.04333333333333,-2.49333333333333
"90-2009-0-067",2014,2009,5.5,"ey","Captured",1,1,38.18,-1.2175,-0.98,-2.16333333333333,-1.51333333333333,0.00666666666666666
"90-2009-0-067",2015,2009,6.5,"ey","Alive-Cuddy",1,0,45.45,1.83166666666667,2.94333333333333,3.56666666666667,0.42,0.223333333333333
"90-2009-0-067",2016,2009,7.5,"ey","Captured",1,1,22.27,-0.574166666666667,-0.553333333333333,-0.816666666666667,-0.986666666666667,-0.183333333333333
"90-2009-0-067",2017,2009,8.5,"ey","Captured",1,1,15.68,-0.921666666666667,-0.983333333333333,-1.73,-0.536666666666667,-0.11
"90-2009-0-067",2018,2009,9.5,"ey","Captured",1,1,15.91,-0.465,-1.89,-2.77666666666667,2.41333333333333,-0.356666666666667
"90-2009-0-067",2019,2009,10.5,"ey","Captured",1,1,19.32,-1.40833333333333,-0.516666666666667,-1.77,-2.95333333333333,1.45
"90-2009-0-067",2020,2009,11.5,"ey","Captured",1,1,19.09,-3.4025,-3.32,-3.52,-3.33,-3.37666666666667
"90-2009-0-067",2021,2009,12.5,"ey","not_detected",0,0,21.14,-1.8125,-3.27666666666667,-0.343333333333333,-0.893333333333333,-3.17
"90-2009-0-067",2022,2009,13.5,"ey","not_detected",0,0,16.36,-1.96083333333333,-3.23,-2.95666666666667,0.08,-2.33
"90-2009-0-068",2009,2009,0.5,"ey","Captured",1,1,28.86,-3.89916666666667,-3.96,-5.08666666666667,-3.69666666666667,-3.27
"90-2009-0-068",2010,2009,1.5,"ey","Captured",1,1,23.18,1.1,2.23,1.45666666666667,0.513333333333333,0.123333333333333
"90-2009-0-068",2011,2009,2.5,"ey","Captured",1,1,38.64,-3.3625,-3.19333333333333,-4.41333333333333,-4.20666666666667,-1.53333333333333
"90-2009-0-068",2012,2009,3.5,"ey","Captured",1,1,31.36,-0.763333333333333,1.29,-0.876666666666667,-1.53333333333333,-1.67333333333333
"90-2009-0-068",2013,2009,4.5,"ey","Captured",1,1,27.05,-1.95083333333333,-3.10666666666667,-2.17666666666667,-1.04333333333333,-2.49333333333333
"90-2009-0-068",2014,2009,5.5,"ey","Alive-Cuddy",1,0,38.18,-1.2175,-0.98,-2.16333333333333,-1.51333333333333,0.00666666666666666
"90-2009-0-068",2015,2009,6.5,"ey","Captured",1,1,45.45,1.83166666666667,2.94333333333333,3.56666666666667,0.42,0.223333333333333
"90-2009-0-068",2016,2009,7.5,"ey","Captured",1,1,22.27,-0.574166666666667,-0.553333333333333,-0.816666666666667,-0.986666666666667,-0.183333333333333
"90-2009-0-068",2017,2009,8.5,"ey","Alive-Cuddy",1,0,15.68,-0.921666666666667,-0.983333333333333,-1.73,-0.536666666666667,-0.11
"90-2009-0-068",2018,2009,9.5,"ey","Captured",1,1,15.91,-0.465,-1.89,-2.77666666666667,2.41333333333333,-0.356666666666667
"90-2009-0-068",2019,2009,10.5,"ey","Alive-Cuddy",1,0,19.32,-1.40833333333333,-0.516666666666667,-1.77,-2.95333333333333,1.45
"90-2009-0-068",2020,2009,11.5,"ey","Alive-Cuddy",1,0,19.09,-3.4025,-3.32,-3.52,-3.33,-3.37666666666667
"90-2009-0-068",2021,2009,12.5,"ey","not_detected",0,0,21.14,-1.8125,-3.27666666666667,-0.343333333333333,-0.893333333333333,-3.17
"90-2009-0-068",2022,2009,13.5,"ey","not_detected",0,0,16.36,-1.96083333333333,-3.23,-2.95666666666667,0.08,-2.33
"90-2009-0-069",2009,2009,0.5,"ey","Captured",1,1,28.86,-3.89916666666667,-3.96,-5.08666666666667,-3.69666666666667,-3.27
"90-2009-0-069",2010,2009,1.5,"ey","Captured",1,1,23.18,1.1,2.23,1.45666666666667,0.513333333333333,0.123333333333333
"90-2009-0-069",2011,2009,2.5,"ey","Captured",1,1,38.64,-3.3625,-3.19333333333333,-4.41333333333333,-4.20666666666667,-1.53333333333333
"90-2009-0-069",2012,2009,3.5,"ey","Alive-Cuddy",1,0,31.36,-0.763333333333333,1.29,-0.876666666666667,-1.53333333333333,-1.67333333333333
"90-2009-0-069",2013,2009,4.5,"ey","Captured",1,1,27.05,-1.95083333333333,-3.10666666666667,-2.17666666666667,-1.04333333333333,-2.49333333333333
"90-2009-0-069",2014,2009,5.5,"ey","Captured",1,1,38.18,-1.2175,-0.98,-2.16333333333333,-1.51333333333333,0.00666666666666666
"90-2009-0-069",2015,2009,6.5,"ey","Captured",1,1,45.45,1.83166666666667,2.94333333333333,3.56666666666667,0.42,0.223333333333333
"90-2009-0-069",2016,2009,7.5,"ey","Captured",1,1,22.27,-0.574166666666667,-0.553333333333333,-0.816666666666667,-0.986666666666667,-0.183333333333333
"90-2009-0-069",2017,2009,8.5,"ey","Captured",1,1,15.68,-0.921666666666667,-0.983333333333333,-1.73,-0.536666666666667,-0.11
"90-2009-0-069",2018,2009,9.5,"ey","Alive-Cuddy",1,0,15.91,-0.465,-1.89,-2.77666666666667,2.41333333333333,-0.356666666666667
"90-2009-0-069",2019,2009,10.5,"ey","Captured",1,1,19.32,-1.40833333333333,-0.516666666666667,-1.77,-2.95333333333333,1.45
"90-2009-0-069",2020,2009,11.5,"ey","Captured",1,1,19.09,-3.4025,-3.32,-3.52,-3.33,-3.37666666666667
"90-2009-0-069",2021,2009,12.5,"ey","Harvested",2,2,21.14,-1.8125,-3.27666666666667,-0.343333333333333,-0.893333333333333,-3.17
"90-2009-0-069",2022,2009,13.5,"ey","not_detected",0,0,16.36,-1.96083333333333,-3.23,-2.95666666666667,0.08,-2.33
"90-2009-0-070",2009,2009,0.5,"ey","Captured",1,1,28.86,-3.89916666666667,-3.96,-5.08666666666667,-3.69666666666667,-3.27
"90-2009-0-070",2010,2009,1.5,"ey","Alive-Cuddy",1,0,23.18,1.1,2.23,1.45666666666667,0.513333333333333,0.123333333333333
"90-2009-0-070",2011,2009,2.5,"ey","Alive-Cuddy",1,0,38.64,-3.3625,-3.19333333333333,-4.41333333333333,-4.20666666666667,-1.53333333333333
"90-2009-0-070",2012,2009,3.5,"ey","Captured",1,1,31.36,-0.763333333333333,1.29,-0.876666666666667,-1.53333333333333,-1.67333333333333
"90-2009-0-070",2013,2009,4.5,"ey","Captured",1,1,27.05,-1.95083333333333,-3.10666666666667,-2.17666666666667,-1.04333333333333,-2.49333333333333
"90-2009-0-070",2014,2009,5.5,"ey","Alive-Cuddy",1,0,38.18,-1.2175,-0.98,-2.16333333333333,-1.51333333333333,0.00666666666666666
"90-2009-0-070",2015,2009,6.5,"ey","Alive-Cuddy",1,0,45.45,1.83166666666667,2.94333333333333,3.56666666666667,0.42,0.223333333333333
"90-2009-0-070",2016,2009,7.5,"ey","Captured",1,1,22.27,-0.574166666666667,-0.553333333333333,-0.816666666666667,-0.986666666666667,-0.183333333333333
"90-2009-0-070",2017,2009,8.5,"ey","Captured",1,1,15.68,-0.921666666666667,-0.983333333333333,-1.73,-0.536666666666667,-0.11
"90-2009-0-070",2018,2009,9.5,"ey","Alive-Cuddy",1,0,15.91,-0.465,-1.89,-2.77666666666667,2.41333333333333,-0.356666666666667
"90-2009-0-070",2019,2009,10.5,"ey","Alive-Cuddy",1,0,19.32,-1.40833333333333,-0.516666666666667,-1.77,-2.95333333333333,1.45
"90-2009-0-070",2020,2009,11.5,"ey","Captured",1,1,19.09,-3.4025,-3.32,-3.52,-3.33,-3.37666666666667
"90-2009-0-070",2021,2009,12.5,"ey","not_detected",0,0,21.14,-1.8125,-3.27666666666667,-0.343333333333333,-0.893333333333333,-3.17
"90-2009-0-070",2022,2009,13.5,"ey","not_detected",0,0,16.36,-1.96083333333333,-3.23,-2.95666666666667,0.08,-2.33
"90-2010-0-101",2010,2010,0.5,"ey","Captured",1,1,23.18,1.1,2.23,1.45666666666667,0.513333333333333,0.123333333333333
"90-2010-0-101",2011,2010,1.5,"ey","Captured",1,1,38.64,-3.3625,-3.19333333333333,-4.41333333333333,-4.20666666666667,-1.53333333333333
"90-2010-0-101",2012,2010,2.5,"ey","Captured",1,1,31.36,-0.763333333333333,1.29,-0.876666666666667,-1.53333333333333,-1.67333333333333
"90-2010-0-101",2013,2010,3.5,"ey","Captured",1,1,27.05,-1.95083333333333,-3.10666666666667,-2.17666666666667,-1.04333333333333,-2.49333333333333
"90-2010-0-101",2014,2010,4.5,"ey","Alive-Cuddy",1,0,38.18,-1.2175,-0.98,-2.16333333333333,-1.51333333333333,0.00666666666666666
"90-2010-0-101",2015,2010,5.5,"ey","Captured",1,1,45.45,1.83166666666667,2.94333333333333,3.56666666666667,0.42,0.223333333333333
"90-2010-0-101",2016,2010,6.5,"ey","Captured",1,1,22.27,-0.574166666666667,-0.553333333333333,-0.816666666666667,-0.986666666666667,-0.183333333333333
"90-2010-0-101",2017,2010,7.5,"ey","Captured",1,1,15.68,-0.921666666666667,-0.983333333333333,-1.73,-0.536666666666667,-0.11
"90-2010-0-101",2018,2010,8.5,"ey","Captured",1,1,15.91,-0.465,-1.89,-2.77666666666667,2.41333333333333,-0.356666666666667
"90-2010-0-101",2019,2010,9.5,"ey","Captured",1,1,19.32,-1.40833333333333,-0.516666666666667,-1.77,-2.95333333333333,1.45
"90-2010-0-101",2020,2010,10.5,"ey","Captured",1,1,19.09,-3.4025,-3.32,-3.52,-3.33,-3.37666666666667
"90-2010-0-101",2021,2010,11.5,"ey","not_detected",0,0,21.14,-1.8125,-3.27666666666667,-0.343333333333333,-0.893333333333333,-3.17
"90-2010-0-101",2022,2010,12.5,"ey","not_detected",0,0,16.36,-1.96083333333333,-3.23,-2.95666666666667,0.08,-2.33
"90-2010-0-102",2010,2010,0.5,"ey","Captured",1,1,23.18,1.1,2.23,1.45666666666667,0.513333333333333,0.123333333333333
"90-2010-0-102",2011,2010,1.5,"ey","Alive-Cuddy",1,0,38.64,-3.3625,-3.19333333333333,-4.41333333333333,-4.20666666666667,-1.53333333333333
"90-2010-0-102",2012,2010,2.5,"ey","Captured",1,1,31.36,-0.763333333333333,1.29,-0.876666666666667,-1.53333333333333,-1.67333333333333
"90-2010-0-102",2013,2010,3.5,"ey","Captured",1,1,27.05,-1.95083333333333,-3.10666666666667,-2.17666666666667,-1.04333333333333,-2.49333333333333
"90-2010-0-102",2014,2010,4.5,"ey","Captured",1,1,38.18,-1.2175,-0.98,-2.16333333333333,-1.51333333333333,0.00666666666666666
"90-2010-0-102",2015,2010,5.5,"ey","Captured",1,1,45.45,1.83166666666667,2.94333333333333,3.56666666666667,0.42,0.223333333333333
"90-2010-0-102",2016,2010,6.5,"ey","Captured",1,1,22.27,-0.574166666666667,-0.553333333333333,-0.816666666666667,-0.986666666666667,-0.183333333333333
"90-2010-0-102",2017,2010,7.5,"ey","Captured",1,1,15.68,-0.921666666666667,-0.983333333333333,-1.73,-0.536666666666667,-0.11
"90-2010-0-102",2018,2010,8.5,"ey","Captured",1,1,15.91,-0.465,-1.89,-2.77666666666667,2.41333333333333,-0.356666666666667
"90-2010-0-102",2019,2010,9.5,"ey","Captured",1,1,19.32,-1.40833333333333,-0.516666666666667,-1.77,-2.95333333333333,1.45
"90-2010-0-102",2020,2010,10.5,"ey","Captured",1,1,19.09,-3.4025,-3.32,-3.52,-3.33,-3.37666666666667
"90-2010-0-102",2021,2010,11.5,"ey","Alive-Cuddy",1,0,21.14,-1.8125,-3.27666666666667,-0.343333333333333,-0.893333333333333,-3.17
"90-2010-0-102",2022,2010,12.5,"ey","Harvested",2,2,16.36,-1.96083333333333,-3.23,-2.95666666666667,0.08,-2.33
"90-2010-0-103",2010,2010,0.5,"ey","Captured",1,1,23.18,1.1,2.23,1.45666666666667,0.513333333333333,0.123333333333333
"90-2010-0-103",2011,2010,1.5,"ey","Captured",1,1,38.64,-3.3625,-3.19333333333333,-4.41333333333333,-4.20666666666667,-1.53333333333333
"90-2010-0-103",2012,2010,2.5,"ey","Captured",1,1,31.36,-0.763333333333333,1.29,-0.876666666666667,-1.53333333333333,-1.67333333333333
"90-2010-0-103",2013,2010,3.5,"ey","Captured",1,1,27.05,-1.95083333333333,-3.10666666666667,-2.17666666666667,-1.04333333333333,-2.49333333333333
"90-2010-0-103",2014,2010,4.5,"ey","Captured",1,1,38.18,-1.2175,-0.98,-2.16333333333333,-1.51333333333333,0.00666666666666666
"90-2010-0-103",2015,2010,5.5,"ey","not_detected",0,0,45.45,1.83166666666667,2.94333333333333,3.56666666666667,0.42,0.223333333333333
"90-2010-0-103",2016,2010,6.5,"ey","not_detected",0,0,22.27,-0.574166666666667,-0.553333333333333,-0.816666666666667,-0.986666666666667,-0.183333333333333
"90-2010-0-103",2017,2010,7.5,"ey","not_detected",0,0,15.68,-0.921666666666667,-0.983333333333333,-1.73,-0.536666666666667,-0.11
"90-2010-0-103",2018,2010,8.5,"ey","not_detected",0,0,15.91,-0.465,-1.89,-2.77666666666667,2.41333333333333,-0.356666666666667
"90-2010-0-103",2019,2010,9.5,"ey","not_detected",0,0,19.32,-1.40833333333333,-0.516666666666667,-1.77,-2.95333333333333,1.45
"90-2010-0-103",2020,2010,10.5,"ey","not_detected",0,0,19.09,-3.4025,-3.32,-3.52,-3.33,-3.37666666666667
"90-2010-0-103",2021,2010,11.5,"ey","not_detected",0,0,21.14,-1.8125,-3.27666666666667,-0.343333333333333,-0.893333333333333,-3.17
"90-2010-0-103",2022,2010,12.5,"ey","not_detected",0,0,16.36,-1.96083333333333,-3.23,-2.95666666666667,0.08,-2.33
"90-2010-0-104",2010,2010,0.5,"ey","Captured",1,1,23.18,1.1,2.23,1.45666666666667,0.513333333333333,0.123333333333333
"90-2010-0-104",2011,2010,1.5,"ey","Alive-Cuddy",1,0,38.64,-3.3625,-3.19333333333333,-4.41333333333333,-4.20666666666667,-1.53333333333333
"90-2010-0-104",2012,2010,2.5,"ey","Captured",1,1,31.36,-0.763333333333333,1.29,-0.876666666666667,-1.53333333333333,-1.67333333333333
"90-2010-0-104",2013,2010,3.5,"ey","Captured",1,1,27.05,-1.95083333333333,-3.10666666666667,-2.17666666666667,-1.04333333333333,-2.49333333333333
"90-2010-0-104",2014,2010,4.5,"ey","Alive-Cuddy",1,0,38.18,-1.2175,-0.98,-2.16333333333333,-1.51333333333333,0.00666666666666666
"90-2010-0-104",2015,2010,5.5,"ey","not_detected",0,0,45.45,1.83166666666667,2.94333333333333,3.56666666666667,0.42,0.223333333333333
"90-2010-0-104",2016,2010,6.5,"ey","not_detected",0,0,22.27,-0.574166666666667,-0.553333333333333,-0.816666666666667,-0.986666666666667,-0.183333333333333
"90-2010-0-104",2017,2010,7.5,"ey","not_detected",0,0,15.68,-0.921666666666667,-0.983333333333333,-1.73,-0.536666666666667,-0.11
"90-2010-0-104",2018,2010,8.5,"ey","not_detected",0,0,15.91,-0.465,-1.89,-2.77666666666667,2.41333333333333,-0.356666666666667
"90-2010-0-104",2019,2010,9.5,"ey","not_detected",0,0,19.32,-1.40833333333333,-0.516666666666667,-1.77,-2.95333333333333,1.45
"90-2010-0-104",2020,2010,10.5,"ey","not_detected",0,0,19.09,-3.4025,-3.32,-3.52,-3.33,-3.37666666666667
"90-2010-0-104",2021,2010,11.5,"ey","not_detected",0,0,21.14,-1.8125,-3.27666666666667,-0.343333333333333,-0.893333333333333,-3.17
"90-2010-0-104",2022,2010,12.5,"ey","not_detected",0,0,16.36,-1.96083333333333,-3.23,-2.95666666666667,0.08,-2.33
"90-2010-0-105",2010,2010,0.5,"ey","Captured",1,1,23.18,1.1,2.23,1.45666666666667,0.513333333333333,0.123333333333333
"90-2010-0-105",2011,2010,1.5,"ey","Alive-Cuddy",1,0,38.64,-3.3625,-3.19333333333333,-4.41333333333333,-4.20666666666667,-1.53333333333333
"90-2010-0-105",2012,2010,2.5,"ey","Alive-Cuddy",1,0,31.36,-0.763333333333333,1.29,-0.876666666666667,-1.53333333333333,-1.67333333333333
"90-2010-0-105",2013,2010,3.5,"ey","Captured",1,1,27.05,-1.95083333333333,-3.10666666666667,-2.17666666666667,-1.04333333333333,-2.49333333333333
"90-2010-0-105",2014,2010,4.5,"ey","not_detected",0,0,38.18,-1.2175,-0.98,-2.16333333333333,-1.51333333333333,0.00666666666666666
"90-2010-0-105",2015,2010,5.5,"ey","not_detected",0,0,45.45,1.83166666666667,2.94333333333333,3.56666666666667,0.42,0.223333333333333
"90-2010-0-105",2016,2010,6.5,"ey","not_detected",0,0,22.27,-0.574166666666667,-0.553333333333333,-0.816666666666667,-0.986666666666667,-0.183333333333333
"90-2010-0-105",2017,2010,7.5,"ey","not_detected",0,0,15.68,-0.921666666666667,-0.983333333333333,-1.73,-0.536666666666667,-0.11
"90-2010-0-105",2018,2010,8.5,"ey","not_detected",0,0,15.91,-0.465,-1.89,-2.77666666666667,2.41333333333333,-0.356666666666667
"90-2010-0-105",2019,2010,9.5,"ey","not_detected",0,0,19.32,-1.40833333333333,-0.516666666666667,-1.77,-2.95333333333333,1.45
"90-2010-0-105",2020,2010,10.5,"ey","not_detected",0,0,19.09,-3.4025,-3.32,-3.52,-3.33,-3.37666666666667
"90-2010-0-105",2021,2010,11.5,"ey","not_detected",0,0,21.14,-1.8125,-3.27666666666667,-0.343333333333333,-0.893333333333333,-3.17
"90-2010-0-105",2022,2010,12.5,"ey","not_detected",0,0,16.36,-1.96083333333333,-3.23,-2.95666666666667,0.08,-2.33
"90-2010-0-106",2010,2010,0.5,"ey","Captured",1,1,23.18,1.1,2.23,1.45666666666667,0.513333333333333,0.123333333333333
"90-2010-0-106",2011,2010,1.5,"ey","Alive-Cuddy",1,0,38.64,-3.3625,-3.19333333333333,-4.41333333333333,-4.20666666666667,-1.53333333333333
"90-2010-0-106",2012,2010,2.5,"ey","Captured",1,1,31.36,-0.763333333333333,1.29,-0.876666666666667,-1.53333333333333,-1.67333333333333
"90-2010-0-106",2013,2010,3.5,"ey","Alive-Cuddy",1,0,27.05,-1.95083333333333,-3.10666666666667,-2.17666666666667,-1.04333333333333,-2.49333333333333
"90-2010-0-106",2014,2010,4.5,"ey","Captured",1,1,38.18,-1.2175,-0.98,-2.16333333333333,-1.51333333333333,0.00666666666666666
"90-2010-0-106",2015,2010,5.5,"ey","Captured",1,1,45.45,1.83166666666667,2.94333333333333,3.56666666666667,0.42,0.223333333333333
"90-2010-0-106",2016,2010,6.5,"ey","Captured",1,1,22.27,-0.574166666666667,-0.553333333333333,-0.816666666666667,-0.986666666666667,-0.183333333333333
"90-2010-0-106",2017,2010,7.5,"ey","Captured",1,1,15.68,-0.921666666666667,-0.983333333333333,-1.73,-0.536666666666667,-0.11
"90-2010-0-106",2018,2010,8.5,"ey","Captured",1,1,15.91,-0.465,-1.89,-2.77666666666667,2.41333333333333,-0.356666666666667
"90-2010-0-106",2019,2010,9.5,"ey","Captured",1,1,19.32,-1.40833333333333,-0.516666666666667,-1.77,-2.95333333333333,1.45
"90-2010-0-106",2020,2010,10.5,"ey","Captured",1,1,19.09,-3.4025,-3.32,-3.52,-3.33,-3.37666666666667
"90-2010-0-106",2021,2010,11.5,"ey","Captured",1,1,21.14,-1.8125,-3.27666666666667,-0.343333333333333,-0.893333333333333,-3.17
"90-2010-0-106",2022,2010,12.5,"ey","Captured",1,1,16.36,-1.96083333333333,-3.23,-2.95666666666667,0.08,-2.33
"90-2010-0-107",2010,2010,0.5,"ey","Captured",1,1,23.18,1.1,2.23,1.45666666666667,0.513333333333333,0.123333333333333
"90-2010-0-107",2011,2010,1.5,"ey","not_detected",0,0,38.64,-3.3625,-3.19333333333333,-4.41333333333333,-4.20666666666667,-1.53333333333333
"90-2010-0-107",2012,2010,2.5,"ey","Captured",1,1,31.36,-0.763333333333333,1.29,-0.876666666666667,-1.53333333333333,-1.67333333333333
"90-2010-0-107",2013,2010,3.5,"ey","Captured",1,1,27.05,-1.95083333333333,-3.10666666666667,-2.17666666666667,-1.04333333333333,-2.49333333333333
"90-2010-0-107",2014,2010,4.5,"ey","Captured",1,1,38.18,-1.2175,-0.98,-2.16333333333333,-1.51333333333333,0.00666666666666666
"90-2010-0-107",2015,2010,5.5,"ey","Alive-Cuddy",1,0,45.45,1.83166666666667,2.94333333333333,3.56666666666667,0.42,0.223333333333333
"90-2010-0-107",2016,2010,6.5,"ey","Captured",1,1,22.27,-0.574166666666667,-0.553333333333333,-0.816666666666667,-0.986666666666667,-0.183333333333333
"90-2010-0-107",2017,2010,7.5,"ey","Captured",1,1,15.68,-0.921666666666667,-0.983333333333333,-1.73,-0.536666666666667,-0.11
"90-2010-0-107",2018,2010,8.5,"ey","not_detected",0,0,15.91,-0.465,-1.89,-2.77666666666667,2.41333333333333,-0.356666666666667
"90-2010-0-107",2019,2010,9.5,"ey","not_detected",0,0,19.32,-1.40833333333333,-0.516666666666667,-1.77,-2.95333333333333,1.45
"90-2010-0-107",2020,2010,10.5,"ey","not_detected",0,0,19.09,-3.4025,-3.32,-3.52,-3.33,-3.37666666666667
"90-2010-0-107",2021,2010,11.5,"ey","not_detected",0,0,21.14,-1.8125,-3.27666666666667,-0.343333333333333,-0.893333333333333,-3.17
"90-2010-0-107",2022,2010,12.5,"ey","not_detected",0,0,16.36,-1.96083333333333,-3.23,-2.95666666666667,0.08,-2.33
"90-2010-0-108",2010,2010,0.5,"ey","Captured",1,1,23.18,1.1,2.23,1.45666666666667,0.513333333333333,0.123333333333333
"90-2010-0-108",2011,2010,1.5,"ey","Captured",1,1,38.64,-3.3625,-3.19333333333333,-4.41333333333333,-4.20666666666667,-1.53333333333333
"90-2010-0-108",2012,2010,2.5,"ey","Captured",1,1,31.36,-0.763333333333333,1.29,-0.876666666666667,-1.53333333333333,-1.67333333333333
"90-2010-0-108",2013,2010,3.5,"ey","Alive-Cuddy",1,0,27.05,-1.95083333333333,-3.10666666666667,-2.17666666666667,-1.04333333333333,-2.49333333333333
"90-2010-0-108",2014,2010,4.5,"ey","Captured",1,1,38.18,-1.2175,-0.98,-2.16333333333333,-1.51333333333333,0.00666666666666666
"90-2010-0-108",2015,2010,5.5,"ey","Captured",1,1,45.45,1.83166666666667,2.94333333333333,3.56666666666667,0.42,0.223333333333333
"90-2010-0-108",2016,2010,6.5,"ey","Captured",1,1,22.27,-0.574166666666667,-0.553333333333333,-0.816666666666667,-0.986666666666667,-0.183333333333333
"90-2010-0-108",2017,2010,7.5,"ey","Captured",1,1,15.68,-0.921666666666667,-0.983333333333333,-1.73,-0.536666666666667,-0.11
"90-2010-0-108",2018,2010,8.5,"ey","Captured",1,1,15.91,-0.465,-1.89,-2.77666666666667,2.41333333333333,-0.356666666666667
"90-2010-0-108",2019,2010,9.5,"ey","Alive-Cuddy",1,0,19.32,-1.40833333333333,-0.516666666666667,-1.77,-2.95333333333333,1.45
"90-2010-0-108",2020,2010,10.5,"ey","Captured",1,1,19.09,-3.4025,-3.32,-3.52,-3.33,-3.37666666666667
"90-2010-0-108",2021,2010,11.5,"ey","not_detected",0,0,21.14,-1.8125,-3.27666666666667,-0.343333333333333,-0.893333333333333,-3.17
"90-2010-0-108",2022,2010,12.5,"ey","not_detected",0,0,16.36,-1.96083333333333,-3.23,-2.95666666666667,0.08,-2.33
"90-2010-0-109",2010,2010,0.5,"ey","Captured",1,1,23.18,1.1,2.23,1.45666666666667,0.513333333333333,0.123333333333333
"90-2010-0-109",2011,2010,1.5,"ey","Alive-Cuddy",1,0,38.64,-3.3625,-3.19333333333333,-4.41333333333333,-4.20666666666667,-1.53333333333333
"90-2010-0-109",2012,2010,2.5,"ey","Captured",1,1,31.36,-0.763333333333333,1.29,-0.876666666666667,-1.53333333333333,-1.67333333333333
"90-2010-0-109",2013,2010,3.5,"ey","Captured",1,1,27.05,-1.95083333333333,-3.10666666666667,-2.17666666666667,-1.04333333333333,-2.49333333333333
"90-2010-0-109",2014,2010,4.5,"ey","Captured",1,1,38.18,-1.2175,-0.98,-2.16333333333333,-1.51333333333333,0.00666666666666666
"90-2010-0-109",2015,2010,5.5,"ey","Captured",1,1,45.45,1.83166666666667,2.94333333333333,3.56666666666667,0.42,0.223333333333333
"90-2010-0-109",2016,2010,6.5,"ey","Captured",1,1,22.27,-0.574166666666667,-0.553333333333333,-0.816666666666667,-0.986666666666667,-0.183333333333333
"90-2010-0-109",2017,2010,7.5,"ey","Captured",1,1,15.68,-0.921666666666667,-0.983333333333333,-1.73,-0.536666666666667,-0.11
"90-2010-0-109",2018,2010,8.5,"ey","Captured",1,1,15.91,-0.465,-1.89,-2.77666666666667,2.41333333333333,-0.356666666666667
"90-2010-0-109",2019,2010,9.5,"ey","Captured",1,1,19.32,-1.40833333333333,-0.516666666666667,-1.77,-2.95333333333333,1.45
"90-2010-0-109",2020,2010,10.5,"ey","Captured",1,1,19.09,-3.4025,-3.32,-3.52,-3.33,-3.37666666666667
"90-2010-0-109",2021,2010,11.5,"ey","Captured",1,1,21.14,-1.8125,-3.27666666666667,-0.343333333333333,-0.893333333333333,-3.17
"90-2010-0-109",2022,2010,12.5,"ey","not_detected",0,0,16.36,-1.96083333333333,-3.23,-2.95666666666667,0.08,-2.33
"90-2010-0-110",2010,2010,0.5,"ey","Captured",1,1,23.18,1.1,2.23,1.45666666666667,0.513333333333333,0.123333333333333
"90-2010-0-110",2011,2010,1.5,"ey","Captured",1,1,38.64,-3.3625,-3.19333333333333,-4.41333333333333,-4.20666666666667,-1.53333333333333
"90-2010-0-110",2012,2010,2.5,"ey","Captured",1,1,31.36,-0.763333333333333,1.29,-0.876666666666667,-1.53333333333333,-1.67333333333333
"90-2010-0-110",2013,2010,3.5,"ey","Captured",1,1,27.05,-1.95083333333333,-3.10666666666667,-2.17666666666667,-1.04333333333333,-2.49333333333333
"90-2010-0-110",2014,2010,4.5,"ey","Captured",1,1,38.18,-1.2175,-0.98,-2.16333333333333,-1.51333333333333,0.00666666666666666
"90-2010-0-110",2015,2010,5.5,"ey","Captured",1,1,45.45,1.83166666666667,2.94333333333333,3.56666666666667,0.42,0.223333333333333
"90-2010-0-110",2016,2010,6.5,"ey","Captured",1,1,22.27,-0.574166666666667,-0.553333333333333,-0.816666666666667,-0.986666666666667,-0.183333333333333
"90-2010-0-110",2017,2010,7.5,"ey","Captured",1,1,15.68,-0.921666666666667,-0.983333333333333,-1.73,-0.536666666666667,-0.11
"90-2010-0-110",2018,2010,8.5,"ey","not_detected",0,0,15.91,-0.465,-1.89,-2.77666666666667,2.41333333333333,-0.356666666666667
"90-2010-0-110",2019,2010,9.5,"ey","not_detected",0,0,19.32,-1.40833333333333,-0.516666666666667,-1.77,-2.95333333333333,1.45
"90-2010-0-110",2020,2010,10.5,"ey","not_detected",0,0,19.09,-3.4025,-3.32,-3.52,-3.33,-3.37666666666667
"90-2010-0-110",2021,2010,11.5,"ey","not_detected",0,0,21.14,-1.8125,-3.27666666666667,-0.343333333333333,-0.893333333333333,-3.17
"90-2010-0-110",2022,2010,12.5,"ey","not_detected",0,0,16.36,-1.96083333333333,-3.23,-2.95666666666667,0.08,-2.33
"90-2010-0-111",2010,2010,0.5,"ey","Captured",1,1,23.18,1.1,2.23,1.45666666666667,0.513333333333333,0.123333333333333
"90-2010-0-111",2011,2010,1.5,"ey","Captured",1,1,38.64,-3.3625,-3.19333333333333,-4.41333333333333,-4.20666666666667,-1.53333333333333
"90-2010-0-111",2012,2010,2.5,"ey","Captured",1,1,31.36,-0.763333333333333,1.29,-0.876666666666667,-1.53333333333333,-1.67333333333333
"90-2010-0-111",2013,2010,3.5,"ey","Captured",1,1,27.05,-1.95083333333333,-3.10666666666667,-2.17666666666667,-1.04333333333333,-2.49333333333333
"90-2010-0-111",2014,2010,4.5,"ey","Alive-Cuddy",1,0,38.18,-1.2175,-0.98,-2.16333333333333,-1.51333333333333,0.00666666666666666
"90-2010-0-111",2015,2010,5.5,"ey","Captured",1,1,45.45,1.83166666666667,2.94333333333333,3.56666666666667,0.42,0.223333333333333
"90-2010-0-111",2016,2010,6.5,"ey","Captured",1,1,22.27,-0.574166666666667,-0.553333333333333,-0.816666666666667,-0.986666666666667,-0.183333333333333
"90-2010-0-111",2017,2010,7.5,"ey","Captured",1,1,15.68,-0.921666666666667,-0.983333333333333,-1.73,-0.536666666666667,-0.11
"90-2010-0-111",2018,2010,8.5,"ey","not_detected",0,0,15.91,-0.465,-1.89,-2.77666666666667,2.41333333333333,-0.356666666666667
"90-2010-0-111",2019,2010,9.5,"ey","not_detected",0,0,19.32,-1.40833333333333,-0.516666666666667,-1.77,-2.95333333333333,1.45
"90-2010-0-111",2020,2010,10.5,"ey","not_detected",0,0,19.09,-3.4025,-3.32,-3.52,-3.33,-3.37666666666667
"90-2010-0-111",2021,2010,11.5,"ey","not_detected",0,0,21.14,-1.8125,-3.27666666666667,-0.343333333333333,-0.893333333333333,-3.17
"90-2010-0-111",2022,2010,12.5,"ey","not_detected",0,0,16.36,-1.96083333333333,-3.23,-2.95666666666667,0.08,-2.33
"90-2010-0-112",2010,2010,0.5,"ey","Captured",1,1,23.18,1.1,2.23,1.45666666666667,0.513333333333333,0.123333333333333
"90-2010-0-112",2011,2010,1.5,"ey","Alive-Cuddy",1,0,38.64,-3.3625,-3.19333333333333,-4.41333333333333,-4.20666666666667,-1.53333333333333
"90-2010-0-112",2012,2010,2.5,"ey","Captured",1,1,31.36,-0.763333333333333,1.29,-0.876666666666667,-1.53333333333333,-1.67333333333333
"90-2010-0-112",2013,2010,3.5,"ey","Alive-Cuddy",1,0,27.05,-1.95083333333333,-3.10666666666667,-2.17666666666667,-1.04333333333333,-2.49333333333333
"90-2010-0-112",2014,2010,4.5,"ey","Captured",1,1,38.18,-1.2175,-0.98,-2.16333333333333,-1.51333333333333,0.00666666666666666
"90-2010-0-112",2015,2010,5.5,"ey","Alive-Cuddy",1,0,45.45,1.83166666666667,2.94333333333333,3.56666666666667,0.42,0.223333333333333
"90-2010-0-112",2016,2010,6.5,"ey","Captured",1,1,22.27,-0.574166666666667,-0.553333333333333,-0.816666666666667,-0.986666666666667,-0.183333333333333
"90-2010-0-112",2017,2010,7.5,"ey","Alive-Cuddy",1,0,15.68,-0.921666666666667,-0.983333333333333,-1.73,-0.536666666666667,-0.11
"90-2010-0-112",2018,2010,8.5,"ey","Captured",1,1,15.91,-0.465,-1.89,-2.77666666666667,2.41333333333333,-0.356666666666667
"90-2010-0-112",2019,2010,9.5,"ey","Captured",1,1,19.32,-1.40833333333333,-0.516666666666667,-1.77,-2.95333333333333,1.45
"90-2010-0-112",2020,2010,10.5,"ey","Alive-Cuddy",1,0,19.09,-3.4025,-3.32,-3.52,-3.33,-3.37666666666667
"90-2010-0-112",2021,2010,11.5,"ey","Alive-Cuddy",1,0,21.14,-1.8125,-3.27666666666667,-0.343333333333333,-0.893333333333333,-3.17
"90-2010-0-112",2022,2010,12.5,"ey","not_detected",0,0,16.36,-1.96083333333333,-3.23,-2.95666666666667,0.08,-2.33
"90-2010-0-113",2010,2010,0.5,"ey","Captured",1,1,23.18,1.1,2.23,1.45666666666667,0.513333333333333,0.123333333333333
"90-2010-0-113",2011,2010,1.5,"ey","Captured",1,1,38.64,-3.3625,-3.19333333333333,-4.41333333333333,-4.20666666666667,-1.53333333333333
"90-2010-0-113",2012,2010,2.5,"ey","Captured",1,1,31.36,-0.763333333333333,1.29,-0.876666666666667,-1.53333333333333,-1.67333333333333
"90-2010-0-113",2013,2010,3.5,"ey","Captured",1,1,27.05,-1.95083333333333,-3.10666666666667,-2.17666666666667,-1.04333333333333,-2.49333333333333
"90-2010-0-113",2014,2010,4.5,"ey","Captured",1,1,38.18,-1.2175,-0.98,-2.16333333333333,-1.51333333333333,0.00666666666666666
"90-2010-0-113",2015,2010,5.5,"ey","Captured",1,1,45.45,1.83166666666667,2.94333333333333,3.56666666666667,0.42,0.223333333333333
"90-2010-0-113",2016,2010,6.5,"ey","Captured",1,1,22.27,-0.574166666666667,-0.553333333333333,-0.816666666666667,-0.986666666666667,-0.183333333333333
"90-2010-0-113",2017,2010,7.5,"ey","Captured",1,1,15.68,-0.921666666666667,-0.983333333333333,-1.73,-0.536666666666667,-0.11
"90-2010-0-113",2018,2010,8.5,"ey","Captured",1,1,15.91,-0.465,-1.89,-2.77666666666667,2.41333333333333,-0.356666666666667
"90-2010-0-113",2019,2010,9.5,"ey","Captured",1,1,19.32,-1.40833333333333,-0.516666666666667,-1.77,-2.95333333333333,1.45
"90-2010-0-113",2020,2010,10.5,"ey","Captured",1,1,19.09,-3.4025,-3.32,-3.52,-3.33,-3.37666666666667
"90-2010-0-113",2021,2010,11.5,"ey","Captured",1,1,21.14,-1.8125,-3.27666666666667,-0.343333333333333,-0.893333333333333,-3.17
"90-2010-0-113",2022,2010,12.5,"ey","Harvested",2,2,16.36,-1.96083333333333,-3.23,-2.95666666666667,0.08,-2.33
"90-2010-0-114",2010,2010,0.5,"ey","Captured",1,1,23.18,1.1,2.23,1.45666666666667,0.513333333333333,0.123333333333333
"90-2010-0-114",2011,2010,1.5,"ey","Captured",1,1,38.64,-3.3625,-3.19333333333333,-4.41333333333333,-4.20666666666667,-1.53333333333333
"90-2010-0-114",2012,2010,2.5,"ey","Captured",1,1,31.36,-0.763333333333333,1.29,-0.876666666666667,-1.53333333333333,-1.67333333333333
"90-2010-0-114",2013,2010,3.5,"ey","Captured",1,1,27.05,-1.95083333333333,-3.10666666666667,-2.17666666666667,-1.04333333333333,-2.49333333333333
"90-2010-0-114",2014,2010,4.5,"ey","Captured",1,1,38.18,-1.2175,-0.98,-2.16333333333333,-1.51333333333333,0.00666666666666666
"90-2010-0-114",2015,2010,5.5,"ey","Captured",1,1,45.45,1.83166666666667,2.94333333333333,3.56666666666667,0.42,0.223333333333333
"90-2010-0-114",2016,2010,6.5,"ey","Captured",1,1,22.27,-0.574166666666667,-0.553333333333333,-0.816666666666667,-0.986666666666667,-0.183333333333333
"90-2010-0-114",2017,2010,7.5,"ey","Captured",1,1,15.68,-0.921666666666667,-0.983333333333333,-1.73,-0.536666666666667,-0.11
"90-2010-0-114",2018,2010,8.5,"ey","not_detected",0,0,15.91,-0.465,-1.89,-2.77666666666667,2.41333333333333,-0.356666666666667
"90-2010-0-114",2019,2010,9.5,"ey","not_detected",0,0,19.32,-1.40833333333333,-0.516666666666667,-1.77,-2.95333333333333,1.45
"90-2010-0-114",2020,2010,10.5,"ey","not_detected",0,0,19.09,-3.4025,-3.32,-3.52,-3.33,-3.37666666666667
"90-2010-0-114",2021,2010,11.5,"ey","not_detected",0,0,21.14,-1.8125,-3.27666666666667,-0.343333333333333,-0.893333333333333,-3.17
"90-2010-0-114",2022,2010,12.5,"ey","not_detected",0,0,16.36,-1.96083333333333,-3.23,-2.95666666666667,0.08,-2.33
"90-2010-0-115",2010,2010,0.5,"ey","Captured",1,1,23.18,1.1,2.23,1.45666666666667,0.513333333333333,0.123333333333333
"90-2010-0-115",2011,2010,1.5,"ey","Alive-Cuddy",1,0,38.64,-3.3625,-3.19333333333333,-4.41333333333333,-4.20666666666667,-1.53333333333333
"90-2010-0-115",2012,2010,2.5,"ey","Captured",1,1,31.36,-0.763333333333333,1.29,-0.876666666666667,-1.53333333333333,-1.67333333333333
"90-2010-0-115",2013,2010,3.5,"ey","Captured",1,1,27.05,-1.95083333333333,-3.10666666666667,-2.17666666666667,-1.04333333333333,-2.49333333333333
"90-2010-0-115",2014,2010,4.5,"ey","Captured",1,1,38.18,-1.2175,-0.98,-2.16333333333333,-1.51333333333333,0.00666666666666666
"90-2010-0-115",2015,2010,5.5,"ey","Captured",1,1,45.45,1.83166666666667,2.94333333333333,3.56666666666667,0.42,0.223333333333333
"90-2010-0-115",2016,2010,6.5,"ey","Captured",1,1,22.27,-0.574166666666667,-0.553333333333333,-0.816666666666667,-0.986666666666667,-0.183333333333333
"90-2010-0-115",2017,2010,7.5,"ey","Alive-Cuddy",1,0,15.68,-0.921666666666667,-0.983333333333333,-1.73,-0.536666666666667,-0.11
"90-2010-0-115",2018,2010,8.5,"ey","not_detected",0,0,15.91,-0.465,-1.89,-2.77666666666667,2.41333333333333,-0.356666666666667
"90-2010-0-115",2019,2010,9.5,"ey","not_detected",0,0,19.32,-1.40833333333333,-0.516666666666667,-1.77,-2.95333333333333,1.45
"90-2010-0-115",2020,2010,10.5,"ey","not_detected",0,0,19.09,-3.4025,-3.32,-3.52,-3.33,-3.37666666666667
"90-2010-0-115",2021,2010,11.5,"ey","not_detected",0,0,21.14,-1.8125,-3.27666666666667,-0.343333333333333,-0.893333333333333,-3.17
"90-2010-0-115",2022,2010,12.5,"ey","not_detected",0,0,16.36,-1.96083333333333,-3.23,-2.95666666666667,0.08,-2.33
"90-2011-0-351",2011,2011,0.5,"ey","Captured",1,1,38.64,-3.3625,-3.19333333333333,-4.41333333333333,-4.20666666666667,-1.53333333333333
"90-2011-0-351",2012,2011,1.5,"ey","Captured",1,1,31.36,-0.763333333333333,1.29,-0.876666666666667,-1.53333333333333,-1.67333333333333
"90-2011-0-351",2013,2011,2.5,"ey","Captured",1,1,27.05,-1.95083333333333,-3.10666666666667,-2.17666666666667,-1.04333333333333,-2.49333333333333
"90-2011-0-351",2014,2011,3.5,"ey","Alive-Cuddy",1,0,38.18,-1.2175,-0.98,-2.16333333333333,-1.51333333333333,0.00666666666666666
"90-2011-0-351",2015,2011,4.5,"ey","Captured",1,1,45.45,1.83166666666667,2.94333333333333,3.56666666666667,0.42,0.223333333333333
"90-2011-0-351",2016,2011,5.5,"ey","Captured",1,1,22.27,-0.574166666666667,-0.553333333333333,-0.816666666666667,-0.986666666666667,-0.183333333333333
"90-2011-0-351",2017,2011,6.5,"ey","Captured",1,1,15.68,-0.921666666666667,-0.983333333333333,-1.73,-0.536666666666667,-0.11
"90-2011-0-351",2018,2011,7.5,"ey","Alive-Cuddy",1,0,15.91,-0.465,-1.89,-2.77666666666667,2.41333333333333,-0.356666666666667
"90-2011-0-351",2019,2011,8.5,"ey","Captured",1,1,19.32,-1.40833333333333,-0.516666666666667,-1.77,-2.95333333333333,1.45
"90-2011-0-351",2020,2011,9.5,"ey","Captured",1,1,19.09,-3.4025,-3.32,-3.52,-3.33,-3.37666666666667
"90-2011-0-351",2021,2011,10.5,"ey","Alive-Cuddy",1,0,21.14,-1.8125,-3.27666666666667,-0.343333333333333,-0.893333333333333,-3.17
"90-2011-0-351",2022,2011,11.5,"ey","Alive-Cuddy",1,0,16.36,-1.96083333333333,-3.23,-2.95666666666667,0.08,-2.33
"90-2011-0-352",2011,2011,0.5,"ey","Captured",1,1,38.64,-3.3625,-3.19333333333333,-4.41333333333333,-4.20666666666667,-1.53333333333333
"90-2011-0-352",2012,2011,1.5,"ey","Captured",1,1,31.36,-0.763333333333333,1.29,-0.876666666666667,-1.53333333333333,-1.67333333333333
"90-2011-0-352",2013,2011,2.5,"ey","Alive-Cuddy",1,0,27.05,-1.95083333333333,-3.10666666666667,-2.17666666666667,-1.04333333333333,-2.49333333333333
"90-2011-0-352",2014,2011,3.5,"ey","Alive-Cuddy",1,0,38.18,-1.2175,-0.98,-2.16333333333333,-1.51333333333333,0.00666666666666666
"90-2011-0-352",2015,2011,4.5,"ey","Captured",1,1,45.45,1.83166666666667,2.94333333333333,3.56666666666667,0.42,0.223333333333333
"90-2011-0-352",2016,2011,5.5,"ey","Captured",1,1,22.27,-0.574166666666667,-0.553333333333333,-0.816666666666667,-0.986666666666667,-0.183333333333333
"90-2011-0-352",2017,2011,6.5,"ey","Captured",1,1,15.68,-0.921666666666667,-0.983333333333333,-1.73,-0.536666666666667,-0.11
"90-2011-0-352",2018,2011,7.5,"ey","Captured",1,1,15.91,-0.465,-1.89,-2.77666666666667,2.41333333333333,-0.356666666666667
"90-2011-0-352",2019,2011,8.5,"ey","Captured",1,1,19.32,-1.40833333333333,-0.516666666666667,-1.77,-2.95333333333333,1.45
"90-2011-0-352",2020,2011,9.5,"ey","Captured",1,1,19.09,-3.4025,-3.32,-3.52,-3.33,-3.37666666666667
"90-2011-0-352",2021,2011,10.5,"ey","Alive-Cuddy",1,0,21.14,-1.8125,-3.27666666666667,-0.343333333333333,-0.893333333333333,-3.17
"90-2011-0-352",2022,2011,11.5,"ey","Alive-Cuddy",1,0,16.36,-1.96083333333333,-3.23,-2.95666666666667,0.08,-2.33
"90-2011-0-353",2011,2011,0.5,"ey","Captured",1,1,38.64,-3.3625,-3.19333333333333,-4.41333333333333,-4.20666666666667,-1.53333333333333
"90-2011-0-353",2012,2011,1.5,"ey","not_detected",0,0,31.36,-0.763333333333333,1.29,-0.876666666666667,-1.53333333333333,-1.67333333333333
"90-2011-0-353",2013,2011,2.5,"ey","not_detected",0,0,27.05,-1.95083333333333,-3.10666666666667,-2.17666666666667,-1.04333333333333,-2.49333333333333
"90-2011-0-353",2014,2011,3.5,"ey","not_detected",0,0,38.18,-1.2175,-0.98,-2.16333333333333,-1.51333333333333,0.00666666666666666
"90-2011-0-353",2015,2011,4.5,"ey","not_detected",0,0,45.45,1.83166666666667,2.94333333333333,3.56666666666667,0.42,0.223333333333333
"90-2011-0-353",2016,2011,5.5,"ey","not_detected",0,0,22.27,-0.574166666666667,-0.553333333333333,-0.816666666666667,-0.986666666666667,-0.183333333333333
"90-2011-0-353",2017,2011,6.5,"ey","not_detected",0,0,15.68,-0.921666666666667,-0.983333333333333,-1.73,-0.536666666666667,-0.11
"90-2011-0-353",2018,2011,7.5,"ey","not_detected",0,0,15.91,-0.465,-1.89,-2.77666666666667,2.41333333333333,-0.356666666666667
"90-2011-0-353",2019,2011,8.5,"ey","not_detected",0,0,19.32,-1.40833333333333,-0.516666666666667,-1.77,-2.95333333333333,1.45
"90-2011-0-353",2020,2011,9.5,"ey","not_detected",0,0,19.09,-3.4025,-3.32,-3.52,-3.33,-3.37666666666667
"90-2011-0-353",2021,2011,10.5,"ey","not_detected",0,0,21.14,-1.8125,-3.27666666666667,-0.343333333333333,-0.893333333333333,-3.17
"90-2011-0-353",2022,2011,11.5,"ey","not_detected",0,0,16.36,-1.96083333333333,-3.23,-2.95666666666667,0.08,-2.33
"90-2011-0-354",2011,2011,0.5,"ey","Captured",1,1,38.64,-3.3625,-3.19333333333333,-4.41333333333333,-4.20666666666667,-1.53333333333333
"90-2011-0-354",2012,2011,1.5,"ey","Captured",1,1,31.36,-0.763333333333333,1.29,-0.876666666666667,-1.53333333333333,-1.67333333333333
"90-2011-0-354",2013,2011,2.5,"ey","Captured",1,1,27.05,-1.95083333333333,-3.10666666666667,-2.17666666666667,-1.04333333333333,-2.49333333333333
"90-2011-0-354",2014,2011,3.5,"ey","Captured",1,1,38.18,-1.2175,-0.98,-2.16333333333333,-1.51333333333333,0.00666666666666666
"90-2011-0-354",2015,2011,4.5,"ey","Captured",1,1,45.45,1.83166666666667,2.94333333333333,3.56666666666667,0.42,0.223333333333333
"90-2011-0-354",2016,2011,5.5,"ey","Captured",1,1,22.27,-0.574166666666667,-0.553333333333333,-0.816666666666667,-0.986666666666667,-0.183333333333333
"90-2011-0-354",2017,2011,6.5,"ey","Captured",1,1,15.68,-0.921666666666667,-0.983333333333333,-1.73,-0.536666666666667,-0.11
"90-2011-0-354",2018,2011,7.5,"ey","Captured",1,1,15.91,-0.465,-1.89,-2.77666666666667,2.41333333333333,-0.356666666666667
"90-2011-0-354",2019,2011,8.5,"ey","Captured",1,1,19.32,-1.40833333333333,-0.516666666666667,-1.77,-2.95333333333333,1.45
"90-2011-0-354",2020,2011,9.5,"ey","not_detected",0,0,19.09,-3.4025,-3.32,-3.52,-3.33,-3.37666666666667
"90-2011-0-354",2021,2011,10.5,"ey","not_detected",0,0,21.14,-1.8125,-3.27666666666667,-0.343333333333333,-0.893333333333333,-3.17
"90-2011-0-354",2022,2011,11.5,"ey","not_detected",0,0,16.36,-1.96083333333333,-3.23,-2.95666666666667,0.08,-2.33
"90-2011-0-355",2011,2011,0.5,"ey","Captured",1,1,38.64,-3.3625,-3.19333333333333,-4.41333333333333,-4.20666666666667,-1.53333333333333
"90-2011-0-355",2012,2011,1.5,"ey","Captured",1,1,31.36,-0.763333333333333,1.29,-0.876666666666667,-1.53333333333333,-1.67333333333333
"90-2011-0-355",2013,2011,2.5,"ey","Captured",1,1,27.05,-1.95083333333333,-3.10666666666667,-2.17666666666667,-1.04333333333333,-2.49333333333333
"90-2011-0-355",2014,2011,3.5,"ey","Captured",1,1,38.18,-1.2175,-0.98,-2.16333333333333,-1.51333333333333,0.00666666666666666
"90-2011-0-355",2015,2011,4.5,"ey","Captured",1,1,45.45,1.83166666666667,2.94333333333333,3.56666666666667,0.42,0.223333333333333
"90-2011-0-355",2016,2011,5.5,"ey","Nat Mortality",2,2,22.27,-0.574166666666667,-0.553333333333333,-0.816666666666667,-0.986666666666667,-0.183333333333333
"90-2011-0-355",2017,2011,6.5,"ey","not_detected",0,0,15.68,-0.921666666666667,-0.983333333333333,-1.73,-0.536666666666667,-0.11
"90-2011-0-355",2018,2011,7.5,"ey","not_detected",0,0,15.91,-0.465,-1.89,-2.77666666666667,2.41333333333333,-0.356666666666667
"90-2011-0-355",2019,2011,8.5,"ey","not_detected",0,0,19.32,-1.40833333333333,-0.516666666666667,-1.77,-2.95333333333333,1.45
"90-2011-0-355",2020,2011,9.5,"ey","not_detected",0,0,19.09,-3.4025,-3.32,-3.52,-3.33,-3.37666666666667
"90-2011-0-355",2021,2011,10.5,"ey","not_detected",0,0,21.14,-1.8125,-3.27666666666667,-0.343333333333333,-0.893333333333333,-3.17
"90-2011-0-355",2022,2011,11.5,"ey","Alive-Cuddy",1,0,16.36,-1.96083333333333,-3.23,-2.95666666666667,0.08,-2.33
"90-2011-0-356",2011,2011,0.5,"ey","Captured",1,1,38.64,-3.3625,-3.19333333333333,-4.41333333333333,-4.20666666666667,-1.53333333333333
"90-2011-0-356",2012,2011,1.5,"ey","Captured",1,1,31.36,-0.763333333333333,1.29,-0.876666666666667,-1.53333333333333,-1.67333333333333
"90-2011-0-356",2013,2011,2.5,"ey","Alive-Cuddy",1,0,27.05,-1.95083333333333,-3.10666666666667,-2.17666666666667,-1.04333333333333,-2.49333333333333
"90-2011-0-356",2014,2011,3.5,"ey","Alive-Cuddy",1,0,38.18,-1.2175,-0.98,-2.16333333333333,-1.51333333333333,0.00666666666666666
"90-2011-0-356",2015,2011,4.5,"ey","Alive-Cuddy",1,0,45.45,1.83166666666667,2.94333333333333,3.56666666666667,0.42,0.223333333333333
"90-2011-0-356",2016,2011,5.5,"ey","Captured",1,1,22.27,-0.574166666666667,-0.553333333333333,-0.816666666666667,-0.986666666666667,-0.183333333333333
"90-2011-0-356",2017,2011,6.5,"ey","Captured",1,1,15.68,-0.921666666666667,-0.983333333333333,-1.73,-0.536666666666667,-0.11
"90-2011-0-356",2018,2011,7.5,"ey","Captured",1,1,15.91,-0.465,-1.89,-2.77666666666667,2.41333333333333,-0.356666666666667
"90-2011-0-356",2019,2011,8.5,"ey","Alive-Cuddy",1,0,19.32,-1.40833333333333,-0.516666666666667,-1.77,-2.95333333333333,1.45
"90-2011-0-356",2020,2011,9.5,"ey","Alive-Cuddy",1,0,19.09,-3.4025,-3.32,-3.52,-3.33,-3.37666666666667
"90-2011-0-356",2021,2011,10.5,"ey","Nat Mortality",2,2,21.14,-1.8125,-3.27666666666667,-0.343333333333333,-0.893333333333333,-3.17
"90-2011-0-356",2022,2011,11.5,"ey","not_detected",0,0,16.36,-1.96083333333333,-3.23,-2.95666666666667,0.08,-2.33
"90-2011-0-357",2011,2011,0.5,"ey","Captured",1,1,38.64,-3.3625,-3.19333333333333,-4.41333333333333,-4.20666666666667,-1.53333333333333
"90-2011-0-357",2012,2011,1.5,"ey","Captured",1,1,31.36,-0.763333333333333,1.29,-0.876666666666667,-1.53333333333333,-1.67333333333333
"90-2011-0-357",2013,2011,2.5,"ey","Captured",1,1,27.05,-1.95083333333333,-3.10666666666667,-2.17666666666667,-1.04333333333333,-2.49333333333333
"90-2011-0-357",2014,2011,3.5,"ey","Captured",1,1,38.18,-1.2175,-0.98,-2.16333333333333,-1.51333333333333,0.00666666666666666
"90-2011-0-357",2015,2011,4.5,"ey","Captured",1,1,45.45,1.83166666666667,2.94333333333333,3.56666666666667,0.42,0.223333333333333
"90-2011-0-357",2016,2011,5.5,"ey","Captured",1,1,22.27,-0.574166666666667,-0.553333333333333,-0.816666666666667,-0.986666666666667,-0.183333333333333
"90-2011-0-357",2017,2011,6.5,"ey","Captured",1,1,15.68,-0.921666666666667,-0.983333333333333,-1.73,-0.536666666666667,-0.11
"90-2011-0-357",2018,2011,7.5,"ey","not_detected",0,0,15.91,-0.465,-1.89,-2.77666666666667,2.41333333333333,-0.356666666666667
"90-2011-0-357",2019,2011,8.5,"ey","not_detected",0,0,19.32,-1.40833333333333,-0.516666666666667,-1.77,-2.95333333333333,1.45
"90-2011-0-357",2020,2011,9.5,"ey","not_detected",0,0,19.09,-3.4025,-3.32,-3.52,-3.33,-3.37666666666667
"90-2011-0-357",2021,2011,10.5,"ey","not_detected",0,0,21.14,-1.8125,-3.27666666666667,-0.343333333333333,-0.893333333333333,-3.17
"90-2011-0-357",2022,2011,11.5,"ey","not_detected",0,0,16.36,-1.96083333333333,-3.23,-2.95666666666667,0.08,-2.33
"90-2011-0-358",2011,2011,0.5,"ey","Captured",1,1,38.64,-3.3625,-3.19333333333333,-4.41333333333333,-4.20666666666667,-1.53333333333333
"90-2011-0-358",2012,2011,1.5,"ey","Captured",1,1,31.36,-0.763333333333333,1.29,-0.876666666666667,-1.53333333333333,-1.67333333333333
"90-2011-0-358",2013,2011,2.5,"ey","Captured",1,1,27.05,-1.95083333333333,-3.10666666666667,-2.17666666666667,-1.04333333333333,-2.49333333333333
"90-2011-0-358",2014,2011,3.5,"ey","Alive-Cuddy",1,0,38.18,-1.2175,-0.98,-2.16333333333333,-1.51333333333333,0.00666666666666666
"90-2011-0-358",2015,2011,4.5,"ey","not_detected",0,0,45.45,1.83166666666667,2.94333333333333,3.56666666666667,0.42,0.223333333333333
"90-2011-0-358",2016,2011,5.5,"ey","not_detected",0,0,22.27,-0.574166666666667,-0.553333333333333,-0.816666666666667,-0.986666666666667,-0.183333333333333
"90-2011-0-358",2017,2011,6.5,"ey","not_detected",0,0,15.68,-0.921666666666667,-0.983333333333333,-1.73,-0.536666666666667,-0.11
"90-2011-0-358",2018,2011,7.5,"ey","not_detected",0,0,15.91,-0.465,-1.89,-2.77666666666667,2.41333333333333,-0.356666666666667
"90-2011-0-358",2019,2011,8.5,"ey","not_detected",0,0,19.32,-1.40833333333333,-0.516666666666667,-1.77,-2.95333333333333,1.45
"90-2011-0-358",2020,2011,9.5,"ey","not_detected",0,0,19.09,-3.4025,-3.32,-3.52,-3.33,-3.37666666666667
"90-2011-0-358",2021,2011,10.5,"ey","not_detected",0,0,21.14,-1.8125,-3.27666666666667,-0.343333333333333,-0.893333333333333,-3.17
"90-2011-0-358",2022,2011,11.5,"ey","not_detected",0,0,16.36,-1.96083333333333,-3.23,-2.95666666666667,0.08,-2.33
"90-2011-0-359",2011,2011,0.5,"ey","Captured",1,1,38.64,-3.3625,-3.19333333333333,-4.41333333333333,-4.20666666666667,-1.53333333333333
"90-2011-0-359",2012,2011,1.5,"ey","Alive-Cuddy",1,0,31.36,-0.763333333333333,1.29,-0.876666666666667,-1.53333333333333,-1.67333333333333
"90-2011-0-359",2013,2011,2.5,"ey","Captured",1,1,27.05,-1.95083333333333,-3.10666666666667,-2.17666666666667,-1.04333333333333,-2.49333333333333
"90-2011-0-359",2014,2011,3.5,"ey","Captured",1,1,38.18,-1.2175,-0.98,-2.16333333333333,-1.51333333333333,0.00666666666666666
"90-2011-0-359",2015,2011,4.5,"ey","Captured",1,1,45.45,1.83166666666667,2.94333333333333,3.56666666666667,0.42,0.223333333333333
"90-2011-0-359",2016,2011,5.5,"ey","Captured",1,1,22.27,-0.574166666666667,-0.553333333333333,-0.816666666666667,-0.986666666666667,-0.183333333333333
"90-2011-0-359",2017,2011,6.5,"ey","Captured",1,1,15.68,-0.921666666666667,-0.983333333333333,-1.73,-0.536666666666667,-0.11
"90-2011-0-359",2018,2011,7.5,"ey","not_detected",0,0,15.91,-0.465,-1.89,-2.77666666666667,2.41333333333333,-0.356666666666667
"90-2011-0-359",2019,2011,8.5,"ey","not_detected",0,0,19.32,-1.40833333333333,-0.516666666666667,-1.77,-2.95333333333333,1.45
"90-2011-0-359",2020,2011,9.5,"ey","not_detected",0,0,19.09,-3.4025,-3.32,-3.52,-3.33,-3.37666666666667
"90-2011-0-359",2021,2011,10.5,"ey","not_detected",0,0,21.14,-1.8125,-3.27666666666667,-0.343333333333333,-0.893333333333333,-3.17
"90-2011-0-359",2022,2011,11.5,"ey","not_detected",0,0,16.36,-1.96083333333333,-3.23,-2.95666666666667,0.08,-2.33
"90-2011-0-360",2011,2011,0.5,"ey","Captured",1,1,38.64,-3.3625,-3.19333333333333,-4.41333333333333,-4.20666666666667,-1.53333333333333
"90-2011-0-360",2012,2011,1.5,"ey","Captured",1,1,31.36,-0.763333333333333,1.29,-0.876666666666667,-1.53333333333333,-1.67333333333333
"90-2011-0-360",2013,2011,2.5,"ey","Captured",1,1,27.05,-1.95083333333333,-3.10666666666667,-2.17666666666667,-1.04333333333333,-2.49333333333333
"90-2011-0-360",2014,2011,3.5,"ey","Captured",1,1,38.18,-1.2175,-0.98,-2.16333333333333,-1.51333333333333,0.00666666666666666
"90-2011-0-360",2015,2011,4.5,"ey","Captured",1,1,45.45,1.83166666666667,2.94333333333333,3.56666666666667,0.42,0.223333333333333
"90-2011-0-360",2016,2011,5.5,"ey","Captured",1,1,22.27,-0.574166666666667,-0.553333333333333,-0.816666666666667,-0.986666666666667,-0.183333333333333
"90-2011-0-360",2017,2011,6.5,"ey","Captured",1,1,15.68,-0.921666666666667,-0.983333333333333,-1.73,-0.536666666666667,-0.11
"90-2011-0-360",2018,2011,7.5,"ey","Captured",1,1,15.91,-0.465,-1.89,-2.77666666666667,2.41333333333333,-0.356666666666667
"90-2011-0-360",2019,2011,8.5,"ey","Captured",1,1,19.32,-1.40833333333333,-0.516666666666667,-1.77,-2.95333333333333,1.45
"90-2011-0-360",2020,2011,9.5,"ey","Alive-Cuddy",1,0,19.09,-3.4025,-3.32,-3.52,-3.33,-3.37666666666667
"90-2011-0-360",2021,2011,10.5,"ey","not_detected",0,0,21.14,-1.8125,-3.27666666666667,-0.343333333333333,-0.893333333333333,-3.17
"90-2011-0-360",2022,2011,11.5,"ey","not_detected",0,0,16.36,-1.96083333333333,-3.23,-2.95666666666667,0.08,-2.33
"90-2011-0-361",2011,2011,0.5,"ey","Captured",1,1,38.64,-3.3625,-3.19333333333333,-4.41333333333333,-4.20666666666667,-1.53333333333333
"90-2011-0-361",2012,2011,1.5,"ey","not_detected",0,0,31.36,-0.763333333333333,1.29,-0.876666666666667,-1.53333333333333,-1.67333333333333
"90-2011-0-361",2013,2011,2.5,"ey","not_detected",0,0,27.05,-1.95083333333333,-3.10666666666667,-2.17666666666667,-1.04333333333333,-2.49333333333333
"90-2011-0-361",2014,2011,3.5,"ey","not_detected",0,0,38.18,-1.2175,-0.98,-2.16333333333333,-1.51333333333333,0.00666666666666666
"90-2011-0-361",2015,2011,4.5,"ey","not_detected",0,0,45.45,1.83166666666667,2.94333333333333,3.56666666666667,0.42,0.223333333333333
"90-2011-0-361",2016,2011,5.5,"ey","not_detected",0,0,22.27,-0.574166666666667,-0.553333333333333,-0.816666666666667,-0.986666666666667,-0.183333333333333
"90-2011-0-361",2017,2011,6.5,"ey","not_detected",0,0,15.68,-0.921666666666667,-0.983333333333333,-1.73,-0.536666666666667,-0.11
"90-2011-0-361",2018,2011,7.5,"ey","not_detected",0,0,15.91,-0.465,-1.89,-2.77666666666667,2.41333333333333,-0.356666666666667
"90-2011-0-361",2019,2011,8.5,"ey","not_detected",0,0,19.32,-1.40833333333333,-0.516666666666667,-1.77,-2.95333333333333,1.45
"90-2011-0-361",2020,2011,9.5,"ey","not_detected",0,0,19.09,-3.4025,-3.32,-3.52,-3.33,-3.37666666666667
"90-2011-0-361",2021,2011,10.5,"ey","not_detected",0,0,21.14,-1.8125,-3.27666666666667,-0.343333333333333,-0.893333333333333,-3.17
"90-2011-0-361",2022,2011,11.5,"ey","not_detected",0,0,16.36,-1.96083333333333,-3.23,-2.95666666666667,0.08,-2.33
"90-2011-0-362",2011,2011,0.5,"ey","Captured",1,1,38.64,-3.3625,-3.19333333333333,-4.41333333333333,-4.20666666666667,-1.53333333333333
"90-2011-0-362",2012,2011,1.5,"ey","Captured",1,1,31.36,-0.763333333333333,1.29,-0.876666666666667,-1.53333333333333,-1.67333333333333
"90-2011-0-362",2013,2011,2.5,"ey","Captured",1,1,27.05,-1.95083333333333,-3.10666666666667,-2.17666666666667,-1.04333333333333,-2.49333333333333
"90-2011-0-362",2014,2011,3.5,"ey","Captured",1,1,38.18,-1.2175,-0.98,-2.16333333333333,-1.51333333333333,0.00666666666666666
"90-2011-0-362",2015,2011,4.5,"ey","Captured",1,1,45.45,1.83166666666667,2.94333333333333,3.56666666666667,0.42,0.223333333333333
"90-2011-0-362",2016,2011,5.5,"ey","Captured",1,1,22.27,-0.574166666666667,-0.553333333333333,-0.816666666666667,-0.986666666666667,-0.183333333333333
"90-2011-0-362",2017,2011,6.5,"ey","Captured",1,1,15.68,-0.921666666666667,-0.983333333333333,-1.73,-0.536666666666667,-0.11
"90-2011-0-362",2018,2011,7.5,"ey","Captured",1,1,15.91,-0.465,-1.89,-2.77666666666667,2.41333333333333,-0.356666666666667
"90-2011-0-362",2019,2011,8.5,"ey","Captured",1,1,19.32,-1.40833333333333,-0.516666666666667,-1.77,-2.95333333333333,1.45
"90-2011-0-362",2020,2011,9.5,"ey","not_detected",0,0,19.09,-3.4025,-3.32,-3.52,-3.33,-3.37666666666667
"90-2011-0-362",2021,2011,10.5,"ey","Captured",1,1,21.14,-1.8125,-3.27666666666667,-0.343333333333333,-0.893333333333333,-3.17
"90-2011-0-362",2022,2011,11.5,"ey","Captured",1,1,16.36,-1.96083333333333,-3.23,-2.95666666666667,0.08,-2.33
"90-2011-0-363",2011,2011,0.5,"ey","Captured",1,1,38.64,-3.3625,-3.19333333333333,-4.41333333333333,-4.20666666666667,-1.53333333333333
"90-2011-0-363",2012,2011,1.5,"ey","Captured",1,1,31.36,-0.763333333333333,1.29,-0.876666666666667,-1.53333333333333,-1.67333333333333
"90-2011-0-363",2013,2011,2.5,"ey","Captured",1,1,27.05,-1.95083333333333,-3.10666666666667,-2.17666666666667,-1.04333333333333,-2.49333333333333
"90-2011-0-363",2014,2011,3.5,"ey","Captured",1,1,38.18,-1.2175,-0.98,-2.16333333333333,-1.51333333333333,0.00666666666666666
"90-2011-0-363",2015,2011,4.5,"ey","Alive-Cuddy",1,0,45.45,1.83166666666667,2.94333333333333,3.56666666666667,0.42,0.223333333333333
"90-2011-0-363",2016,2011,5.5,"ey","Captured",1,1,22.27,-0.574166666666667,-0.553333333333333,-0.816666666666667,-0.986666666666667,-0.183333333333333
"90-2011-0-363",2017,2011,6.5,"ey","Captured",1,1,15.68,-0.921666666666667,-0.983333333333333,-1.73,-0.536666666666667,-0.11
"90-2011-0-363",2018,2011,7.5,"ey","not_detected",0,0,15.91,-0.465,-1.89,-2.77666666666667,2.41333333333333,-0.356666666666667
"90-2011-0-363",2019,2011,8.5,"ey","not_detected",0,0,19.32,-1.40833333333333,-0.516666666666667,-1.77,-2.95333333333333,1.45
"90-2011-0-363",2020,2011,9.5,"ey","not_detected",0,0,19.09,-3.4025,-3.32,-3.52,-3.33,-3.37666666666667
"90-2011-0-363",2021,2011,10.5,"ey","not_detected",0,0,21.14,-1.8125,-3.27666666666667,-0.343333333333333,-0.893333333333333,-3.17
"90-2011-0-363",2022,2011,11.5,"ey","not_detected",0,0,16.36,-1.96083333333333,-3.23,-2.95666666666667,0.08,-2.33
"90-2011-0-364",2011,2011,0.5,"ey","Captured",1,1,38.64,-3.3625,-3.19333333333333,-4.41333333333333,-4.20666666666667,-1.53333333333333
"90-2011-0-364",2012,2011,1.5,"ey","not_detected",0,0,31.36,-0.763333333333333,1.29,-0.876666666666667,-1.53333333333333,-1.67333333333333
"90-2011-0-364",2013,2011,2.5,"ey","not_detected",0,0,27.05,-1.95083333333333,-3.10666666666667,-2.17666666666667,-1.04333333333333,-2.49333333333333
"90-2011-0-364",2014,2011,3.5,"ey","not_detected",0,0,38.18,-1.2175,-0.98,-2.16333333333333,-1.51333333333333,0.00666666666666666
"90-2011-0-364",2015,2011,4.5,"ey","not_detected",0,0,45.45,1.83166666666667,2.94333333333333,3.56666666666667,0.42,0.223333333333333
"90-2011-0-364",2016,2011,5.5,"ey","not_detected",0,0,22.27,-0.574166666666667,-0.553333333333333,-0.816666666666667,-0.986666666666667,-0.183333333333333
"90-2011-0-364",2017,2011,6.5,"ey","not_detected",0,0,15.68,-0.921666666666667,-0.983333333333333,-1.73,-0.536666666666667,-0.11
"90-2011-0-364",2018,2011,7.5,"ey","not_detected",0,0,15.91,-0.465,-1.89,-2.77666666666667,2.41333333333333,-0.356666666666667
"90-2011-0-364",2019,2011,8.5,"ey","not_detected",0,0,19.32,-1.40833333333333,-0.516666666666667,-1.77,-2.95333333333333,1.45
"90-2011-0-364",2020,2011,9.5,"ey","not_detected",0,0,19.09,-3.4025,-3.32,-3.52,-3.33,-3.37666666666667
"90-2011-0-364",2021,2011,10.5,"ey","not_detected",0,0,21.14,-1.8125,-3.27666666666667,-0.343333333333333,-0.893333333333333,-3.17
"90-2011-0-364",2022,2011,11.5,"ey","not_detected",0,0,16.36,-1.96083333333333,-3.23,-2.95666666666667,0.08,-2.33
"90-2011-0-365",2011,2011,0.5,"ey","Captured",1,1,38.64,-3.3625,-3.19333333333333,-4.41333333333333,-4.20666666666667,-1.53333333333333
"90-2011-0-365",2012,2011,1.5,"ey","Captured",1,1,31.36,-0.763333333333333,1.29,-0.876666666666667,-1.53333333333333,-1.67333333333333
"90-2011-0-365",2013,2011,2.5,"ey","Captured",1,1,27.05,-1.95083333333333,-3.10666666666667,-2.17666666666667,-1.04333333333333,-2.49333333333333
"90-2011-0-365",2014,2011,3.5,"ey","Captured",1,1,38.18,-1.2175,-0.98,-2.16333333333333,-1.51333333333333,0.00666666666666666
"90-2011-0-365",2015,2011,4.5,"ey","Alive-Cuddy",1,0,45.45,1.83166666666667,2.94333333333333,3.56666666666667,0.42,0.223333333333333
"90-2011-0-365",2016,2011,5.5,"ey","not_detected",0,0,22.27,-0.574166666666667,-0.553333333333333,-0.816666666666667,-0.986666666666667,-0.183333333333333
"90-2011-0-365",2017,2011,6.5,"ey","not_detected",0,0,15.68,-0.921666666666667,-0.983333333333333,-1.73,-0.536666666666667,-0.11
"90-2011-0-365",2018,2011,7.5,"ey","not_detected",0,0,15.91,-0.465,-1.89,-2.77666666666667,2.41333333333333,-0.356666666666667
"90-2011-0-365",2019,2011,8.5,"ey","not_detected",0,0,19.32,-1.40833333333333,-0.516666666666667,-1.77,-2.95333333333333,1.45
"90-2011-0-365",2020,2011,9.5,"ey","not_detected",0,0,19.09,-3.4025,-3.32,-3.52,-3.33,-3.37666666666667
"90-2011-0-365",2021,2011,10.5,"ey","not_detected",0,0,21.14,-1.8125,-3.27666666666667,-0.343333333333333,-0.893333333333333,-3.17
"90-2011-0-365",2022,2011,11.5,"ey","not_detected",0,0,16.36,-1.96083333333333,-3.23,-2.95666666666667,0.08,-2.33
"90-2011-0-366",2011,2011,0.5,"ey","Captured",1,1,38.64,-3.3625,-3.19333333333333,-4.41333333333333,-4.20666666666667,-1.53333333333333
"90-2011-0-366",2012,2011,1.5,"ey","not_detected",0,0,31.36,-0.763333333333333,1.29,-0.876666666666667,-1.53333333333333,-1.67333333333333
"90-2011-0-366",2013,2011,2.5,"ey","not_detected",0,0,27.05,-1.95083333333333,-3.10666666666667,-2.17666666666667,-1.04333333333333,-2.49333333333333
"90-2011-0-366",2014,2011,3.5,"ey","not_detected",0,0,38.18,-1.2175,-0.98,-2.16333333333333,-1.51333333333333,0.00666666666666666
"90-2011-0-366",2015,2011,4.5,"ey","not_detected",0,0,45.45,1.83166666666667,2.94333333333333,3.56666666666667,0.42,0.223333333333333
"90-2011-0-366",2016,2011,5.5,"ey","not_detected",0,0,22.27,-0.574166666666667,-0.553333333333333,-0.816666666666667,-0.986666666666667,-0.183333333333333
"90-2011-0-366",2017,2011,6.5,"ey","not_detected",0,0,15.68,-0.921666666666667,-0.983333333333333,-1.73,-0.536666666666667,-0.11
"90-2011-0-366",2018,2011,7.5,"ey","not_detected",0,0,15.91,-0.465,-1.89,-2.77666666666667,2.41333333333333,-0.356666666666667
"90-2011-0-366",2019,2011,8.5,"ey","not_detected",0,0,19.32,-1.40833333333333,-0.516666666666667,-1.77,-2.95333333333333,1.45
"90-2011-0-366",2020,2011,9.5,"ey","not_detected",0,0,19.09,-3.4025,-3.32,-3.52,-3.33,-3.37666666666667
"90-2011-0-366",2021,2011,10.5,"ey","not_detected",0,0,21.14,-1.8125,-3.27666666666667,-0.343333333333333,-0.893333333333333,-3.17
"90-2011-0-366",2022,2011,11.5,"ey","not_detected",0,0,16.36,-1.96083333333333,-3.23,-2.95666666666667,0.08,-2.33
"90-2011-0-367",2011,2011,0.5,"ey","Captured",1,1,38.64,-3.3625,-3.19333333333333,-4.41333333333333,-4.20666666666667,-1.53333333333333
"90-2011-0-367",2012,2011,1.5,"ey","Captured",1,1,31.36,-0.763333333333333,1.29,-0.876666666666667,-1.53333333333333,-1.67333333333333
"90-2011-0-367",2013,2011,2.5,"ey","Alive-Cuddy",1,0,27.05,-1.95083333333333,-3.10666666666667,-2.17666666666667,-1.04333333333333,-2.49333333333333
"90-2011-0-367",2014,2011,3.5,"ey","Captured",1,1,38.18,-1.2175,-0.98,-2.16333333333333,-1.51333333333333,0.00666666666666666
"90-2011-0-367",2015,2011,4.5,"ey","Alive-Cuddy",1,0,45.45,1.83166666666667,2.94333333333333,3.56666666666667,0.42,0.223333333333333
"90-2011-0-367",2016,2011,5.5,"ey","Captured",1,1,22.27,-0.574166666666667,-0.553333333333333,-0.816666666666667,-0.986666666666667,-0.183333333333333
"90-2011-0-367",2017,2011,6.5,"ey","Captured",1,1,15.68,-0.921666666666667,-0.983333333333333,-1.73,-0.536666666666667,-0.11
"90-2011-0-367",2018,2011,7.5,"ey","Captured",1,1,15.91,-0.465,-1.89,-2.77666666666667,2.41333333333333,-0.356666666666667
"90-2011-0-367",2019,2011,8.5,"ey","Captured",1,1,19.32,-1.40833333333333,-0.516666666666667,-1.77,-2.95333333333333,1.45
"90-2011-0-367",2020,2011,9.5,"ey","Captured",1,1,19.09,-3.4025,-3.32,-3.52,-3.33,-3.37666666666667
"90-2011-0-367",2021,2011,10.5,"ey","Alive-Cuddy",1,0,21.14,-1.8125,-3.27666666666667,-0.343333333333333,-0.893333333333333,-3.17
"90-2011-0-367",2022,2011,11.5,"ey","not_detected",0,0,16.36,-1.96083333333333,-3.23,-2.95666666666667,0.08,-2.33
"90-2011-0-368",2011,2011,0.5,"ey","Captured",1,1,38.64,-3.3625,-3.19333333333333,-4.41333333333333,-4.20666666666667,-1.53333333333333
"90-2011-0-368",2012,2011,1.5,"ey","Captured",1,1,31.36,-0.763333333333333,1.29,-0.876666666666667,-1.53333333333333,-1.67333333333333
"90-2011-0-368",2013,2011,2.5,"ey","Captured",1,1,27.05,-1.95083333333333,-3.10666666666667,-2.17666666666667,-1.04333333333333,-2.49333333333333
"90-2011-0-368",2014,2011,3.5,"ey","Captured",1,1,38.18,-1.2175,-0.98,-2.16333333333333,-1.51333333333333,0.00666666666666666
"90-2011-0-368",2015,2011,4.5,"ey","Captured",1,1,45.45,1.83166666666667,2.94333333333333,3.56666666666667,0.42,0.223333333333333
"90-2011-0-368",2016,2011,5.5,"ey","Captured",1,1,22.27,-0.574166666666667,-0.553333333333333,-0.816666666666667,-0.986666666666667,-0.183333333333333
"90-2011-0-368",2017,2011,6.5,"ey","Captured",1,1,15.68,-0.921666666666667,-0.983333333333333,-1.73,-0.536666666666667,-0.11
"90-2011-0-368",2018,2011,7.5,"ey","Captured",1,1,15.91,-0.465,-1.89,-2.77666666666667,2.41333333333333,-0.356666666666667
"90-2011-0-368",2019,2011,8.5,"ey","Alive-Cuddy",1,0,19.32,-1.40833333333333,-0.516666666666667,-1.77,-2.95333333333333,1.45
"90-2011-0-368",2020,2011,9.5,"ey","Captured",1,1,19.09,-3.4025,-3.32,-3.52,-3.33,-3.37666666666667
"90-2011-0-368",2021,2011,10.5,"ey","Captured",1,1,21.14,-1.8125,-3.27666666666667,-0.343333333333333,-0.893333333333333,-3.17
"90-2011-0-368",2022,2011,11.5,"ey","not_detected",0,0,16.36,-1.96083333333333,-3.23,-2.95666666666667,0.08,-2.33
"90-2011-0-369",2011,2011,0.5,"ey","Captured",1,1,38.64,-3.3625,-3.19333333333333,-4.41333333333333,-4.20666666666667,-1.53333333333333
"90-2011-0-369",2012,2011,1.5,"ey","Captured",1,1,31.36,-0.763333333333333,1.29,-0.876666666666667,-1.53333333333333,-1.67333333333333
"90-2011-0-369",2013,2011,2.5,"ey","not_detected",0,0,27.05,-1.95083333333333,-3.10666666666667,-2.17666666666667,-1.04333333333333,-2.49333333333333
"90-2011-0-369",2014,2011,3.5,"ey","not_detected",0,0,38.18,-1.2175,-0.98,-2.16333333333333,-1.51333333333333,0.00666666666666666
"90-2011-0-369",2015,2011,4.5,"ey","not_detected",0,0,45.45,1.83166666666667,2.94333333333333,3.56666666666667,0.42,0.223333333333333
"90-2011-0-369",2016,2011,5.5,"ey","not_detected",0,0,22.27,-0.574166666666667,-0.553333333333333,-0.816666666666667,-0.986666666666667,-0.183333333333333
"90-2011-0-369",2017,2011,6.5,"ey","not_detected",0,0,15.68,-0.921666666666667,-0.983333333333333,-1.73,-0.536666666666667,-0.11
"90-2011-0-369",2018,2011,7.5,"ey","not_detected",0,0,15.91,-0.465,-1.89,-2.77666666666667,2.41333333333333,-0.356666666666667
"90-2011-0-369",2019,2011,8.5,"ey","not_detected",0,0,19.32,-1.40833333333333,-0.516666666666667,-1.77,-2.95333333333333,1.45
"90-2011-0-369",2020,2011,9.5,"ey","not_detected",0,0,19.09,-3.4025,-3.32,-3.52,-3.33,-3.37666666666667
"90-2011-0-369",2021,2011,10.5,"ey","not_detected",0,0,21.14,-1.8125,-3.27666666666667,-0.343333333333333,-0.893333333333333,-3.17
"90-2011-0-369",2022,2011,11.5,"ey","not_detected",0,0,16.36,-1.96083333333333,-3.23,-2.95666666666667,0.08,-2.33
"90-2011-0-370",2011,2011,0.5,"ey","Captured",1,1,38.64,-3.3625,-3.19333333333333,-4.41333333333333,-4.20666666666667,-1.53333333333333
"90-2011-0-370",2012,2011,1.5,"ey","Alive-Cuddy",1,0,31.36,-0.763333333333333,1.29,-0.876666666666667,-1.53333333333333,-1.67333333333333
"90-2011-0-370",2013,2011,2.5,"ey","Captured",1,1,27.05,-1.95083333333333,-3.10666666666667,-2.17666666666667,-1.04333333333333,-2.49333333333333
"90-2011-0-370",2014,2011,3.5,"ey","Captured",1,1,38.18,-1.2175,-0.98,-2.16333333333333,-1.51333333333333,0.00666666666666666
"90-2011-0-370",2015,2011,4.5,"ey","Captured",1,1,45.45,1.83166666666667,2.94333333333333,3.56666666666667,0.42,0.223333333333333
"90-2011-0-370",2016,2011,5.5,"ey","Captured",1,1,22.27,-0.574166666666667,-0.553333333333333,-0.816666666666667,-0.986666666666667,-0.183333333333333
"90-2011-0-370",2017,2011,6.5,"ey","Captured",1,1,15.68,-0.921666666666667,-0.983333333333333,-1.73,-0.536666666666667,-0.11
"90-2011-0-370",2018,2011,7.5,"ey","Captured",1,1,15.91,-0.465,-1.89,-2.77666666666667,2.41333333333333,-0.356666666666667
"90-2011-0-370",2019,2011,8.5,"ey","not_detected",0,0,19.32,-1.40833333333333,-0.516666666666667,-1.77,-2.95333333333333,1.45
"90-2011-0-370",2020,2011,9.5,"ey","not_detected",0,0,19.09,-3.4025,-3.32,-3.52,-3.33,-3.37666666666667
"90-2011-0-370",2021,2011,10.5,"ey","not_detected",0,0,21.14,-1.8125,-3.27666666666667,-0.343333333333333,-0.893333333333333,-3.17
"90-2011-0-370",2022,2011,11.5,"ey","not_detected",0,0,16.36,-1.96083333333333,-3.23,-2.95666666666667,0.08,-2.33
"90-2012-0-001",2012,2012,0.5,"ey","Captured",1,1,31.36,-0.763333333333333,1.29,-0.876666666666667,-1.53333333333333,-1.67333333333333
"90-2012-0-001",2013,2012,1.5,"ey","Alive-Cuddy",1,0,27.05,-1.95083333333333,-3.10666666666667,-2.17666666666667,-1.04333333333333,-2.49333333333333
"90-2012-0-001",2014,2012,2.5,"ey","Captured",1,1,38.18,-1.2175,-0.98,-2.16333333333333,-1.51333333333333,0.00666666666666666
"90-2012-0-001",2015,2012,3.5,"ey","Captured",1,1,45.45,1.83166666666667,2.94333333333333,3.56666666666667,0.42,0.223333333333333
"90-2012-0-001",2016,2012,4.5,"ey","Captured",1,1,22.27,-0.574166666666667,-0.553333333333333,-0.816666666666667,-0.986666666666667,-0.183333333333333
"90-2012-0-001",2017,2012,5.5,"ey","Alive-Cuddy",1,0,15.68,-0.921666666666667,-0.983333333333333,-1.73,-0.536666666666667,-0.11
"90-2012-0-001",2018,2012,6.5,"ey","Captured",1,1,15.91,-0.465,-1.89,-2.77666666666667,2.41333333333333,-0.356666666666667
"90-2012-0-001",2019,2012,7.5,"ey","Alive-Cuddy",1,0,19.32,-1.40833333333333,-0.516666666666667,-1.77,-2.95333333333333,1.45
"90-2012-0-001",2020,2012,8.5,"ey","Captured",1,1,19.09,-3.4025,-3.32,-3.52,-3.33,-3.37666666666667
"90-2012-0-001",2021,2012,9.5,"ey","Captured",1,1,21.14,-1.8125,-3.27666666666667,-0.343333333333333,-0.893333333333333,-3.17
"90-2012-0-001",2022,2012,10.5,"ey","not_detected",0,0,16.36,-1.96083333333333,-3.23,-2.95666666666667,0.08,-2.33
"90-2012-0-319",2012,2012,0.5,"ey","Captured",1,1,31.36,-0.763333333333333,1.29,-0.876666666666667,-1.53333333333333,-1.67333333333333
"90-2012-0-319",2013,2012,1.5,"ey","Captured",1,1,27.05,-1.95083333333333,-3.10666666666667,-2.17666666666667,-1.04333333333333,-2.49333333333333
"90-2012-0-319",2014,2012,2.5,"ey","Captured",1,1,38.18,-1.2175,-0.98,-2.16333333333333,-1.51333333333333,0.00666666666666666
"90-2012-0-319",2015,2012,3.5,"ey","Alive-Cuddy",1,0,45.45,1.83166666666667,2.94333333333333,3.56666666666667,0.42,0.223333333333333
"90-2012-0-319",2016,2012,4.5,"ey","Captured",1,1,22.27,-0.574166666666667,-0.553333333333333,-0.816666666666667,-0.986666666666667,-0.183333333333333
"90-2012-0-319",2017,2012,5.5,"ey","Captured",1,1,15.68,-0.921666666666667,-0.983333333333333,-1.73,-0.536666666666667,-0.11
"90-2012-0-319",2018,2012,6.5,"ey","Captured",1,1,15.91,-0.465,-1.89,-2.77666666666667,2.41333333333333,-0.356666666666667
"90-2012-0-319",2019,2012,7.5,"ey","Alive-Cuddy",1,0,19.32,-1.40833333333333,-0.516666666666667,-1.77,-2.95333333333333,1.45
"90-2012-0-319",2020,2012,8.5,"ey","not_detected",0,0,19.09,-3.4025,-3.32,-3.52,-3.33,-3.37666666666667
"90-2012-0-319",2021,2012,9.5,"ey","Captured",1,1,21.14,-1.8125,-3.27666666666667,-0.343333333333333,-0.893333333333333,-3.17
"90-2012-0-319",2022,2012,10.5,"ey","not_detected",0,0,16.36,-1.96083333333333,-3.23,-2.95666666666667,0.08,-2.33
"90-2012-0-320",2012,2012,0.5,"ey","Captured",1,1,31.36,-0.763333333333333,1.29,-0.876666666666667,-1.53333333333333,-1.67333333333333
"90-2012-0-320",2013,2012,1.5,"ey","Alive-Cuddy",1,0,27.05,-1.95083333333333,-3.10666666666667,-2.17666666666667,-1.04333333333333,-2.49333333333333
"90-2012-0-320",2014,2012,2.5,"ey","Harvested",2,2,38.18,-1.2175,-0.98,-2.16333333333333,-1.51333333333333,0.00666666666666666
"90-2012-0-320",2015,2012,3.5,"ey","not_detected",0,0,45.45,1.83166666666667,2.94333333333333,3.56666666666667,0.42,0.223333333333333
"90-2012-0-320",2016,2012,4.5,"ey","not_detected",0,0,22.27,-0.574166666666667,-0.553333333333333,-0.816666666666667,-0.986666666666667,-0.183333333333333
"90-2012-0-320",2017,2012,5.5,"ey","not_detected",0,0,15.68,-0.921666666666667,-0.983333333333333,-1.73,-0.536666666666667,-0.11
"90-2012-0-320",2018,2012,6.5,"ey","not_detected",0,0,15.91,-0.465,-1.89,-2.77666666666667,2.41333333333333,-0.356666666666667
"90-2012-0-320",2019,2012,7.5,"ey","not_detected",0,0,19.32,-1.40833333333333,-0.516666666666667,-1.77,-2.95333333333333,1.45
"90-2012-0-320",2020,2012,8.5,"ey","not_detected",0,0,19.09,-3.4025,-3.32,-3.52,-3.33,-3.37666666666667
"90-2012-0-320",2021,2012,9.5,"ey","not_detected",0,0,21.14,-1.8125,-3.27666666666667,-0.343333333333333,-0.893333333333333,-3.17
"90-2012-0-320",2022,2012,10.5,"ey","not_detected",0,0,16.36,-1.96083333333333,-3.23,-2.95666666666667,0.08,-2.33
"90-2012-0-321",2012,2012,0.5,"ey","Captured",1,1,31.36,-0.763333333333333,1.29,-0.876666666666667,-1.53333333333333,-1.67333333333333
"90-2012-0-321",2013,2012,1.5,"ey","Captured",1,1,27.05,-1.95083333333333,-3.10666666666667,-2.17666666666667,-1.04333333333333,-2.49333333333333
"90-2012-0-321",2014,2012,2.5,"ey","Captured",1,1,38.18,-1.2175,-0.98,-2.16333333333333,-1.51333333333333,0.00666666666666666
"90-2012-0-321",2015,2012,3.5,"ey","Captured",1,1,45.45,1.83166666666667,2.94333333333333,3.56666666666667,0.42,0.223333333333333
"90-2012-0-321",2016,2012,4.5,"ey","not_detected",0,0,22.27,-0.574166666666667,-0.553333333333333,-0.816666666666667,-0.986666666666667,-0.183333333333333
"90-2012-0-321",2017,2012,5.5,"ey","not_detected",0,0,15.68,-0.921666666666667,-0.983333333333333,-1.73,-0.536666666666667,-0.11
"90-2012-0-321",2018,2012,6.5,"ey","not_detected",0,0,15.91,-0.465,-1.89,-2.77666666666667,2.41333333333333,-0.356666666666667
"90-2012-0-321",2019,2012,7.5,"ey","not_detected",0,0,19.32,-1.40833333333333,-0.516666666666667,-1.77,-2.95333333333333,1.45
"90-2012-0-321",2020,2012,8.5,"ey","Alive-Cuddy",1,0,19.09,-3.4025,-3.32,-3.52,-3.33,-3.37666666666667
"90-2012-0-321",2021,2012,9.5,"ey","not_detected",0,0,21.14,-1.8125,-3.27666666666667,-0.343333333333333,-0.893333333333333,-3.17
"90-2012-0-321",2022,2012,10.5,"ey","not_detected",0,0,16.36,-1.96083333333333,-3.23,-2.95666666666667,0.08,-2.33
"90-2012-0-322",2012,2012,0.5,"ey","Captured",1,1,31.36,-0.763333333333333,1.29,-0.876666666666667,-1.53333333333333,-1.67333333333333
"90-2012-0-322",2013,2012,1.5,"ey","Alive-Cuddy",1,0,27.05,-1.95083333333333,-3.10666666666667,-2.17666666666667,-1.04333333333333,-2.49333333333333
"90-2012-0-322",2014,2012,2.5,"ey","Alive-Cuddy",1,0,38.18,-1.2175,-0.98,-2.16333333333333,-1.51333333333333,0.00666666666666666
"90-2012-0-322",2015,2012,3.5,"ey","Captured",1,1,45.45,1.83166666666667,2.94333333333333,3.56666666666667,0.42,0.223333333333333
"90-2012-0-322",2016,2012,4.5,"ey","Captured",1,1,22.27,-0.574166666666667,-0.553333333333333,-0.816666666666667,-0.986666666666667,-0.183333333333333
"90-2012-0-322",2017,2012,5.5,"ey","Captured",1,1,15.68,-0.921666666666667,-0.983333333333333,-1.73,-0.536666666666667,-0.11
"90-2012-0-322",2018,2012,6.5,"ey","Captured",1,1,15.91,-0.465,-1.89,-2.77666666666667,2.41333333333333,-0.356666666666667
"90-2012-0-322",2019,2012,7.5,"ey","Alive-Cuddy",1,0,19.32,-1.40833333333333,-0.516666666666667,-1.77,-2.95333333333333,1.45
"90-2012-0-322",2020,2012,8.5,"ey","Captured",1,1,19.09,-3.4025,-3.32,-3.52,-3.33,-3.37666666666667
"90-2012-0-322",2021,2012,9.5,"ey","Nat Mortality",2,2,21.14,-1.8125,-3.27666666666667,-0.343333333333333,-0.893333333333333,-3.17
"90-2012-0-322",2022,2012,10.5,"ey","not_detected",0,0,16.36,-1.96083333333333,-3.23,-2.95666666666667,0.08,-2.33
"90-2012-0-323",2012,2012,0.5,"ey","Captured",1,1,31.36,-0.763333333333333,1.29,-0.876666666666667,-1.53333333333333,-1.67333333333333
"90-2012-0-323",2013,2012,1.5,"ey","not_detected",0,0,27.05,-1.95083333333333,-3.10666666666667,-2.17666666666667,-1.04333333333333,-2.49333333333333
"90-2012-0-323",2014,2012,2.5,"ey","not_detected",0,0,38.18,-1.2175,-0.98,-2.16333333333333,-1.51333333333333,0.00666666666666666
"90-2012-0-323",2015,2012,3.5,"ey","not_detected",0,0,45.45,1.83166666666667,2.94333333333333,3.56666666666667,0.42,0.223333333333333
"90-2012-0-323",2016,2012,4.5,"ey","not_detected",0,0,22.27,-0.574166666666667,-0.553333333333333,-0.816666666666667,-0.986666666666667,-0.183333333333333
"90-2012-0-323",2017,2012,5.5,"ey","not_detected",0,0,15.68,-0.921666666666667,-0.983333333333333,-1.73,-0.536666666666667,-0.11
"90-2012-0-323",2018,2012,6.5,"ey","not_detected",0,0,15.91,-0.465,-1.89,-2.77666666666667,2.41333333333333,-0.356666666666667
"90-2012-0-323",2019,2012,7.5,"ey","not_detected",0,0,19.32,-1.40833333333333,-0.516666666666667,-1.77,-2.95333333333333,1.45
"90-2012-0-323",2020,2012,8.5,"ey","not_detected",0,0,19.09,-3.4025,-3.32,-3.52,-3.33,-3.37666666666667
"90-2012-0-323",2021,2012,9.5,"ey","not_detected",0,0,21.14,-1.8125,-3.27666666666667,-0.343333333333333,-0.893333333333333,-3.17
"90-2012-0-323",2022,2012,10.5,"ey","not_detected",0,0,16.36,-1.96083333333333,-3.23,-2.95666666666667,0.08,-2.33
"90-2012-0-324",2012,2012,0.5,"ey","Captured",1,1,31.36,-0.763333333333333,1.29,-0.876666666666667,-1.53333333333333,-1.67333333333333
"90-2012-0-324",2013,2012,1.5,"ey","Captured",1,1,27.05,-1.95083333333333,-3.10666666666667,-2.17666666666667,-1.04333333333333,-2.49333333333333
"90-2012-0-324",2014,2012,2.5,"ey","Captured",1,1,38.18,-1.2175,-0.98,-2.16333333333333,-1.51333333333333,0.00666666666666666
"90-2012-0-324",2015,2012,3.5,"ey","Captured",1,1,45.45,1.83166666666667,2.94333333333333,3.56666666666667,0.42,0.223333333333333
"90-2012-0-324",2016,2012,4.5,"ey","Captured",1,1,22.27,-0.574166666666667,-0.553333333333333,-0.816666666666667,-0.986666666666667,-0.183333333333333
"90-2012-0-324",2017,2012,5.5,"ey","Captured",1,1,15.68,-0.921666666666667,-0.983333333333333,-1.73,-0.536666666666667,-0.11
"90-2012-0-324",2018,2012,6.5,"ey","Captured",1,1,15.91,-0.465,-1.89,-2.77666666666667,2.41333333333333,-0.356666666666667
"90-2012-0-324",2019,2012,7.5,"ey","Captured",1,1,19.32,-1.40833333333333,-0.516666666666667,-1.77,-2.95333333333333,1.45
"90-2012-0-324",2020,2012,8.5,"ey","not_detected",0,0,19.09,-3.4025,-3.32,-3.52,-3.33,-3.37666666666667
"90-2012-0-324",2021,2012,9.5,"ey","not_detected",0,0,21.14,-1.8125,-3.27666666666667,-0.343333333333333,-0.893333333333333,-3.17
"90-2012-0-324",2022,2012,10.5,"ey","not_detected",0,0,16.36,-1.96083333333333,-3.23,-2.95666666666667,0.08,-2.33
"90-2012-0-325",2012,2012,0.5,"ey","Captured",1,1,31.36,-0.763333333333333,1.29,-0.876666666666667,-1.53333333333333,-1.67333333333333
"90-2012-0-325",2013,2012,1.5,"ey","Alive-Cuddy",1,0,27.05,-1.95083333333333,-3.10666666666667,-2.17666666666667,-1.04333333333333,-2.49333333333333
"90-2012-0-325",2014,2012,2.5,"ey","Captured",1,1,38.18,-1.2175,-0.98,-2.16333333333333,-1.51333333333333,0.00666666666666666
"90-2012-0-325",2015,2012,3.5,"ey","Captured",1,1,45.45,1.83166666666667,2.94333333333333,3.56666666666667,0.42,0.223333333333333
"90-2012-0-325",2016,2012,4.5,"ey","Captured",1,1,22.27,-0.574166666666667,-0.553333333333333,-0.816666666666667,-0.986666666666667,-0.183333333333333
"90-2012-0-325",2017,2012,5.5,"ey","Captured",1,1,15.68,-0.921666666666667,-0.983333333333333,-1.73,-0.536666666666667,-0.11
"90-2012-0-325",2018,2012,6.5,"ey","Alive-Cuddy",1,0,15.91,-0.465,-1.89,-2.77666666666667,2.41333333333333,-0.356666666666667
"90-2012-0-325",2019,2012,7.5,"ey","Captured",1,1,19.32,-1.40833333333333,-0.516666666666667,-1.77,-2.95333333333333,1.45
"90-2012-0-325",2020,2012,8.5,"ey","not_detected",0,0,19.09,-3.4025,-3.32,-3.52,-3.33,-3.37666666666667
"90-2012-0-325",2021,2012,9.5,"ey","not_detected",0,0,21.14,-1.8125,-3.27666666666667,-0.343333333333333,-0.893333333333333,-3.17
"90-2012-0-325",2022,2012,10.5,"ey","not_detected",0,0,16.36,-1.96083333333333,-3.23,-2.95666666666667,0.08,-2.33
"90-2012-0-326",2012,2012,0.5,"ey","Captured",1,1,31.36,-0.763333333333333,1.29,-0.876666666666667,-1.53333333333333,-1.67333333333333
"90-2012-0-326",2013,2012,1.5,"ey","Captured",1,1,27.05,-1.95083333333333,-3.10666666666667,-2.17666666666667,-1.04333333333333,-2.49333333333333
"90-2012-0-326",2014,2012,2.5,"ey","Captured",1,1,38.18,-1.2175,-0.98,-2.16333333333333,-1.51333333333333,0.00666666666666666
"90-2012-0-326",2015,2012,3.5,"ey","Captured",1,1,45.45,1.83166666666667,2.94333333333333,3.56666666666667,0.42,0.223333333333333
"90-2012-0-326",2016,2012,4.5,"ey","Captured",1,1,22.27,-0.574166666666667,-0.553333333333333,-0.816666666666667,-0.986666666666667,-0.183333333333333
"90-2012-0-326",2017,2012,5.5,"ey","Alive-Cuddy",1,0,15.68,-0.921666666666667,-0.983333333333333,-1.73,-0.536666666666667,-0.11
"90-2012-0-326",2018,2012,6.5,"ey","Captured",1,1,15.91,-0.465,-1.89,-2.77666666666667,2.41333333333333,-0.356666666666667
"90-2012-0-326",2019,2012,7.5,"ey","Alive-Cuddy",1,0,19.32,-1.40833333333333,-0.516666666666667,-1.77,-2.95333333333333,1.45
"90-2012-0-326",2020,2012,8.5,"ey","Captured",1,1,19.09,-3.4025,-3.32,-3.52,-3.33,-3.37666666666667
"90-2012-0-326",2021,2012,9.5,"ey","not_detected",0,0,21.14,-1.8125,-3.27666666666667,-0.343333333333333,-0.893333333333333,-3.17
"90-2012-0-326",2022,2012,10.5,"ey","not_detected",0,0,16.36,-1.96083333333333,-3.23,-2.95666666666667,0.08,-2.33
"90-2012-0-327",2012,2012,0.5,"ey","Captured",1,1,31.36,-0.763333333333333,1.29,-0.876666666666667,-1.53333333333333,-1.67333333333333
"90-2012-0-327",2013,2012,1.5,"ey","Alive-Cuddy",1,0,27.05,-1.95083333333333,-3.10666666666667,-2.17666666666667,-1.04333333333333,-2.49333333333333
"90-2012-0-327",2014,2012,2.5,"ey","not_detected",0,0,38.18,-1.2175,-0.98,-2.16333333333333,-1.51333333333333,0.00666666666666666
"90-2012-0-327",2015,2012,3.5,"ey","Captured",1,1,45.45,1.83166666666667,2.94333333333333,3.56666666666667,0.42,0.223333333333333
"90-2012-0-327",2016,2012,4.5,"ey","Captured",1,1,22.27,-0.574166666666667,-0.553333333333333,-0.816666666666667,-0.986666666666667,-0.183333333333333
"90-2012-0-327",2017,2012,5.5,"ey","Alive-Cuddy",1,0,15.68,-0.921666666666667,-0.983333333333333,-1.73,-0.536666666666667,-0.11
"90-2012-0-327",2018,2012,6.5,"ey","Captured",1,1,15.91,-0.465,-1.89,-2.77666666666667,2.41333333333333,-0.356666666666667
"90-2012-0-327",2019,2012,7.5,"ey","Alive-Cuddy",1,0,19.32,-1.40833333333333,-0.516666666666667,-1.77,-2.95333333333333,1.45
"90-2012-0-327",2020,2012,8.5,"ey","Alive-Cuddy",1,0,19.09,-3.4025,-3.32,-3.52,-3.33,-3.37666666666667
"90-2012-0-327",2021,2012,9.5,"ey","Alive-Cuddy",1,0,21.14,-1.8125,-3.27666666666667,-0.343333333333333,-0.893333333333333,-3.17
"90-2012-0-327",2022,2012,10.5,"ey","not_detected",0,0,16.36,-1.96083333333333,-3.23,-2.95666666666667,0.08,-2.33
"90-2012-0-328",2012,2012,0.5,"ey","Captured",1,1,31.36,-0.763333333333333,1.29,-0.876666666666667,-1.53333333333333,-1.67333333333333
"90-2012-0-328",2013,2012,1.5,"ey","Captured",1,1,27.05,-1.95083333333333,-3.10666666666667,-2.17666666666667,-1.04333333333333,-2.49333333333333
"90-2012-0-328",2014,2012,2.5,"ey","not_detected",0,0,38.18,-1.2175,-0.98,-2.16333333333333,-1.51333333333333,0.00666666666666666
"90-2012-0-328",2015,2012,3.5,"ey","Alive-Cuddy",1,0,45.45,1.83166666666667,2.94333333333333,3.56666666666667,0.42,0.223333333333333
"90-2012-0-328",2016,2012,4.5,"ey","not_detected",0,0,22.27,-0.574166666666667,-0.553333333333333,-0.816666666666667,-0.986666666666667,-0.183333333333333
"90-2012-0-328",2017,2012,5.5,"ey","Alive-Cuddy",1,0,15.68,-0.921666666666667,-0.983333333333333,-1.73,-0.536666666666667,-0.11
"90-2012-0-328",2018,2012,6.5,"ey","not_detected",0,0,15.91,-0.465,-1.89,-2.77666666666667,2.41333333333333,-0.356666666666667
"90-2012-0-328",2019,2012,7.5,"ey","Captured",1,1,19.32,-1.40833333333333,-0.516666666666667,-1.77,-2.95333333333333,1.45
"90-2012-0-328",2020,2012,8.5,"ey","Captured",1,1,19.09,-3.4025,-3.32,-3.52,-3.33,-3.37666666666667
"90-2012-0-328",2021,2012,9.5,"ey","Captured",1,1,21.14,-1.8125,-3.27666666666667,-0.343333333333333,-0.893333333333333,-3.17
"90-2012-0-328",2022,2012,10.5,"ey","Captured",1,1,16.36,-1.96083333333333,-3.23,-2.95666666666667,0.08,-2.33
"90-2012-0-329",2012,2012,0.5,"ey","Captured",1,1,31.36,-0.763333333333333,1.29,-0.876666666666667,-1.53333333333333,-1.67333333333333
"90-2012-0-329",2013,2012,1.5,"ey","Captured",1,1,27.05,-1.95083333333333,-3.10666666666667,-2.17666666666667,-1.04333333333333,-2.49333333333333
"90-2012-0-329",2014,2012,2.5,"ey","Captured",1,1,38.18,-1.2175,-0.98,-2.16333333333333,-1.51333333333333,0.00666666666666666
"90-2012-0-329",2015,2012,3.5,"ey","Captured",1,1,45.45,1.83166666666667,2.94333333333333,3.56666666666667,0.42,0.223333333333333
"90-2012-0-329",2016,2012,4.5,"ey","Captured",1,1,22.27,-0.574166666666667,-0.553333333333333,-0.816666666666667,-0.986666666666667,-0.183333333333333
"90-2012-0-329",2017,2012,5.5,"ey","Captured",1,1,15.68,-0.921666666666667,-0.983333333333333,-1.73,-0.536666666666667,-0.11
"90-2012-0-329",2018,2012,6.5,"ey","Captured",1,1,15.91,-0.465,-1.89,-2.77666666666667,2.41333333333333,-0.356666666666667
"90-2012-0-329",2019,2012,7.5,"ey","Captured",1,1,19.32,-1.40833333333333,-0.516666666666667,-1.77,-2.95333333333333,1.45
"90-2012-0-329",2020,2012,8.5,"ey","not_detected",0,0,19.09,-3.4025,-3.32,-3.52,-3.33,-3.37666666666667
"90-2012-0-329",2021,2012,9.5,"ey","not_detected",0,0,21.14,-1.8125,-3.27666666666667,-0.343333333333333,-0.893333333333333,-3.17
"90-2012-0-329",2022,2012,10.5,"ey","not_detected",0,0,16.36,-1.96083333333333,-3.23,-2.95666666666667,0.08,-2.33
"90-2012-0-346",2012,2012,0.5,"ey","Captured",1,1,31.36,-0.763333333333333,1.29,-0.876666666666667,-1.53333333333333,-1.67333333333333
"90-2012-0-346",2013,2012,1.5,"ey","Captured",1,1,27.05,-1.95083333333333,-3.10666666666667,-2.17666666666667,-1.04333333333333,-2.49333333333333
"90-2012-0-346",2014,2012,2.5,"ey","Alive-Cuddy",1,0,38.18,-1.2175,-0.98,-2.16333333333333,-1.51333333333333,0.00666666666666666
"90-2012-0-346",2015,2012,3.5,"ey","Captured",1,1,45.45,1.83166666666667,2.94333333333333,3.56666666666667,0.42,0.223333333333333
"90-2012-0-346",2016,2012,4.5,"ey","Alive-Cuddy",1,0,22.27,-0.574166666666667,-0.553333333333333,-0.816666666666667,-0.986666666666667,-0.183333333333333
"90-2012-0-346",2017,2012,5.5,"ey","Captured",1,1,15.68,-0.921666666666667,-0.983333333333333,-1.73,-0.536666666666667,-0.11
"90-2012-0-346",2018,2012,6.5,"ey","Alive-Cuddy",1,0,15.91,-0.465,-1.89,-2.77666666666667,2.41333333333333,-0.356666666666667
"90-2012-0-346",2019,2012,7.5,"ey","Captured",1,1,19.32,-1.40833333333333,-0.516666666666667,-1.77,-2.95333333333333,1.45
"90-2012-0-346",2020,2012,8.5,"ey","Alive-Cuddy",1,0,19.09,-3.4025,-3.32,-3.52,-3.33,-3.37666666666667
"90-2012-0-346",2021,2012,9.5,"ey","Captured",1,1,21.14,-1.8125,-3.27666666666667,-0.343333333333333,-0.893333333333333,-3.17
"90-2012-0-346",2022,2012,10.5,"ey","Captured",1,1,16.36,-1.96083333333333,-3.23,-2.95666666666667,0.08,-2.33
"90-2012-0-347",2012,2012,0.5,"ey","Captured",1,1,31.36,-0.763333333333333,1.29,-0.876666666666667,-1.53333333333333,-1.67333333333333
"90-2012-0-347",2013,2012,1.5,"ey","Captured",1,1,27.05,-1.95083333333333,-3.10666666666667,-2.17666666666667,-1.04333333333333,-2.49333333333333
"90-2012-0-347",2014,2012,2.5,"ey","Captured",1,1,38.18,-1.2175,-0.98,-2.16333333333333,-1.51333333333333,0.00666666666666666
"90-2012-0-347",2015,2012,3.5,"ey","Captured",1,1,45.45,1.83166666666667,2.94333333333333,3.56666666666667,0.42,0.223333333333333
"90-2012-0-347",2016,2012,4.5,"ey","Captured",1,1,22.27,-0.574166666666667,-0.553333333333333,-0.816666666666667,-0.986666666666667,-0.183333333333333
"90-2012-0-347",2017,2012,5.5,"ey","Captured",1,1,15.68,-0.921666666666667,-0.983333333333333,-1.73,-0.536666666666667,-0.11
"90-2012-0-347",2018,2012,6.5,"ey","Captured",1,1,15.91,-0.465,-1.89,-2.77666666666667,2.41333333333333,-0.356666666666667
"90-2012-0-347",2019,2012,7.5,"ey","Captured",1,1,19.32,-1.40833333333333,-0.516666666666667,-1.77,-2.95333333333333,1.45
"90-2012-0-347",2020,2012,8.5,"ey","not_detected",0,0,19.09,-3.4025,-3.32,-3.52,-3.33,-3.37666666666667
"90-2012-0-347",2021,2012,9.5,"ey","not_detected",0,0,21.14,-1.8125,-3.27666666666667,-0.343333333333333,-0.893333333333333,-3.17
"90-2012-0-347",2022,2012,10.5,"ey","not_detected",0,0,16.36,-1.96083333333333,-3.23,-2.95666666666667,0.08,-2.33
"90-2012-0-348",2012,2012,0.5,"ey","Captured",1,1,31.36,-0.763333333333333,1.29,-0.876666666666667,-1.53333333333333,-1.67333333333333
"90-2012-0-348",2013,2012,1.5,"ey","Captured",1,1,27.05,-1.95083333333333,-3.10666666666667,-2.17666666666667,-1.04333333333333,-2.49333333333333
"90-2012-0-348",2014,2012,2.5,"ey","Captured",1,1,38.18,-1.2175,-0.98,-2.16333333333333,-1.51333333333333,0.00666666666666666
"90-2012-0-348",2015,2012,3.5,"ey","Captured",1,1,45.45,1.83166666666667,2.94333333333333,3.56666666666667,0.42,0.223333333333333
"90-2012-0-348",2016,2012,4.5,"ey","Captured",1,1,22.27,-0.574166666666667,-0.553333333333333,-0.816666666666667,-0.986666666666667,-0.183333333333333
"90-2012-0-348",2017,2012,5.5,"ey","not_detected",0,0,15.68,-0.921666666666667,-0.983333333333333,-1.73,-0.536666666666667,-0.11
"90-2012-0-348",2018,2012,6.5,"ey","not_detected",0,0,15.91,-0.465,-1.89,-2.77666666666667,2.41333333333333,-0.356666666666667
"90-2012-0-348",2019,2012,7.5,"ey","not_detected",0,0,19.32,-1.40833333333333,-0.516666666666667,-1.77,-2.95333333333333,1.45
"90-2012-0-348",2020,2012,8.5,"ey","not_detected",0,0,19.09,-3.4025,-3.32,-3.52,-3.33,-3.37666666666667
"90-2012-0-348",2021,2012,9.5,"ey","not_detected",0,0,21.14,-1.8125,-3.27666666666667,-0.343333333333333,-0.893333333333333,-3.17
"90-2012-0-348",2022,2012,10.5,"ey","not_detected",0,0,16.36,-1.96083333333333,-3.23,-2.95666666666667,0.08,-2.33
"90-2012-0-349",2012,2012,0.5,"ey","Captured",1,1,31.36,-0.763333333333333,1.29,-0.876666666666667,-1.53333333333333,-1.67333333333333
"90-2012-0-349",2013,2012,1.5,"ey","Captured",1,1,27.05,-1.95083333333333,-3.10666666666667,-2.17666666666667,-1.04333333333333,-2.49333333333333
"90-2012-0-349",2014,2012,2.5,"ey","Captured",1,1,38.18,-1.2175,-0.98,-2.16333333333333,-1.51333333333333,0.00666666666666666
"90-2012-0-349",2015,2012,3.5,"ey","Captured",1,1,45.45,1.83166666666667,2.94333333333333,3.56666666666667,0.42,0.223333333333333
"90-2012-0-349",2016,2012,4.5,"ey","Captured",1,1,22.27,-0.574166666666667,-0.553333333333333,-0.816666666666667,-0.986666666666667,-0.183333333333333
"90-2012-0-349",2017,2012,5.5,"ey","Captured",1,1,15.68,-0.921666666666667,-0.983333333333333,-1.73,-0.536666666666667,-0.11
"90-2012-0-349",2018,2012,6.5,"ey","Captured",1,1,15.91,-0.465,-1.89,-2.77666666666667,2.41333333333333,-0.356666666666667
"90-2012-0-349",2019,2012,7.5,"ey","Captured",1,1,19.32,-1.40833333333333,-0.516666666666667,-1.77,-2.95333333333333,1.45
"90-2012-0-349",2020,2012,8.5,"ey","not_detected",0,0,19.09,-3.4025,-3.32,-3.52,-3.33,-3.37666666666667
"90-2012-0-349",2021,2012,9.5,"ey","Alive-Cuddy",1,0,21.14,-1.8125,-3.27666666666667,-0.343333333333333,-0.893333333333333,-3.17
"90-2012-0-349",2022,2012,10.5,"ey","Alive-Cuddy",1,0,16.36,-1.96083333333333,-3.23,-2.95666666666667,0.08,-2.33
"90-2012-0-350",2012,2012,0.5,"ey","Captured",1,1,31.36,-0.763333333333333,1.29,-0.876666666666667,-1.53333333333333,-1.67333333333333
"90-2012-0-350",2013,2012,1.5,"ey","Captured",1,1,27.05,-1.95083333333333,-3.10666666666667,-2.17666666666667,-1.04333333333333,-2.49333333333333
"90-2012-0-350",2014,2012,2.5,"ey","Captured",1,1,38.18,-1.2175,-0.98,-2.16333333333333,-1.51333333333333,0.00666666666666666
"90-2012-0-350",2015,2012,3.5,"ey","Captured",1,1,45.45,1.83166666666667,2.94333333333333,3.56666666666667,0.42,0.223333333333333
"90-2012-0-350",2016,2012,4.5,"ey","Captured",1,1,22.27,-0.574166666666667,-0.553333333333333,-0.816666666666667,-0.986666666666667,-0.183333333333333
"90-2012-0-350",2017,2012,5.5,"ey","Captured",1,1,15.68,-0.921666666666667,-0.983333333333333,-1.73,-0.536666666666667,-0.11
"90-2012-0-350",2018,2012,6.5,"ey","not_detected",0,0,15.91,-0.465,-1.89,-2.77666666666667,2.41333333333333,-0.356666666666667
"90-2012-0-350",2019,2012,7.5,"ey","not_detected",0,0,19.32,-1.40833333333333,-0.516666666666667,-1.77,-2.95333333333333,1.45
"90-2012-0-350",2020,2012,8.5,"ey","not_detected",0,0,19.09,-3.4025,-3.32,-3.52,-3.33,-3.37666666666667
"90-2012-0-350",2021,2012,9.5,"ey","not_detected",0,0,21.14,-1.8125,-3.27666666666667,-0.343333333333333,-0.893333333333333,-3.17
"90-2012-0-350",2022,2012,10.5,"ey","not_detected",0,0,16.36,-1.96083333333333,-3.23,-2.95666666666667,0.08,-2.33
"90-2013-0-273",2013,2013,0.5,"ey","Captured",1,1,27.05,-1.95083333333333,-3.10666666666667,-2.17666666666667,-1.04333333333333,-2.49333333333333
"90-2013-0-273",2014,2013,1.5,"ey","Alive-Cuddy",1,0,38.18,-1.2175,-0.98,-2.16333333333333,-1.51333333333333,0.00666666666666666
"90-2013-0-273",2015,2013,2.5,"ey","Captured",1,1,45.45,1.83166666666667,2.94333333333333,3.56666666666667,0.42,0.223333333333333
"90-2013-0-273",2016,2013,3.5,"ey","Captured",1,1,22.27,-0.574166666666667,-0.553333333333333,-0.816666666666667,-0.986666666666667,-0.183333333333333
"90-2013-0-273",2017,2013,4.5,"ey","Captured",1,1,15.68,-0.921666666666667,-0.983333333333333,-1.73,-0.536666666666667,-0.11
"90-2013-0-273",2018,2013,5.5,"ey","Captured",1,1,15.91,-0.465,-1.89,-2.77666666666667,2.41333333333333,-0.356666666666667
"90-2013-0-273",2019,2013,6.5,"ey","Alive-Cuddy",1,0,19.32,-1.40833333333333,-0.516666666666667,-1.77,-2.95333333333333,1.45
"90-2013-0-273",2020,2013,7.5,"ey","Captured",1,1,19.09,-3.4025,-3.32,-3.52,-3.33,-3.37666666666667
"90-2013-0-273",2021,2013,8.5,"ey","Captured",1,1,21.14,-1.8125,-3.27666666666667,-0.343333333333333,-0.893333333333333,-3.17
"90-2013-0-273",2022,2013,9.5,"ey","not_detected",0,0,16.36,-1.96083333333333,-3.23,-2.95666666666667,0.08,-2.33
"90-2013-0-274",2013,2013,0.5,"ey","Captured",1,1,27.05,-1.95083333333333,-3.10666666666667,-2.17666666666667,-1.04333333333333,-2.49333333333333
"90-2013-0-274",2014,2013,1.5,"ey","Captured",1,1,38.18,-1.2175,-0.98,-2.16333333333333,-1.51333333333333,0.00666666666666666
"90-2013-0-274",2015,2013,2.5,"ey","Captured",1,1,45.45,1.83166666666667,2.94333333333333,3.56666666666667,0.42,0.223333333333333
"90-2013-0-274",2016,2013,3.5,"ey","Captured",1,1,22.27,-0.574166666666667,-0.553333333333333,-0.816666666666667,-0.986666666666667,-0.183333333333333
"90-2013-0-274",2017,2013,4.5,"ey","Captured",1,1,15.68,-0.921666666666667,-0.983333333333333,-1.73,-0.536666666666667,-0.11
"90-2013-0-274",2018,2013,5.5,"ey","Captured",1,1,15.91,-0.465,-1.89,-2.77666666666667,2.41333333333333,-0.356666666666667
"90-2013-0-274",2019,2013,6.5,"ey","Captured",1,1,19.32,-1.40833333333333,-0.516666666666667,-1.77,-2.95333333333333,1.45
"90-2013-0-274",2020,2013,7.5,"ey","Captured",1,1,19.09,-3.4025,-3.32,-3.52,-3.33,-3.37666666666667
"90-2013-0-274",2021,2013,8.5,"ey","Captured",1,1,21.14,-1.8125,-3.27666666666667,-0.343333333333333,-0.893333333333333,-3.17
"90-2013-0-274",2022,2013,9.5,"ey","Alive-Cuddy",1,0,16.36,-1.96083333333333,-3.23,-2.95666666666667,0.08,-2.33
"90-2013-0-275",2013,2013,0.5,"ey","Captured",1,1,27.05,-1.95083333333333,-3.10666666666667,-2.17666666666667,-1.04333333333333,-2.49333333333333
"90-2013-0-275",2014,2013,1.5,"ey","Captured",1,1,38.18,-1.2175,-0.98,-2.16333333333333,-1.51333333333333,0.00666666666666666
"90-2013-0-275",2015,2013,2.5,"ey","Captured",1,1,45.45,1.83166666666667,2.94333333333333,3.56666666666667,0.42,0.223333333333333
"90-2013-0-275",2016,2013,3.5,"ey","Captured",1,1,22.27,-0.574166666666667,-0.553333333333333,-0.816666666666667,-0.986666666666667,-0.183333333333333
"90-2013-0-275",2017,2013,4.5,"ey","Captured",1,1,15.68,-0.921666666666667,-0.983333333333333,-1.73,-0.536666666666667,-0.11
"90-2013-0-275",2018,2013,5.5,"ey","Captured",1,1,15.91,-0.465,-1.89,-2.77666666666667,2.41333333333333,-0.356666666666667
"90-2013-0-275",2019,2013,6.5,"ey","Captured",1,1,19.32,-1.40833333333333,-0.516666666666667,-1.77,-2.95333333333333,1.45
"90-2013-0-275",2020,2013,7.5,"ey","Captured",1,1,19.09,-3.4025,-3.32,-3.52,-3.33,-3.37666666666667
"90-2013-0-275",2021,2013,8.5,"ey","not_detected",0,0,21.14,-1.8125,-3.27666666666667,-0.343333333333333,-0.893333333333333,-3.17
"90-2013-0-275",2022,2013,9.5,"ey","not_detected",0,0,16.36,-1.96083333333333,-3.23,-2.95666666666667,0.08,-2.33
"90-2013-0-276",2013,2013,0.5,"ey","Captured",1,1,27.05,-1.95083333333333,-3.10666666666667,-2.17666666666667,-1.04333333333333,-2.49333333333333
"90-2013-0-276",2014,2013,1.5,"ey","Captured",1,1,38.18,-1.2175,-0.98,-2.16333333333333,-1.51333333333333,0.00666666666666666
"90-2013-0-276",2015,2013,2.5,"ey","Captured",1,1,45.45,1.83166666666667,2.94333333333333,3.56666666666667,0.42,0.223333333333333
"90-2013-0-276",2016,2013,3.5,"ey","Captured",1,1,22.27,-0.574166666666667,-0.553333333333333,-0.816666666666667,-0.986666666666667,-0.183333333333333
"90-2013-0-276",2017,2013,4.5,"ey","Captured",1,1,15.68,-0.921666666666667,-0.983333333333333,-1.73,-0.536666666666667,-0.11
"90-2013-0-276",2018,2013,5.5,"ey","Dead-Capture",2,2,15.91,-0.465,-1.89,-2.77666666666667,2.41333333333333,-0.356666666666667
"90-2013-0-276",2019,2013,6.5,"ey","not_detected",0,0,19.32,-1.40833333333333,-0.516666666666667,-1.77,-2.95333333333333,1.45
"90-2013-0-276",2020,2013,7.5,"ey","not_detected",0,0,19.09,-3.4025,-3.32,-3.52,-3.33,-3.37666666666667
"90-2013-0-276",2021,2013,8.5,"ey","not_detected",0,0,21.14,-1.8125,-3.27666666666667,-0.343333333333333,-0.893333333333333,-3.17
"90-2013-0-276",2022,2013,9.5,"ey","not_detected",0,0,16.36,-1.96083333333333,-3.23,-2.95666666666667,0.08,-2.33
"90-2013-0-277",2013,2013,0.5,"ey","Captured",1,1,27.05,-1.95083333333333,-3.10666666666667,-2.17666666666667,-1.04333333333333,-2.49333333333333
"90-2013-0-277",2014,2013,1.5,"ey","Alive-Cuddy",1,0,38.18,-1.2175,-0.98,-2.16333333333333,-1.51333333333333,0.00666666666666666
"90-2013-0-277",2015,2013,2.5,"ey","Captured",1,1,45.45,1.83166666666667,2.94333333333333,3.56666666666667,0.42,0.223333333333333
"90-2013-0-277",2016,2013,3.5,"ey","Captured",1,1,22.27,-0.574166666666667,-0.553333333333333,-0.816666666666667,-0.986666666666667,-0.183333333333333
"90-2013-0-277",2017,2013,4.5,"ey","Captured",1,1,15.68,-0.921666666666667,-0.983333333333333,-1.73,-0.536666666666667,-0.11
"90-2013-0-277",2018,2013,5.5,"ey","not_detected",0,0,15.91,-0.465,-1.89,-2.77666666666667,2.41333333333333,-0.356666666666667
"90-2013-0-277",2019,2013,6.5,"ey","not_detected",0,0,19.32,-1.40833333333333,-0.516666666666667,-1.77,-2.95333333333333,1.45
"90-2013-0-277",2020,2013,7.5,"ey","not_detected",0,0,19.09,-3.4025,-3.32,-3.52,-3.33,-3.37666666666667
"90-2013-0-277",2021,2013,8.5,"ey","not_detected",0,0,21.14,-1.8125,-3.27666666666667,-0.343333333333333,-0.893333333333333,-3.17
"90-2013-0-277",2022,2013,9.5,"ey","not_detected",0,0,16.36,-1.96083333333333,-3.23,-2.95666666666667,0.08,-2.33
"90-2013-0-278",2013,2013,0.5,"ey","Captured",1,1,27.05,-1.95083333333333,-3.10666666666667,-2.17666666666667,-1.04333333333333,-2.49333333333333
"90-2013-0-278",2014,2013,1.5,"ey","Captured",1,1,38.18,-1.2175,-0.98,-2.16333333333333,-1.51333333333333,0.00666666666666666
"90-2013-0-278",2015,2013,2.5,"ey","Captured",1,1,45.45,1.83166666666667,2.94333333333333,3.56666666666667,0.42,0.223333333333333
"90-2013-0-278",2016,2013,3.5,"ey","Captured",1,1,22.27,-0.574166666666667,-0.553333333333333,-0.816666666666667,-0.986666666666667,-0.183333333333333
"90-2013-0-278",2017,2013,4.5,"ey","Captured",1,1,15.68,-0.921666666666667,-0.983333333333333,-1.73,-0.536666666666667,-0.11
"90-2013-0-278",2018,2013,5.5,"ey","Captured",1,1,15.91,-0.465,-1.89,-2.77666666666667,2.41333333333333,-0.356666666666667
"90-2013-0-278",2019,2013,6.5,"ey","not_detected",0,0,19.32,-1.40833333333333,-0.516666666666667,-1.77,-2.95333333333333,1.45
"90-2013-0-278",2020,2013,7.5,"ey","Captured",1,1,19.09,-3.4025,-3.32,-3.52,-3.33,-3.37666666666667
"90-2013-0-278",2021,2013,8.5,"ey","Captured",1,1,21.14,-1.8125,-3.27666666666667,-0.343333333333333,-0.893333333333333,-3.17
"90-2013-0-278",2022,2013,9.5,"ey","Captured",1,1,16.36,-1.96083333333333,-3.23,-2.95666666666667,0.08,-2.33
"90-2013-0-279",2013,2013,0.5,"ey","Captured",1,1,27.05,-1.95083333333333,-3.10666666666667,-2.17666666666667,-1.04333333333333,-2.49333333333333
"90-2013-0-279",2014,2013,1.5,"ey","Captured",1,1,38.18,-1.2175,-0.98,-2.16333333333333,-1.51333333333333,0.00666666666666666
"90-2013-0-279",2015,2013,2.5,"ey","Captured",1,1,45.45,1.83166666666667,2.94333333333333,3.56666666666667,0.42,0.223333333333333
"90-2013-0-279",2016,2013,3.5,"ey","Captured",1,1,22.27,-0.574166666666667,-0.553333333333333,-0.816666666666667,-0.986666666666667,-0.183333333333333
"90-2013-0-279",2017,2013,4.5,"ey","Harvested",2,2,15.68,-0.921666666666667,-0.983333333333333,-1.73,-0.536666666666667,-0.11
"90-2013-0-279",2018,2013,5.5,"ey","not_detected",0,0,15.91,-0.465,-1.89,-2.77666666666667,2.41333333333333,-0.356666666666667
"90-2013-0-279",2019,2013,6.5,"ey","not_detected",0,0,19.32,-1.40833333333333,-0.516666666666667,-1.77,-2.95333333333333,1.45
"90-2013-0-279",2020,2013,7.5,"ey","not_detected",0,0,19.09,-3.4025,-3.32,-3.52,-3.33,-3.37666666666667
"90-2013-0-279",2021,2013,8.5,"ey","not_detected",0,0,21.14,-1.8125,-3.27666666666667,-0.343333333333333,-0.893333333333333,-3.17
"90-2013-0-279",2022,2013,9.5,"ey","not_detected",0,0,16.36,-1.96083333333333,-3.23,-2.95666666666667,0.08,-2.33
"90-2013-0-280",2013,2013,0.5,"ey","Captured",1,1,27.05,-1.95083333333333,-3.10666666666667,-2.17666666666667,-1.04333333333333,-2.49333333333333
"90-2013-0-280",2014,2013,1.5,"ey","Captured",1,1,38.18,-1.2175,-0.98,-2.16333333333333,-1.51333333333333,0.00666666666666666
"90-2013-0-280",2015,2013,2.5,"ey","Captured",1,1,45.45,1.83166666666667,2.94333333333333,3.56666666666667,0.42,0.223333333333333
"90-2013-0-280",2016,2013,3.5,"ey","Captured",1,1,22.27,-0.574166666666667,-0.553333333333333,-0.816666666666667,-0.986666666666667,-0.183333333333333
"90-2013-0-280",2017,2013,4.5,"ey","Captured",1,1,15.68,-0.921666666666667,-0.983333333333333,-1.73,-0.536666666666667,-0.11
"90-2013-0-280",2018,2013,5.5,"ey","Captured",1,1,15.91,-0.465,-1.89,-2.77666666666667,2.41333333333333,-0.356666666666667
"90-2013-0-280",2019,2013,6.5,"ey","Captured",1,1,19.32,-1.40833333333333,-0.516666666666667,-1.77,-2.95333333333333,1.45
"90-2013-0-280",2020,2013,7.5,"ey","Captured",1,1,19.09,-3.4025,-3.32,-3.52,-3.33,-3.37666666666667
"90-2013-0-280",2021,2013,8.5,"ey","Captured",1,1,21.14,-1.8125,-3.27666666666667,-0.343333333333333,-0.893333333333333,-3.17
"90-2013-0-280",2022,2013,9.5,"ey","Captured",1,1,16.36,-1.96083333333333,-3.23,-2.95666666666667,0.08,-2.33
"90-2013-0-281",2013,2013,0.5,"ey","Captured",1,1,27.05,-1.95083333333333,-3.10666666666667,-2.17666666666667,-1.04333333333333,-2.49333333333333
"90-2013-0-281",2014,2013,1.5,"ey","Captured",1,1,38.18,-1.2175,-0.98,-2.16333333333333,-1.51333333333333,0.00666666666666666
"90-2013-0-281",2015,2013,2.5,"ey","not_detected",0,0,45.45,1.83166666666667,2.94333333333333,3.56666666666667,0.42,0.223333333333333
"90-2013-0-281",2016,2013,3.5,"ey","not_detected",0,0,22.27,-0.574166666666667,-0.553333333333333,-0.816666666666667,-0.986666666666667,-0.183333333333333
"90-2013-0-281",2017,2013,4.5,"ey","not_detected",0,0,15.68,-0.921666666666667,-0.983333333333333,-1.73,-0.536666666666667,-0.11
"90-2013-0-281",2018,2013,5.5,"ey","not_detected",0,0,15.91,-0.465,-1.89,-2.77666666666667,2.41333333333333,-0.356666666666667
"90-2013-0-281",2019,2013,6.5,"ey","not_detected",0,0,19.32,-1.40833333333333,-0.516666666666667,-1.77,-2.95333333333333,1.45
"90-2013-0-281",2020,2013,7.5,"ey","not_detected",0,0,19.09,-3.4025,-3.32,-3.52,-3.33,-3.37666666666667
"90-2013-0-281",2021,2013,8.5,"ey","not_detected",0,0,21.14,-1.8125,-3.27666666666667,-0.343333333333333,-0.893333333333333,-3.17
"90-2013-0-281",2022,2013,9.5,"ey","not_detected",0,0,16.36,-1.96083333333333,-3.23,-2.95666666666667,0.08,-2.33
"90-2013-0-282",2013,2013,0.5,"ey","Captured",1,1,27.05,-1.95083333333333,-3.10666666666667,-2.17666666666667,-1.04333333333333,-2.49333333333333
"90-2013-0-282",2014,2013,1.5,"ey","Captured",1,1,38.18,-1.2175,-0.98,-2.16333333333333,-1.51333333333333,0.00666666666666666
"90-2013-0-282",2015,2013,2.5,"ey","Captured",1,1,45.45,1.83166666666667,2.94333333333333,3.56666666666667,0.42,0.223333333333333
"90-2013-0-282",2016,2013,3.5,"ey","not_detected",0,0,22.27,-0.574166666666667,-0.553333333333333,-0.816666666666667,-0.986666666666667,-0.183333333333333
"90-2013-0-282",2017,2013,4.5,"ey","not_detected",0,0,15.68,-0.921666666666667,-0.983333333333333,-1.73,-0.536666666666667,-0.11
"90-2013-0-282",2018,2013,5.5,"ey","not_detected",0,0,15.91,-0.465,-1.89,-2.77666666666667,2.41333333333333,-0.356666666666667
"90-2013-0-282",2019,2013,6.5,"ey","not_detected",0,0,19.32,-1.40833333333333,-0.516666666666667,-1.77,-2.95333333333333,1.45
"90-2013-0-282",2020,2013,7.5,"ey","not_detected",0,0,19.09,-3.4025,-3.32,-3.52,-3.33,-3.37666666666667
"90-2013-0-282",2021,2013,8.5,"ey","not_detected",0,0,21.14,-1.8125,-3.27666666666667,-0.343333333333333,-0.893333333333333,-3.17
"90-2013-0-282",2022,2013,9.5,"ey","not_detected",0,0,16.36,-1.96083333333333,-3.23,-2.95666666666667,0.08,-2.33
"90-2013-0-283",2013,2013,0.5,"ey","Captured",1,1,27.05,-1.95083333333333,-3.10666666666667,-2.17666666666667,-1.04333333333333,-2.49333333333333
"90-2013-0-283",2014,2013,1.5,"ey","Captured",1,1,38.18,-1.2175,-0.98,-2.16333333333333,-1.51333333333333,0.00666666666666666
"90-2013-0-283",2015,2013,2.5,"ey","Captured",1,1,45.45,1.83166666666667,2.94333333333333,3.56666666666667,0.42,0.223333333333333
"90-2013-0-283",2016,2013,3.5,"ey","Captured",1,1,22.27,-0.574166666666667,-0.553333333333333,-0.816666666666667,-0.986666666666667,-0.183333333333333
"90-2013-0-283",2017,2013,4.5,"ey","Captured",1,1,15.68,-0.921666666666667,-0.983333333333333,-1.73,-0.536666666666667,-0.11
"90-2013-0-283",2018,2013,5.5,"ey","Alive-Cuddy",1,0,15.91,-0.465,-1.89,-2.77666666666667,2.41333333333333,-0.356666666666667
"90-2013-0-283",2019,2013,6.5,"ey","Captured",1,1,19.32,-1.40833333333333,-0.516666666666667,-1.77,-2.95333333333333,1.45
"90-2013-0-283",2020,2013,7.5,"ey","not_detected",0,0,19.09,-3.4025,-3.32,-3.52,-3.33,-3.37666666666667
"90-2013-0-283",2021,2013,8.5,"ey","not_detected",0,0,21.14,-1.8125,-3.27666666666667,-0.343333333333333,-0.893333333333333,-3.17
"90-2013-0-283",2022,2013,9.5,"ey","not_detected",0,0,16.36,-1.96083333333333,-3.23,-2.95666666666667,0.08,-2.33
"90-2013-0-284",2013,2013,0.5,"ey","Captured",1,1,27.05,-1.95083333333333,-3.10666666666667,-2.17666666666667,-1.04333333333333,-2.49333333333333
"90-2013-0-284",2014,2013,1.5,"ey","Alive-Cuddy",1,0,38.18,-1.2175,-0.98,-2.16333333333333,-1.51333333333333,0.00666666666666666
"90-2013-0-284",2015,2013,2.5,"ey","Captured",1,1,45.45,1.83166666666667,2.94333333333333,3.56666666666667,0.42,0.223333333333333
"90-2013-0-284",2016,2013,3.5,"ey","Captured",1,1,22.27,-0.574166666666667,-0.553333333333333,-0.816666666666667,-0.986666666666667,-0.183333333333333
"90-2013-0-284",2017,2013,4.5,"ey","Captured",1,1,15.68,-0.921666666666667,-0.983333333333333,-1.73,-0.536666666666667,-0.11
"90-2013-0-284",2018,2013,5.5,"ey","Captured",1,1,15.91,-0.465,-1.89,-2.77666666666667,2.41333333333333,-0.356666666666667
"90-2013-0-284",2019,2013,6.5,"ey","Captured",1,1,19.32,-1.40833333333333,-0.516666666666667,-1.77,-2.95333333333333,1.45
"90-2013-0-284",2020,2013,7.5,"ey","Captured",1,1,19.09,-3.4025,-3.32,-3.52,-3.33,-3.37666666666667
"90-2013-0-284",2021,2013,8.5,"ey","Captured",1,1,21.14,-1.8125,-3.27666666666667,-0.343333333333333,-0.893333333333333,-3.17
"90-2013-0-284",2022,2013,9.5,"ey","Captured",1,1,16.36,-1.96083333333333,-3.23,-2.95666666666667,0.08,-2.33
"90-2013-0-285",2013,2013,0.5,"ey","Captured",1,1,27.05,-1.95083333333333,-3.10666666666667,-2.17666666666667,-1.04333333333333,-2.49333333333333
"90-2013-0-285",2014,2013,1.5,"ey","Alive-Cuddy",1,0,38.18,-1.2175,-0.98,-2.16333333333333,-1.51333333333333,0.00666666666666666
"90-2013-0-285",2015,2013,2.5,"ey","Captured",1,1,45.45,1.83166666666667,2.94333333333333,3.56666666666667,0.42,0.223333333333333
"90-2013-0-285",2016,2013,3.5,"ey","Captured",1,1,22.27,-0.574166666666667,-0.553333333333333,-0.816666666666667,-0.986666666666667,-0.183333333333333
"90-2013-0-285",2017,2013,4.5,"ey","Alive-Cuddy",1,0,15.68,-0.921666666666667,-0.983333333333333,-1.73,-0.536666666666667,-0.11
"90-2013-0-285",2018,2013,5.5,"ey","Captured",1,1,15.91,-0.465,-1.89,-2.77666666666667,2.41333333333333,-0.356666666666667
"90-2013-0-285",2019,2013,6.5,"ey","not_detected",0,0,19.32,-1.40833333333333,-0.516666666666667,-1.77,-2.95333333333333,1.45
"90-2013-0-285",2020,2013,7.5,"ey","not_detected",0,0,19.09,-3.4025,-3.32,-3.52,-3.33,-3.37666666666667
"90-2013-0-285",2021,2013,8.5,"ey","not_detected",0,0,21.14,-1.8125,-3.27666666666667,-0.343333333333333,-0.893333333333333,-3.17
"90-2013-0-285",2022,2013,9.5,"ey","not_detected",0,0,16.36,-1.96083333333333,-3.23,-2.95666666666667,0.08,-2.33
"90-2013-0-286",2013,2013,0.5,"ey","Captured",1,1,27.05,-1.95083333333333,-3.10666666666667,-2.17666666666667,-1.04333333333333,-2.49333333333333
"90-2013-0-286",2014,2013,1.5,"ey","Captured",1,1,38.18,-1.2175,-0.98,-2.16333333333333,-1.51333333333333,0.00666666666666666
"90-2013-0-286",2015,2013,2.5,"ey","Captured",1,1,45.45,1.83166666666667,2.94333333333333,3.56666666666667,0.42,0.223333333333333
"90-2013-0-286",2016,2013,3.5,"ey","Captured",1,1,22.27,-0.574166666666667,-0.553333333333333,-0.816666666666667,-0.986666666666667,-0.183333333333333
"90-2013-0-286",2017,2013,4.5,"ey","Captured",1,1,15.68,-0.921666666666667,-0.983333333333333,-1.73,-0.536666666666667,-0.11
"90-2013-0-286",2018,2013,5.5,"ey","Captured",1,1,15.91,-0.465,-1.89,-2.77666666666667,2.41333333333333,-0.356666666666667
"90-2013-0-286",2019,2013,6.5,"ey","not_detected",0,0,19.32,-1.40833333333333,-0.516666666666667,-1.77,-2.95333333333333,1.45
"90-2013-0-286",2020,2013,7.5,"ey","Captured",1,1,19.09,-3.4025,-3.32,-3.52,-3.33,-3.37666666666667
"90-2013-0-286",2021,2013,8.5,"ey","Captured",1,1,21.14,-1.8125,-3.27666666666667,-0.343333333333333,-0.893333333333333,-3.17
"90-2013-0-286",2022,2013,9.5,"ey","not_detected",0,0,16.36,-1.96083333333333,-3.23,-2.95666666666667,0.08,-2.33
"90-2013-0-287",2013,2013,0.5,"ey","Captured",1,1,27.05,-1.95083333333333,-3.10666666666667,-2.17666666666667,-1.04333333333333,-2.49333333333333
"90-2013-0-287",2014,2013,1.5,"ey","Captured",1,1,38.18,-1.2175,-0.98,-2.16333333333333,-1.51333333333333,0.00666666666666666
"90-2013-0-287",2015,2013,2.5,"ey","Captured",1,1,45.45,1.83166666666667,2.94333333333333,3.56666666666667,0.42,0.223333333333333
"90-2013-0-287",2016,2013,3.5,"ey","Alive-Cuddy",1,0,22.27,-0.574166666666667,-0.553333333333333,-0.816666666666667,-0.986666666666667,-0.183333333333333
"90-2013-0-287",2017,2013,4.5,"ey","not_detected",0,0,15.68,-0.921666666666667,-0.983333333333333,-1.73,-0.536666666666667,-0.11
"90-2013-0-287",2018,2013,5.5,"ey","not_detected",0,0,15.91,-0.465,-1.89,-2.77666666666667,2.41333333333333,-0.356666666666667
"90-2013-0-287",2019,2013,6.5,"ey","not_detected",0,0,19.32,-1.40833333333333,-0.516666666666667,-1.77,-2.95333333333333,1.45
"90-2013-0-287",2020,2013,7.5,"ey","not_detected",0,0,19.09,-3.4025,-3.32,-3.52,-3.33,-3.37666666666667
"90-2013-0-287",2021,2013,8.5,"ey","not_detected",0,0,21.14,-1.8125,-3.27666666666667,-0.343333333333333,-0.893333333333333,-3.17
"90-2013-0-287",2022,2013,9.5,"ey","not_detected",0,0,16.36,-1.96083333333333,-3.23,-2.95666666666667,0.08,-2.33
"90-2013-0-288",2013,2013,0.5,"ey","Captured",1,1,27.05,-1.95083333333333,-3.10666666666667,-2.17666666666667,-1.04333333333333,-2.49333333333333
"90-2013-0-288",2014,2013,1.5,"ey","Captured",1,1,38.18,-1.2175,-0.98,-2.16333333333333,-1.51333333333333,0.00666666666666666
"90-2013-0-288",2015,2013,2.5,"ey","Captured",1,1,45.45,1.83166666666667,2.94333333333333,3.56666666666667,0.42,0.223333333333333
"90-2013-0-288",2016,2013,3.5,"ey","not_detected",0,0,22.27,-0.574166666666667,-0.553333333333333,-0.816666666666667,-0.986666666666667,-0.183333333333333
"90-2013-0-288",2017,2013,4.5,"ey","Captured",1,1,15.68,-0.921666666666667,-0.983333333333333,-1.73,-0.536666666666667,-0.11
"90-2013-0-288",2018,2013,5.5,"ey","Captured",1,1,15.91,-0.465,-1.89,-2.77666666666667,2.41333333333333,-0.356666666666667
"90-2013-0-288",2019,2013,6.5,"ey","Captured",1,1,19.32,-1.40833333333333,-0.516666666666667,-1.77,-2.95333333333333,1.45
"90-2013-0-288",2020,2013,7.5,"ey","Captured",1,1,19.09,-3.4025,-3.32,-3.52,-3.33,-3.37666666666667
"90-2013-0-288",2021,2013,8.5,"ey","Captured",1,1,21.14,-1.8125,-3.27666666666667,-0.343333333333333,-0.893333333333333,-3.17
"90-2013-0-288",2022,2013,9.5,"ey","not_detected",0,0,16.36,-1.96083333333333,-3.23,-2.95666666666667,0.08,-2.33
"90-2013-0-289",2013,2013,0.5,"ey","Captured",1,1,27.05,-1.95083333333333,-3.10666666666667,-2.17666666666667,-1.04333333333333,-2.49333333333333
"90-2013-0-289",2014,2013,1.5,"ey","Captured",1,1,38.18,-1.2175,-0.98,-2.16333333333333,-1.51333333333333,0.00666666666666666
"90-2013-0-289",2015,2013,2.5,"ey","Captured",1,1,45.45,1.83166666666667,2.94333333333333,3.56666666666667,0.42,0.223333333333333
"90-2013-0-289",2016,2013,3.5,"ey","Captured",1,1,22.27,-0.574166666666667,-0.553333333333333,-0.816666666666667,-0.986666666666667,-0.183333333333333
"90-2013-0-289",2017,2013,4.5,"ey","Captured",1,1,15.68,-0.921666666666667,-0.983333333333333,-1.73,-0.536666666666667,-0.11
"90-2013-0-289",2018,2013,5.5,"ey","not_detected",0,0,15.91,-0.465,-1.89,-2.77666666666667,2.41333333333333,-0.356666666666667
"90-2013-0-289",2019,2013,6.5,"ey","not_detected",0,0,19.32,-1.40833333333333,-0.516666666666667,-1.77,-2.95333333333333,1.45
"90-2013-0-289",2020,2013,7.5,"ey","not_detected",0,0,19.09,-3.4025,-3.32,-3.52,-3.33,-3.37666666666667
"90-2013-0-289",2021,2013,8.5,"ey","not_detected",0,0,21.14,-1.8125,-3.27666666666667,-0.343333333333333,-0.893333333333333,-3.17
"90-2013-0-289",2022,2013,9.5,"ey","not_detected",0,0,16.36,-1.96083333333333,-3.23,-2.95666666666667,0.08,-2.33
"90-2013-0-290",2013,2013,0.5,"ey","Captured",1,1,27.05,-1.95083333333333,-3.10666666666667,-2.17666666666667,-1.04333333333333,-2.49333333333333
"90-2013-0-290",2014,2013,1.5,"ey","Alive-Cuddy",1,0,38.18,-1.2175,-0.98,-2.16333333333333,-1.51333333333333,0.00666666666666666
"90-2013-0-290",2015,2013,2.5,"ey","Captured",1,1,45.45,1.83166666666667,2.94333333333333,3.56666666666667,0.42,0.223333333333333
"90-2013-0-290",2016,2013,3.5,"ey","Captured",1,1,22.27,-0.574166666666667,-0.553333333333333,-0.816666666666667,-0.986666666666667,-0.183333333333333
"90-2013-0-290",2017,2013,4.5,"ey","Captured",1,1,15.68,-0.921666666666667,-0.983333333333333,-1.73,-0.536666666666667,-0.11
"90-2013-0-290",2018,2013,5.5,"ey","not_detected",0,0,15.91,-0.465,-1.89,-2.77666666666667,2.41333333333333,-0.356666666666667
"90-2013-0-290",2019,2013,6.5,"ey","not_detected",0,0,19.32,-1.40833333333333,-0.516666666666667,-1.77,-2.95333333333333,1.45
"90-2013-0-290",2020,2013,7.5,"ey","not_detected",0,0,19.09,-3.4025,-3.32,-3.52,-3.33,-3.37666666666667
"90-2013-0-290",2021,2013,8.5,"ey","not_detected",0,0,21.14,-1.8125,-3.27666666666667,-0.343333333333333,-0.893333333333333,-3.17
"90-2013-0-290",2022,2013,9.5,"ey","not_detected",0,0,16.36,-1.96083333333333,-3.23,-2.95666666666667,0.08,-2.33
"90-2013-0-291",2013,2013,0.5,"ey","Captured",1,1,27.05,-1.95083333333333,-3.10666666666667,-2.17666666666667,-1.04333333333333,-2.49333333333333
"90-2013-0-291",2014,2013,1.5,"ey","Captured",1,1,38.18,-1.2175,-0.98,-2.16333333333333,-1.51333333333333,0.00666666666666666
"90-2013-0-291",2015,2013,2.5,"ey","Captured",1,1,45.45,1.83166666666667,2.94333333333333,3.56666666666667,0.42,0.223333333333333
"90-2013-0-291",2016,2013,3.5,"ey","Captured",1,1,22.27,-0.574166666666667,-0.553333333333333,-0.816666666666667,-0.986666666666667,-0.183333333333333
"90-2013-0-291",2017,2013,4.5,"ey","Captured",1,1,15.68,-0.921666666666667,-0.983333333333333,-1.73,-0.536666666666667,-0.11
"90-2013-0-291",2018,2013,5.5,"ey","Captured",1,1,15.91,-0.465,-1.89,-2.77666666666667,2.41333333333333,-0.356666666666667
"90-2013-0-291",2019,2013,6.5,"ey","Captured",1,1,19.32,-1.40833333333333,-0.516666666666667,-1.77,-2.95333333333333,1.45
"90-2013-0-291",2020,2013,7.5,"ey","Captured",1,1,19.09,-3.4025,-3.32,-3.52,-3.33,-3.37666666666667
"90-2013-0-291",2021,2013,8.5,"ey","Captured",1,1,21.14,-1.8125,-3.27666666666667,-0.343333333333333,-0.893333333333333,-3.17
"90-2013-0-291",2022,2013,9.5,"ey","Nat Mortality",2,2,16.36,-1.96083333333333,-3.23,-2.95666666666667,0.08,-2.33
"90-2013-0-292",2013,2013,0.5,"ey","Captured",1,1,27.05,-1.95083333333333,-3.10666666666667,-2.17666666666667,-1.04333333333333,-2.49333333333333
"90-2013-0-292",2014,2013,1.5,"ey","Captured",1,1,38.18,-1.2175,-0.98,-2.16333333333333,-1.51333333333333,0.00666666666666666
"90-2013-0-292",2015,2013,2.5,"ey","Captured",1,1,45.45,1.83166666666667,2.94333333333333,3.56666666666667,0.42,0.223333333333333
"90-2013-0-292",2016,2013,3.5,"ey","Captured",1,1,22.27,-0.574166666666667,-0.553333333333333,-0.816666666666667,-0.986666666666667,-0.183333333333333
"90-2013-0-292",2017,2013,4.5,"ey","Captured",1,1,15.68,-0.921666666666667,-0.983333333333333,-1.73,-0.536666666666667,-0.11
"90-2013-0-292",2018,2013,5.5,"ey","Captured",1,1,15.91,-0.465,-1.89,-2.77666666666667,2.41333333333333,-0.356666666666667
"90-2013-0-292",2019,2013,6.5,"ey","Captured",1,1,19.32,-1.40833333333333,-0.516666666666667,-1.77,-2.95333333333333,1.45
"90-2013-0-292",2020,2013,7.5,"ey","Captured",1,1,19.09,-3.4025,-3.32,-3.52,-3.33,-3.37666666666667
"90-2013-0-292",2021,2013,8.5,"ey","not_detected",0,0,21.14,-1.8125,-3.27666666666667,-0.343333333333333,-0.893333333333333,-3.17
"90-2013-0-292",2022,2013,9.5,"ey","not_detected",0,0,16.36,-1.96083333333333,-3.23,-2.95666666666667,0.08,-2.33
"90-2014-0-456",2014,2014,0.5,"ey","Captured",1,1,38.18,-1.2175,-0.98,-2.16333333333333,-1.51333333333333,0.00666666666666666
"90-2014-0-456",2015,2014,1.5,"ey","Captured",1,1,45.45,1.83166666666667,2.94333333333333,3.56666666666667,0.42,0.223333333333333
"90-2014-0-456",2016,2014,2.5,"ey","Captured",1,1,22.27,-0.574166666666667,-0.553333333333333,-0.816666666666667,-0.986666666666667,-0.183333333333333
"90-2014-0-456",2017,2014,3.5,"ey","Captured",1,1,15.68,-0.921666666666667,-0.983333333333333,-1.73,-0.536666666666667,-0.11
"90-2014-0-456",2018,2014,4.5,"ey","Captured",1,1,15.91,-0.465,-1.89,-2.77666666666667,2.41333333333333,-0.356666666666667
"90-2014-0-456",2019,2014,5.5,"ey","Captured",1,1,19.32,-1.40833333333333,-0.516666666666667,-1.77,-2.95333333333333,1.45
"90-2014-0-456",2020,2014,6.5,"ey","Captured",1,1,19.09,-3.4025,-3.32,-3.52,-3.33,-3.37666666666667
"90-2014-0-456",2021,2014,7.5,"ey","Captured",1,1,21.14,-1.8125,-3.27666666666667,-0.343333333333333,-0.893333333333333,-3.17
"90-2014-0-456",2022,2014,8.5,"ey","Captured",1,1,16.36,-1.96083333333333,-3.23,-2.95666666666667,0.08,-2.33
"90-2014-0-457",2014,2014,0.5,"ey","Captured",1,1,38.18,-1.2175,-0.98,-2.16333333333333,-1.51333333333333,0.00666666666666666
"90-2014-0-457",2015,2014,1.5,"ey","Captured",1,1,45.45,1.83166666666667,2.94333333333333,3.56666666666667,0.42,0.223333333333333
"90-2014-0-457",2016,2014,2.5,"ey","Captured",1,1,22.27,-0.574166666666667,-0.553333333333333,-0.816666666666667,-0.986666666666667,-0.183333333333333
"90-2014-0-457",2017,2014,3.5,"ey","Captured",1,1,15.68,-0.921666666666667,-0.983333333333333,-1.73,-0.536666666666667,-0.11
"90-2014-0-457",2018,2014,4.5,"ey","Captured",1,1,15.91,-0.465,-1.89,-2.77666666666667,2.41333333333333,-0.356666666666667
"90-2014-0-457",2019,2014,5.5,"ey","Alive-Cuddy",1,0,19.32,-1.40833333333333,-0.516666666666667,-1.77,-2.95333333333333,1.45
"90-2014-0-457",2020,2014,6.5,"ey","Captured",1,1,19.09,-3.4025,-3.32,-3.52,-3.33,-3.37666666666667
"90-2014-0-457",2021,2014,7.5,"ey","Alive-Cuddy",1,0,21.14,-1.8125,-3.27666666666667,-0.343333333333333,-0.893333333333333,-3.17
"90-2014-0-457",2022,2014,8.5,"ey","not_detected",0,0,16.36,-1.96083333333333,-3.23,-2.95666666666667,0.08,-2.33
"90-2014-0-458",2014,2014,0.5,"ey","Captured",1,1,38.18,-1.2175,-0.98,-2.16333333333333,-1.51333333333333,0.00666666666666666
"90-2014-0-458",2015,2014,1.5,"ey","Captured",1,1,45.45,1.83166666666667,2.94333333333333,3.56666666666667,0.42,0.223333333333333
"90-2014-0-458",2016,2014,2.5,"ey","Captured",1,1,22.27,-0.574166666666667,-0.553333333333333,-0.816666666666667,-0.986666666666667,-0.183333333333333
"90-2014-0-458",2017,2014,3.5,"ey","Captured",1,1,15.68,-0.921666666666667,-0.983333333333333,-1.73,-0.536666666666667,-0.11
"90-2014-0-458",2018,2014,4.5,"ey","Captured",1,1,15.91,-0.465,-1.89,-2.77666666666667,2.41333333333333,-0.356666666666667
"90-2014-0-458",2019,2014,5.5,"ey","Captured",1,1,19.32,-1.40833333333333,-0.516666666666667,-1.77,-2.95333333333333,1.45
"90-2014-0-458",2020,2014,6.5,"ey","Captured",1,1,19.09,-3.4025,-3.32,-3.52,-3.33,-3.37666666666667
"90-2014-0-458",2021,2014,7.5,"ey","Captured",1,1,21.14,-1.8125,-3.27666666666667,-0.343333333333333,-0.893333333333333,-3.17
"90-2014-0-458",2022,2014,8.5,"ey","Captured",1,1,16.36,-1.96083333333333,-3.23,-2.95666666666667,0.08,-2.33
"90-2014-0-459",2014,2014,0.5,"ey","Captured",1,1,38.18,-1.2175,-0.98,-2.16333333333333,-1.51333333333333,0.00666666666666666
"90-2014-0-459",2015,2014,1.5,"ey","Alive-Cuddy",1,0,45.45,1.83166666666667,2.94333333333333,3.56666666666667,0.42,0.223333333333333
"90-2014-0-459",2016,2014,2.5,"ey","Captured",1,1,22.27,-0.574166666666667,-0.553333333333333,-0.816666666666667,-0.986666666666667,-0.183333333333333
"90-2014-0-459",2017,2014,3.5,"ey","Captured",1,1,15.68,-0.921666666666667,-0.983333333333333,-1.73,-0.536666666666667,-0.11
"90-2014-0-459",2018,2014,4.5,"ey","Captured",1,1,15.91,-0.465,-1.89,-2.77666666666667,2.41333333333333,-0.356666666666667
"90-2014-0-459",2019,2014,5.5,"ey","Captured",1,1,19.32,-1.40833333333333,-0.516666666666667,-1.77,-2.95333333333333,1.45
"90-2014-0-459",2020,2014,6.5,"ey","not_detected",0,0,19.09,-3.4025,-3.32,-3.52,-3.33,-3.37666666666667
"90-2014-0-459",2021,2014,7.5,"ey","not_detected",0,0,21.14,-1.8125,-3.27666666666667,-0.343333333333333,-0.893333333333333,-3.17
"90-2014-0-459",2022,2014,8.5,"ey","not_detected",0,0,16.36,-1.96083333333333,-3.23,-2.95666666666667,0.08,-2.33
"90-2014-0-460",2014,2014,0.5,"ey","Captured",1,1,38.18,-1.2175,-0.98,-2.16333333333333,-1.51333333333333,0.00666666666666666
"90-2014-0-460",2015,2014,1.5,"ey","Captured",1,1,45.45,1.83166666666667,2.94333333333333,3.56666666666667,0.42,0.223333333333333
"90-2014-0-460",2016,2014,2.5,"ey","Captured",1,1,22.27,-0.574166666666667,-0.553333333333333,-0.816666666666667,-0.986666666666667,-0.183333333333333
"90-2014-0-460",2017,2014,3.5,"ey","Alive-Cuddy",1,0,15.68,-0.921666666666667,-0.983333333333333,-1.73,-0.536666666666667,-0.11
"90-2014-0-460",2018,2014,4.5,"ey","Captured",1,1,15.91,-0.465,-1.89,-2.77666666666667,2.41333333333333,-0.356666666666667
"90-2014-0-460",2019,2014,5.5,"ey","Captured",1,1,19.32,-1.40833333333333,-0.516666666666667,-1.77,-2.95333333333333,1.45
"90-2014-0-460",2020,2014,6.5,"ey","Captured",1,1,19.09,-3.4025,-3.32,-3.52,-3.33,-3.37666666666667
"90-2014-0-460",2021,2014,7.5,"ey","Nat Mortality",2,2,21.14,-1.8125,-3.27666666666667,-0.343333333333333,-0.893333333333333,-3.17
"90-2014-0-460",2022,2014,8.5,"ey","not_detected",0,0,16.36,-1.96083333333333,-3.23,-2.95666666666667,0.08,-2.33
"90-2014-0-461",2014,2014,0.5,"ey","Captured",1,1,38.18,-1.2175,-0.98,-2.16333333333333,-1.51333333333333,0.00666666666666666
"90-2014-0-461",2015,2014,1.5,"ey","not_detected",0,0,45.45,1.83166666666667,2.94333333333333,3.56666666666667,0.42,0.223333333333333
"90-2014-0-461",2016,2014,2.5,"ey","not_detected",0,0,22.27,-0.574166666666667,-0.553333333333333,-0.816666666666667,-0.986666666666667,-0.183333333333333
"90-2014-0-461",2017,2014,3.5,"ey","not_detected",0,0,15.68,-0.921666666666667,-0.983333333333333,-1.73,-0.536666666666667,-0.11
"90-2014-0-461",2018,2014,4.5,"ey","not_detected",0,0,15.91,-0.465,-1.89,-2.77666666666667,2.41333333333333,-0.356666666666667
"90-2014-0-461",2019,2014,5.5,"ey","not_detected",0,0,19.32,-1.40833333333333,-0.516666666666667,-1.77,-2.95333333333333,1.45
"90-2014-0-461",2020,2014,6.5,"ey","not_detected",0,0,19.09,-3.4025,-3.32,-3.52,-3.33,-3.37666666666667
"90-2014-0-461",2021,2014,7.5,"ey","not_detected",0,0,21.14,-1.8125,-3.27666666666667,-0.343333333333333,-0.893333333333333,-3.17
"90-2014-0-461",2022,2014,8.5,"ey","not_detected",0,0,16.36,-1.96083333333333,-3.23,-2.95666666666667,0.08,-2.33
"90-2014-0-462",2014,2014,0.5,"ey","Captured",1,1,38.18,-1.2175,-0.98,-2.16333333333333,-1.51333333333333,0.00666666666666666
"90-2014-0-462",2015,2014,1.5,"ey","Captured",1,1,45.45,1.83166666666667,2.94333333333333,3.56666666666667,0.42,0.223333333333333
"90-2014-0-462",2016,2014,2.5,"ey","Alive-Cuddy",1,0,22.27,-0.574166666666667,-0.553333333333333,-0.816666666666667,-0.986666666666667,-0.183333333333333
"90-2014-0-462",2017,2014,3.5,"ey","Captured",1,1,15.68,-0.921666666666667,-0.983333333333333,-1.73,-0.536666666666667,-0.11
"90-2014-0-462",2018,2014,4.5,"ey","Captured",1,1,15.91,-0.465,-1.89,-2.77666666666667,2.41333333333333,-0.356666666666667
"90-2014-0-462",2019,2014,5.5,"ey","Captured",1,1,19.32,-1.40833333333333,-0.516666666666667,-1.77,-2.95333333333333,1.45
"90-2014-0-462",2020,2014,6.5,"ey","Captured",1,1,19.09,-3.4025,-3.32,-3.52,-3.33,-3.37666666666667
"90-2014-0-462",2021,2014,7.5,"ey","Captured",1,1,21.14,-1.8125,-3.27666666666667,-0.343333333333333,-0.893333333333333,-3.17
"90-2014-0-462",2022,2014,8.5,"ey","Captured",1,1,16.36,-1.96083333333333,-3.23,-2.95666666666667,0.08,-2.33
"90-2014-0-463",2014,2014,0.5,"ey","Captured",1,1,38.18,-1.2175,-0.98,-2.16333333333333,-1.51333333333333,0.00666666666666666
"90-2014-0-463",2015,2014,1.5,"ey","Captured",1,1,45.45,1.83166666666667,2.94333333333333,3.56666666666667,0.42,0.223333333333333
"90-2014-0-463",2016,2014,2.5,"ey","Captured",1,1,22.27,-0.574166666666667,-0.553333333333333,-0.816666666666667,-0.986666666666667,-0.183333333333333
"90-2014-0-463",2017,2014,3.5,"ey","Captured",1,1,15.68,-0.921666666666667,-0.983333333333333,-1.73,-0.536666666666667,-0.11
"90-2014-0-463",2018,2014,4.5,"ey","Captured",1,1,15.91,-0.465,-1.89,-2.77666666666667,2.41333333333333,-0.356666666666667
"90-2014-0-463",2019,2014,5.5,"ey","Captured",1,1,19.32,-1.40833333333333,-0.516666666666667,-1.77,-2.95333333333333,1.45
"90-2014-0-463",2020,2014,6.5,"ey","Captured",1,1,19.09,-3.4025,-3.32,-3.52,-3.33,-3.37666666666667
"90-2014-0-463",2021,2014,7.5,"ey","Nat Mortality",2,2,21.14,-1.8125,-3.27666666666667,-0.343333333333333,-0.893333333333333,-3.17
"90-2014-0-463",2022,2014,8.5,"ey","not_detected",0,0,16.36,-1.96083333333333,-3.23,-2.95666666666667,0.08,-2.33
"90-2014-0-464",2014,2014,0.5,"ey","Captured",1,1,38.18,-1.2175,-0.98,-2.16333333333333,-1.51333333333333,0.00666666666666666
"90-2014-0-464",2015,2014,1.5,"ey","Captured",1,1,45.45,1.83166666666667,2.94333333333333,3.56666666666667,0.42,0.223333333333333
"90-2014-0-464",2016,2014,2.5,"ey","Captured",1,1,22.27,-0.574166666666667,-0.553333333333333,-0.816666666666667,-0.986666666666667,-0.183333333333333
"90-2014-0-464",2017,2014,3.5,"ey","Alive-Cuddy",1,0,15.68,-0.921666666666667,-0.983333333333333,-1.73,-0.536666666666667,-0.11
"90-2014-0-464",2018,2014,4.5,"ey","Captured",1,1,15.91,-0.465,-1.89,-2.77666666666667,2.41333333333333,-0.356666666666667
"90-2014-0-464",2019,2014,5.5,"ey","Captured",1,1,19.32,-1.40833333333333,-0.516666666666667,-1.77,-2.95333333333333,1.45
"90-2014-0-464",2020,2014,6.5,"ey","Captured",1,1,19.09,-3.4025,-3.32,-3.52,-3.33,-3.37666666666667
"90-2014-0-464",2021,2014,7.5,"ey","Captured",1,1,21.14,-1.8125,-3.27666666666667,-0.343333333333333,-0.893333333333333,-3.17
"90-2014-0-464",2022,2014,8.5,"ey","not_detected",0,0,16.36,-1.96083333333333,-3.23,-2.95666666666667,0.08,-2.33
"90-2014-0-465",2014,2014,0.5,"ey","Captured",1,1,38.18,-1.2175,-0.98,-2.16333333333333,-1.51333333333333,0.00666666666666666
"90-2014-0-465",2015,2014,1.5,"ey","Captured",1,1,45.45,1.83166666666667,2.94333333333333,3.56666666666667,0.42,0.223333333333333
"90-2014-0-465",2016,2014,2.5,"ey","Captured",1,1,22.27,-0.574166666666667,-0.553333333333333,-0.816666666666667,-0.986666666666667,-0.183333333333333
"90-2014-0-465",2017,2014,3.5,"ey","Captured",1,1,15.68,-0.921666666666667,-0.983333333333333,-1.73,-0.536666666666667,-0.11
"90-2014-0-465",2018,2014,4.5,"ey","Captured",1,1,15.91,-0.465,-1.89,-2.77666666666667,2.41333333333333,-0.356666666666667
"90-2014-0-465",2019,2014,5.5,"ey","not_detected",0,0,19.32,-1.40833333333333,-0.516666666666667,-1.77,-2.95333333333333,1.45
"90-2014-0-465",2020,2014,6.5,"ey","not_detected",0,0,19.09,-3.4025,-3.32,-3.52,-3.33,-3.37666666666667
"90-2014-0-465",2021,2014,7.5,"ey","not_detected",0,0,21.14,-1.8125,-3.27666666666667,-0.343333333333333,-0.893333333333333,-3.17
"90-2014-0-465",2022,2014,8.5,"ey","not_detected",0,0,16.36,-1.96083333333333,-3.23,-2.95666666666667,0.08,-2.33
"90-2014-0-466",2014,2014,0.5,"ey","Captured",1,1,38.18,-1.2175,-0.98,-2.16333333333333,-1.51333333333333,0.00666666666666666
"90-2014-0-466",2015,2014,1.5,"ey","Captured",1,1,45.45,1.83166666666667,2.94333333333333,3.56666666666667,0.42,0.223333333333333
"90-2014-0-466",2016,2014,2.5,"ey","Captured",1,1,22.27,-0.574166666666667,-0.553333333333333,-0.816666666666667,-0.986666666666667,-0.183333333333333
"90-2014-0-466",2017,2014,3.5,"ey","Captured",1,1,15.68,-0.921666666666667,-0.983333333333333,-1.73,-0.536666666666667,-0.11
"90-2014-0-466",2018,2014,4.5,"ey","Captured",1,1,15.91,-0.465,-1.89,-2.77666666666667,2.41333333333333,-0.356666666666667
"90-2014-0-466",2019,2014,5.5,"ey","Captured",1,1,19.32,-1.40833333333333,-0.516666666666667,-1.77,-2.95333333333333,1.45
"90-2014-0-466",2020,2014,6.5,"ey","Captured",1,1,19.09,-3.4025,-3.32,-3.52,-3.33,-3.37666666666667
"90-2014-0-466",2021,2014,7.5,"ey","Captured",1,1,21.14,-1.8125,-3.27666666666667,-0.343333333333333,-0.893333333333333,-3.17
"90-2014-0-466",2022,2014,8.5,"ey","Captured",1,1,16.36,-1.96083333333333,-3.23,-2.95666666666667,0.08,-2.33
"90-2014-0-467",2014,2014,0.5,"ey","Captured",1,1,38.18,-1.2175,-0.98,-2.16333333333333,-1.51333333333333,0.00666666666666666
"90-2014-0-467",2015,2014,1.5,"ey","Alive-Cuddy",1,0,45.45,1.83166666666667,2.94333333333333,3.56666666666667,0.42,0.223333333333333
"90-2014-0-467",2016,2014,2.5,"ey","Captured",1,1,22.27,-0.574166666666667,-0.553333333333333,-0.816666666666667,-0.986666666666667,-0.183333333333333
"90-2014-0-467",2017,2014,3.5,"ey","Captured",1,1,15.68,-0.921666666666667,-0.983333333333333,-1.73,-0.536666666666667,-0.11
"90-2014-0-467",2018,2014,4.5,"ey","Alive-Cuddy",1,0,15.91,-0.465,-1.89,-2.77666666666667,2.41333333333333,-0.356666666666667
"90-2014-0-467",2019,2014,5.5,"ey","Captured",1,1,19.32,-1.40833333333333,-0.516666666666667,-1.77,-2.95333333333333,1.45
"90-2014-0-467",2020,2014,6.5,"ey","Captured",1,1,19.09,-3.4025,-3.32,-3.52,-3.33,-3.37666666666667
"90-2014-0-467",2021,2014,7.5,"ey","Captured",1,1,21.14,-1.8125,-3.27666666666667,-0.343333333333333,-0.893333333333333,-3.17
"90-2014-0-467",2022,2014,8.5,"ey","not_detected",0,0,16.36,-1.96083333333333,-3.23,-2.95666666666667,0.08,-2.33
"90-2014-0-468",2014,2014,0.5,"ey","Captured",1,1,38.18,-1.2175,-0.98,-2.16333333333333,-1.51333333333333,0.00666666666666666
"90-2014-0-468",2015,2014,1.5,"ey","Captured",1,1,45.45,1.83166666666667,2.94333333333333,3.56666666666667,0.42,0.223333333333333
"90-2014-0-468",2016,2014,2.5,"ey","Captured",1,1,22.27,-0.574166666666667,-0.553333333333333,-0.816666666666667,-0.986666666666667,-0.183333333333333
"90-2014-0-468",2017,2014,3.5,"ey","Captured",1,1,15.68,-0.921666666666667,-0.983333333333333,-1.73,-0.536666666666667,-0.11
"90-2014-0-468",2018,2014,4.5,"ey","Captured",1,1,15.91,-0.465,-1.89,-2.77666666666667,2.41333333333333,-0.356666666666667
"90-2014-0-468",2019,2014,5.5,"ey","Dead-Capture",2,2,19.32,-1.40833333333333,-0.516666666666667,-1.77,-2.95333333333333,1.45
"90-2014-0-468",2020,2014,6.5,"ey","not_detected",0,0,19.09,-3.4025,-3.32,-3.52,-3.33,-3.37666666666667
"90-2014-0-468",2021,2014,7.5,"ey","not_detected",0,0,21.14,-1.8125,-3.27666666666667,-0.343333333333333,-0.893333333333333,-3.17
"90-2014-0-468",2022,2014,8.5,"ey","not_detected",0,0,16.36,-1.96083333333333,-3.23,-2.95666666666667,0.08,-2.33
"90-2014-0-469",2014,2014,0.5,"ey","Captured",1,1,38.18,-1.2175,-0.98,-2.16333333333333,-1.51333333333333,0.00666666666666666
"90-2014-0-469",2015,2014,1.5,"ey","Captured",1,1,45.45,1.83166666666667,2.94333333333333,3.56666666666667,0.42,0.223333333333333
"90-2014-0-469",2016,2014,2.5,"ey","Captured",1,1,22.27,-0.574166666666667,-0.553333333333333,-0.816666666666667,-0.986666666666667,-0.183333333333333
"90-2014-0-469",2017,2014,3.5,"ey","Captured",1,1,15.68,-0.921666666666667,-0.983333333333333,-1.73,-0.536666666666667,-0.11
"90-2014-0-469",2018,2014,4.5,"ey","Captured",1,1,15.91,-0.465,-1.89,-2.77666666666667,2.41333333333333,-0.356666666666667
"90-2014-0-469",2019,2014,5.5,"ey","Captured",1,1,19.32,-1.40833333333333,-0.516666666666667,-1.77,-2.95333333333333,1.45
"90-2014-0-469",2020,2014,6.5,"ey","Captured",1,1,19.09,-3.4025,-3.32,-3.52,-3.33,-3.37666666666667
"90-2014-0-469",2021,2014,7.5,"ey","Captured",1,1,21.14,-1.8125,-3.27666666666667,-0.343333333333333,-0.893333333333333,-3.17
"90-2014-0-469",2022,2014,8.5,"ey","Captured",1,1,16.36,-1.96083333333333,-3.23,-2.95666666666667,0.08,-2.33
"90-2014-0-470",2014,2014,0.5,"ey","Captured",1,1,38.18,-1.2175,-0.98,-2.16333333333333,-1.51333333333333,0.00666666666666666
"90-2014-0-470",2015,2014,1.5,"ey","Captured",1,1,45.45,1.83166666666667,2.94333333333333,3.56666666666667,0.42,0.223333333333333
"90-2014-0-470",2016,2014,2.5,"ey","Captured",1,1,22.27,-0.574166666666667,-0.553333333333333,-0.816666666666667,-0.986666666666667,-0.183333333333333
"90-2014-0-470",2017,2014,3.5,"ey","not_detected",0,0,15.68,-0.921666666666667,-0.983333333333333,-1.73,-0.536666666666667,-0.11
"90-2014-0-470",2018,2014,4.5,"ey","not_detected",0,0,15.91,-0.465,-1.89,-2.77666666666667,2.41333333333333,-0.356666666666667
"90-2014-0-470",2019,2014,5.5,"ey","not_detected",0,0,19.32,-1.40833333333333,-0.516666666666667,-1.77,-2.95333333333333,1.45
"90-2014-0-470",2020,2014,6.5,"ey","not_detected",0,0,19.09,-3.4025,-3.32,-3.52,-3.33,-3.37666666666667
"90-2014-0-470",2021,2014,7.5,"ey","not_detected",0,0,21.14,-1.8125,-3.27666666666667,-0.343333333333333,-0.893333333333333,-3.17
"90-2014-0-470",2022,2014,8.5,"ey","not_detected",0,0,16.36,-1.96083333333333,-3.23,-2.95666666666667,0.08,-2.33
"90-2014-0-471",2014,2014,0.5,"ey","Captured",1,1,38.18,-1.2175,-0.98,-2.16333333333333,-1.51333333333333,0.00666666666666666
"90-2014-0-471",2015,2014,1.5,"ey","Alive-Cuddy",1,0,45.45,1.83166666666667,2.94333333333333,3.56666666666667,0.42,0.223333333333333
"90-2014-0-471",2016,2014,2.5,"ey","not_detected",0,0,22.27,-0.574166666666667,-0.553333333333333,-0.816666666666667,-0.986666666666667,-0.183333333333333
"90-2014-0-471",2017,2014,3.5,"ey","not_detected",0,0,15.68,-0.921666666666667,-0.983333333333333,-1.73,-0.536666666666667,-0.11
"90-2014-0-471",2018,2014,4.5,"ey","not_detected",0,0,15.91,-0.465,-1.89,-2.77666666666667,2.41333333333333,-0.356666666666667
"90-2014-0-471",2019,2014,5.5,"ey","not_detected",0,0,19.32,-1.40833333333333,-0.516666666666667,-1.77,-2.95333333333333,1.45
"90-2014-0-471",2020,2014,6.5,"ey","not_detected",0,0,19.09,-3.4025,-3.32,-3.52,-3.33,-3.37666666666667
"90-2014-0-471",2021,2014,7.5,"ey","not_detected",0,0,21.14,-1.8125,-3.27666666666667,-0.343333333333333,-0.893333333333333,-3.17
"90-2014-0-471",2022,2014,8.5,"ey","not_detected",0,0,16.36,-1.96083333333333,-3.23,-2.95666666666667,0.08,-2.33
"90-2014-0-472",2014,2014,0.5,"ey","Captured",1,1,38.18,-1.2175,-0.98,-2.16333333333333,-1.51333333333333,0.00666666666666666
"90-2014-0-472",2015,2014,1.5,"ey","Alive-Cuddy",1,0,45.45,1.83166666666667,2.94333333333333,3.56666666666667,0.42,0.223333333333333
"90-2014-0-472",2016,2014,2.5,"ey","Captured",1,1,22.27,-0.574166666666667,-0.553333333333333,-0.816666666666667,-0.986666666666667,-0.183333333333333
"90-2014-0-472",2017,2014,3.5,"ey","Captured",1,1,15.68,-0.921666666666667,-0.983333333333333,-1.73,-0.536666666666667,-0.11
"90-2014-0-472",2018,2014,4.5,"ey","Captured",1,1,15.91,-0.465,-1.89,-2.77666666666667,2.41333333333333,-0.356666666666667
"90-2014-0-472",2019,2014,5.5,"ey","Captured",1,1,19.32,-1.40833333333333,-0.516666666666667,-1.77,-2.95333333333333,1.45
"90-2014-0-472",2020,2014,6.5,"ey","Captured",1,1,19.09,-3.4025,-3.32,-3.52,-3.33,-3.37666666666667
"90-2014-0-472",2021,2014,7.5,"ey","Alive-Cuddy",1,0,21.14,-1.8125,-3.27666666666667,-0.343333333333333,-0.893333333333333,-3.17
"90-2014-0-472",2022,2014,8.5,"ey","not_detected",0,0,16.36,-1.96083333333333,-3.23,-2.95666666666667,0.08,-2.33
"90-2014-0-473",2014,2014,0.5,"ey","Captured",1,1,38.18,-1.2175,-0.98,-2.16333333333333,-1.51333333333333,0.00666666666666666
"90-2014-0-473",2015,2014,1.5,"ey","Captured",1,1,45.45,1.83166666666667,2.94333333333333,3.56666666666667,0.42,0.223333333333333
"90-2014-0-473",2016,2014,2.5,"ey","Captured",1,1,22.27,-0.574166666666667,-0.553333333333333,-0.816666666666667,-0.986666666666667,-0.183333333333333
"90-2014-0-473",2017,2014,3.5,"ey","Captured",1,1,15.68,-0.921666666666667,-0.983333333333333,-1.73,-0.536666666666667,-0.11
"90-2014-0-473",2018,2014,4.5,"ey","Dead-Capture",2,2,15.91,-0.465,-1.89,-2.77666666666667,2.41333333333333,-0.356666666666667
"90-2014-0-473",2019,2014,5.5,"ey","not_detected",0,0,19.32,-1.40833333333333,-0.516666666666667,-1.77,-2.95333333333333,1.45
"90-2014-0-473",2020,2014,6.5,"ey","not_detected",0,0,19.09,-3.4025,-3.32,-3.52,-3.33,-3.37666666666667
"90-2014-0-473",2021,2014,7.5,"ey","not_detected",0,0,21.14,-1.8125,-3.27666666666667,-0.343333333333333,-0.893333333333333,-3.17
"90-2014-0-473",2022,2014,8.5,"ey","not_detected",0,0,16.36,-1.96083333333333,-3.23,-2.95666666666667,0.08,-2.33
"90-2014-0-474",2014,2014,0.5,"ey","Captured",1,1,38.18,-1.2175,-0.98,-2.16333333333333,-1.51333333333333,0.00666666666666666
"90-2014-0-474",2015,2014,1.5,"ey","Captured",1,1,45.45,1.83166666666667,2.94333333333333,3.56666666666667,0.42,0.223333333333333
"90-2014-0-474",2016,2014,2.5,"ey","not_detected",0,0,22.27,-0.574166666666667,-0.553333333333333,-0.816666666666667,-0.986666666666667,-0.183333333333333
"90-2014-0-474",2017,2014,3.5,"ey","not_detected",0,0,15.68,-0.921666666666667,-0.983333333333333,-1.73,-0.536666666666667,-0.11
"90-2014-0-474",2018,2014,4.5,"ey","not_detected",0,0,15.91,-0.465,-1.89,-2.77666666666667,2.41333333333333,-0.356666666666667
"90-2014-0-474",2019,2014,5.5,"ey","not_detected",0,0,19.32,-1.40833333333333,-0.516666666666667,-1.77,-2.95333333333333,1.45
"90-2014-0-474",2020,2014,6.5,"ey","not_detected",0,0,19.09,-3.4025,-3.32,-3.52,-3.33,-3.37666666666667
"90-2014-0-474",2021,2014,7.5,"ey","not_detected",0,0,21.14,-1.8125,-3.27666666666667,-0.343333333333333,-0.893333333333333,-3.17
"90-2014-0-474",2022,2014,8.5,"ey","not_detected",0,0,16.36,-1.96083333333333,-3.23,-2.95666666666667,0.08,-2.33
"90-2014-0-475",2014,2014,0.5,"ey","Captured",1,1,38.18,-1.2175,-0.98,-2.16333333333333,-1.51333333333333,0.00666666666666666
"90-2014-0-475",2015,2014,1.5,"ey","Alive-Cuddy",1,0,45.45,1.83166666666667,2.94333333333333,3.56666666666667,0.42,0.223333333333333
"90-2014-0-475",2016,2014,2.5,"ey","Captured",1,1,22.27,-0.574166666666667,-0.553333333333333,-0.816666666666667,-0.986666666666667,-0.183333333333333
"90-2014-0-475",2017,2014,3.5,"ey","Captured",1,1,15.68,-0.921666666666667,-0.983333333333333,-1.73,-0.536666666666667,-0.11
"90-2014-0-475",2018,2014,4.5,"ey","Captured",1,1,15.91,-0.465,-1.89,-2.77666666666667,2.41333333333333,-0.356666666666667
"90-2014-0-475",2019,2014,5.5,"ey","Alive-Cuddy",1,0,19.32,-1.40833333333333,-0.516666666666667,-1.77,-2.95333333333333,1.45
"90-2014-0-475",2020,2014,6.5,"ey","Captured",1,1,19.09,-3.4025,-3.32,-3.52,-3.33,-3.37666666666667
"90-2014-0-475",2021,2014,7.5,"ey","Captured",1,1,21.14,-1.8125,-3.27666666666667,-0.343333333333333,-0.893333333333333,-3.17
"90-2014-0-475",2022,2014,8.5,"ey","not_detected",0,0,16.36,-1.96083333333333,-3.23,-2.95666666666667,0.08,-2.33
"90-2015-0-559",2015,2015,0.5,"ey","Captured",1,1,45.45,1.83166666666667,2.94333333333333,3.56666666666667,0.42,0.223333333333333
"90-2015-0-559",2016,2015,1.5,"ey","Captured",1,1,22.27,-0.574166666666667,-0.553333333333333,-0.816666666666667,-0.986666666666667,-0.183333333333333
"90-2015-0-559",2017,2015,2.5,"ey","Captured",1,1,15.68,-0.921666666666667,-0.983333333333333,-1.73,-0.536666666666667,-0.11
"90-2015-0-559",2018,2015,3.5,"ey","Captured",1,1,15.91,-0.465,-1.89,-2.77666666666667,2.41333333333333,-0.356666666666667
"90-2015-0-559",2019,2015,4.5,"ey","Captured",1,1,19.32,-1.40833333333333,-0.516666666666667,-1.77,-2.95333333333333,1.45
"90-2015-0-559",2020,2015,5.5,"ey","Captured",1,1,19.09,-3.4025,-3.32,-3.52,-3.33,-3.37666666666667
"90-2015-0-559",2021,2015,6.5,"ey","Captured",1,1,21.14,-1.8125,-3.27666666666667,-0.343333333333333,-0.893333333333333,-3.17
"90-2015-0-559",2022,2015,7.5,"ey","not_detected",0,0,16.36,-1.96083333333333,-3.23,-2.95666666666667,0.08,-2.33
"90-2015-0-560",2015,2015,0.5,"ey","Harvested",2,2,45.45,1.83166666666667,2.94333333333333,3.56666666666667,0.42,0.223333333333333
"90-2015-0-560",2016,2015,1.5,"ey","not_detected",0,0,22.27,-0.574166666666667,-0.553333333333333,-0.816666666666667,-0.986666666666667,-0.183333333333333
"90-2015-0-560",2017,2015,2.5,"ey","not_detected",0,0,15.68,-0.921666666666667,-0.983333333333333,-1.73,-0.536666666666667,-0.11
"90-2015-0-560",2018,2015,3.5,"ey","not_detected",0,0,15.91,-0.465,-1.89,-2.77666666666667,2.41333333333333,-0.356666666666667
"90-2015-0-560",2019,2015,4.5,"ey","not_detected",0,0,19.32,-1.40833333333333,-0.516666666666667,-1.77,-2.95333333333333,1.45
"90-2015-0-560",2020,2015,5.5,"ey","not_detected",0,0,19.09,-3.4025,-3.32,-3.52,-3.33,-3.37666666666667
"90-2015-0-560",2021,2015,6.5,"ey","not_detected",0,0,21.14,-1.8125,-3.27666666666667,-0.343333333333333,-0.893333333333333,-3.17
"90-2015-0-560",2022,2015,7.5,"ey","not_detected",0,0,16.36,-1.96083333333333,-3.23,-2.95666666666667,0.08,-2.33
"90-2015-0-561",2015,2015,0.5,"ey","Captured",1,1,45.45,1.83166666666667,2.94333333333333,3.56666666666667,0.42,0.223333333333333
"90-2015-0-561",2016,2015,1.5,"ey","not_detected",0,0,22.27,-0.574166666666667,-0.553333333333333,-0.816666666666667,-0.986666666666667,-0.183333333333333
"90-2015-0-561",2017,2015,2.5,"ey","not_detected",0,0,15.68,-0.921666666666667,-0.983333333333333,-1.73,-0.536666666666667,-0.11
"90-2015-0-561",2018,2015,3.5,"ey","not_detected",0,0,15.91,-0.465,-1.89,-2.77666666666667,2.41333333333333,-0.356666666666667
"90-2015-0-561",2019,2015,4.5,"ey","not_detected",0,0,19.32,-1.40833333333333,-0.516666666666667,-1.77,-2.95333333333333,1.45
"90-2015-0-561",2020,2015,5.5,"ey","not_detected",0,0,19.09,-3.4025,-3.32,-3.52,-3.33,-3.37666666666667
"90-2015-0-561",2021,2015,6.5,"ey","not_detected",0,0,21.14,-1.8125,-3.27666666666667,-0.343333333333333,-0.893333333333333,-3.17
"90-2015-0-561",2022,2015,7.5,"ey","not_detected",0,0,16.36,-1.96083333333333,-3.23,-2.95666666666667,0.08,-2.33
"90-2015-0-562",2015,2015,0.5,"ey","Captured",1,1,45.45,1.83166666666667,2.94333333333333,3.56666666666667,0.42,0.223333333333333
"90-2015-0-562",2016,2015,1.5,"ey","Captured",1,1,22.27,-0.574166666666667,-0.553333333333333,-0.816666666666667,-0.986666666666667,-0.183333333333333
"90-2015-0-562",2017,2015,2.5,"ey","Captured",1,1,15.68,-0.921666666666667,-0.983333333333333,-1.73,-0.536666666666667,-0.11
"90-2015-0-562",2018,2015,3.5,"ey","Captured",1,1,15.91,-0.465,-1.89,-2.77666666666667,2.41333333333333,-0.356666666666667
"90-2015-0-562",2019,2015,4.5,"ey","Captured",1,1,19.32,-1.40833333333333,-0.516666666666667,-1.77,-2.95333333333333,1.45
"90-2015-0-562",2020,2015,5.5,"ey","Captured",1,1,19.09,-3.4025,-3.32,-3.52,-3.33,-3.37666666666667
"90-2015-0-562",2021,2015,6.5,"ey","Captured",1,1,21.14,-1.8125,-3.27666666666667,-0.343333333333333,-0.893333333333333,-3.17
"90-2015-0-562",2022,2015,7.5,"ey","Captured",1,1,16.36,-1.96083333333333,-3.23,-2.95666666666667,0.08,-2.33
"90-2015-0-563",2015,2015,0.5,"ey","Captured",1,1,45.45,1.83166666666667,2.94333333333333,3.56666666666667,0.42,0.223333333333333
"90-2015-0-563",2016,2015,1.5,"ey","Captured",1,1,22.27,-0.574166666666667,-0.553333333333333,-0.816666666666667,-0.986666666666667,-0.183333333333333
"90-2015-0-563",2017,2015,2.5,"ey","Harvested",2,2,15.68,-0.921666666666667,-0.983333333333333,-1.73,-0.536666666666667,-0.11
"90-2015-0-563",2018,2015,3.5,"ey","not_detected",0,0,15.91,-0.465,-1.89,-2.77666666666667,2.41333333333333,-0.356666666666667
"90-2015-0-563",2019,2015,4.5,"ey","not_detected",0,0,19.32,-1.40833333333333,-0.516666666666667,-1.77,-2.95333333333333,1.45
"90-2015-0-563",2020,2015,5.5,"ey","not_detected",0,0,19.09,-3.4025,-3.32,-3.52,-3.33,-3.37666666666667
"90-2015-0-563",2021,2015,6.5,"ey","not_detected",0,0,21.14,-1.8125,-3.27666666666667,-0.343333333333333,-0.893333333333333,-3.17
"90-2015-0-563",2022,2015,7.5,"ey","not_detected",0,0,16.36,-1.96083333333333,-3.23,-2.95666666666667,0.08,-2.33
"90-2015-0-564",2015,2015,0.5,"ey","Captured",1,1,45.45,1.83166666666667,2.94333333333333,3.56666666666667,0.42,0.223333333333333
"90-2015-0-564",2016,2015,1.5,"ey","Captured",1,1,22.27,-0.574166666666667,-0.553333333333333,-0.816666666666667,-0.986666666666667,-0.183333333333333
"90-2015-0-564",2017,2015,2.5,"ey","Captured",1,1,15.68,-0.921666666666667,-0.983333333333333,-1.73,-0.536666666666667,-0.11
"90-2015-0-564",2018,2015,3.5,"ey","Captured",1,1,15.91,-0.465,-1.89,-2.77666666666667,2.41333333333333,-0.356666666666667
"90-2015-0-564",2019,2015,4.5,"ey","Captured",1,1,19.32,-1.40833333333333,-0.516666666666667,-1.77,-2.95333333333333,1.45
"90-2015-0-564",2020,2015,5.5,"ey","Captured",1,1,19.09,-3.4025,-3.32,-3.52,-3.33,-3.37666666666667
"90-2015-0-564",2021,2015,6.5,"ey","Captured",1,1,21.14,-1.8125,-3.27666666666667,-0.343333333333333,-0.893333333333333,-3.17
"90-2015-0-564",2022,2015,7.5,"ey","Captured",1,1,16.36,-1.96083333333333,-3.23,-2.95666666666667,0.08,-2.33
"90-2015-0-565",2015,2015,0.5,"ey","Captured",1,1,45.45,1.83166666666667,2.94333333333333,3.56666666666667,0.42,0.223333333333333
"90-2015-0-565",2016,2015,1.5,"ey","Alive-Cuddy",1,0,22.27,-0.574166666666667,-0.553333333333333,-0.816666666666667,-0.986666666666667,-0.183333333333333
"90-2015-0-565",2017,2015,2.5,"ey","Alive-Cuddy",1,0,15.68,-0.921666666666667,-0.983333333333333,-1.73,-0.536666666666667,-0.11
"90-2015-0-565",2018,2015,3.5,"ey","Captured",1,1,15.91,-0.465,-1.89,-2.77666666666667,2.41333333333333,-0.356666666666667
"90-2015-0-565",2019,2015,4.5,"ey","Captured",1,1,19.32,-1.40833333333333,-0.516666666666667,-1.77,-2.95333333333333,1.45
"90-2015-0-565",2020,2015,5.5,"ey","Captured",1,1,19.09,-3.4025,-3.32,-3.52,-3.33,-3.37666666666667
"90-2015-0-565",2021,2015,6.5,"ey","Captured",1,1,21.14,-1.8125,-3.27666666666667,-0.343333333333333,-0.893333333333333,-3.17
"90-2015-0-565",2022,2015,7.5,"ey","Alive-Cuddy",1,0,16.36,-1.96083333333333,-3.23,-2.95666666666667,0.08,-2.33
"90-2015-0-566",2015,2015,0.5,"ey","Captured",1,1,45.45,1.83166666666667,2.94333333333333,3.56666666666667,0.42,0.223333333333333
"90-2015-0-566",2016,2015,1.5,"ey","Captured",1,1,22.27,-0.574166666666667,-0.553333333333333,-0.816666666666667,-0.986666666666667,-0.183333333333333
"90-2015-0-566",2017,2015,2.5,"ey","Captured",1,1,15.68,-0.921666666666667,-0.983333333333333,-1.73,-0.536666666666667,-0.11
"90-2015-0-566",2018,2015,3.5,"ey","Captured",1,1,15.91,-0.465,-1.89,-2.77666666666667,2.41333333333333,-0.356666666666667
"90-2015-0-566",2019,2015,4.5,"ey","Captured",1,1,19.32,-1.40833333333333,-0.516666666666667,-1.77,-2.95333333333333,1.45
"90-2015-0-566",2020,2015,5.5,"ey","not_detected",0,0,19.09,-3.4025,-3.32,-3.52,-3.33,-3.37666666666667
"90-2015-0-566",2021,2015,6.5,"ey","not_detected",0,0,21.14,-1.8125,-3.27666666666667,-0.343333333333333,-0.893333333333333,-3.17
"90-2015-0-566",2022,2015,7.5,"ey","not_detected",0,0,16.36,-1.96083333333333,-3.23,-2.95666666666667,0.08,-2.33
"90-2015-0-567",2015,2015,0.5,"ey","Captured",1,1,45.45,1.83166666666667,2.94333333333333,3.56666666666667,0.42,0.223333333333333
"90-2015-0-567",2016,2015,1.5,"ey","not_detected",0,0,22.27,-0.574166666666667,-0.553333333333333,-0.816666666666667,-0.986666666666667,-0.183333333333333
"90-2015-0-567",2017,2015,2.5,"ey","not_detected",0,0,15.68,-0.921666666666667,-0.983333333333333,-1.73,-0.536666666666667,-0.11
"90-2015-0-567",2018,2015,3.5,"ey","not_detected",0,0,15.91,-0.465,-1.89,-2.77666666666667,2.41333333333333,-0.356666666666667
"90-2015-0-567",2019,2015,4.5,"ey","not_detected",0,0,19.32,-1.40833333333333,-0.516666666666667,-1.77,-2.95333333333333,1.45
"90-2015-0-567",2020,2015,5.5,"ey","not_detected",0,0,19.09,-3.4025,-3.32,-3.52,-3.33,-3.37666666666667
"90-2015-0-567",2021,2015,6.5,"ey","not_detected",0,0,21.14,-1.8125,-3.27666666666667,-0.343333333333333,-0.893333333333333,-3.17
"90-2015-0-567",2022,2015,7.5,"ey","not_detected",0,0,16.36,-1.96083333333333,-3.23,-2.95666666666667,0.08,-2.33
"90-2015-0-568",2015,2015,0.5,"ey","Captured",1,1,45.45,1.83166666666667,2.94333333333333,3.56666666666667,0.42,0.223333333333333
"90-2015-0-568",2016,2015,1.5,"ey","Captured",1,1,22.27,-0.574166666666667,-0.553333333333333,-0.816666666666667,-0.986666666666667,-0.183333333333333
"90-2015-0-568",2017,2015,2.5,"ey","Alive-Cuddy",1,0,15.68,-0.921666666666667,-0.983333333333333,-1.73,-0.536666666666667,-0.11
"90-2015-0-568",2018,2015,3.5,"ey","Alive-Cuddy",1,0,15.91,-0.465,-1.89,-2.77666666666667,2.41333333333333,-0.356666666666667
"90-2015-0-568",2019,2015,4.5,"ey","Captured",1,1,19.32,-1.40833333333333,-0.516666666666667,-1.77,-2.95333333333333,1.45
"90-2015-0-568",2020,2015,5.5,"ey","Captured",1,1,19.09,-3.4025,-3.32,-3.52,-3.33,-3.37666666666667
"90-2015-0-568",2021,2015,6.5,"ey","Captured",1,1,21.14,-1.8125,-3.27666666666667,-0.343333333333333,-0.893333333333333,-3.17
"90-2015-0-568",2022,2015,7.5,"ey","Captured",1,1,16.36,-1.96083333333333,-3.23,-2.95666666666667,0.08,-2.33
"90-2015-0-569",2015,2015,0.5,"ey","Captured",1,1,45.45,1.83166666666667,2.94333333333333,3.56666666666667,0.42,0.223333333333333
"90-2015-0-569",2016,2015,1.5,"ey","Captured",1,1,22.27,-0.574166666666667,-0.553333333333333,-0.816666666666667,-0.986666666666667,-0.183333333333333
"90-2015-0-569",2017,2015,2.5,"ey","Alive-Cuddy",1,0,15.68,-0.921666666666667,-0.983333333333333,-1.73,-0.536666666666667,-0.11
"90-2015-0-569",2018,2015,3.5,"ey","Alive-Cuddy",1,0,15.91,-0.465,-1.89,-2.77666666666667,2.41333333333333,-0.356666666666667
"90-2015-0-569",2019,2015,4.5,"ey","not_detected",0,0,19.32,-1.40833333333333,-0.516666666666667,-1.77,-2.95333333333333,1.45
"90-2015-0-569",2020,2015,5.5,"ey","not_detected",0,0,19.09,-3.4025,-3.32,-3.52,-3.33,-3.37666666666667
"90-2015-0-569",2021,2015,6.5,"ey","not_detected",0,0,21.14,-1.8125,-3.27666666666667,-0.343333333333333,-0.893333333333333,-3.17
"90-2015-0-569",2022,2015,7.5,"ey","Alive-Cuddy",1,0,16.36,-1.96083333333333,-3.23,-2.95666666666667,0.08,-2.33
"90-2015-0-570",2015,2015,0.5,"ey","Captured",1,1,45.45,1.83166666666667,2.94333333333333,3.56666666666667,0.42,0.223333333333333
"90-2015-0-570",2016,2015,1.5,"ey","Captured",1,1,22.27,-0.574166666666667,-0.553333333333333,-0.816666666666667,-0.986666666666667,-0.183333333333333
"90-2015-0-570",2017,2015,2.5,"ey","Captured",1,1,15.68,-0.921666666666667,-0.983333333333333,-1.73,-0.536666666666667,-0.11
"90-2015-0-570",2018,2015,3.5,"ey","Captured",1,1,15.91,-0.465,-1.89,-2.77666666666667,2.41333333333333,-0.356666666666667
"90-2015-0-570",2019,2015,4.5,"ey","Captured",1,1,19.32,-1.40833333333333,-0.516666666666667,-1.77,-2.95333333333333,1.45
"90-2015-0-570",2020,2015,5.5,"ey","Captured",1,1,19.09,-3.4025,-3.32,-3.52,-3.33,-3.37666666666667
"90-2015-0-570",2021,2015,6.5,"ey","Alive-Cuddy",1,0,21.14,-1.8125,-3.27666666666667,-0.343333333333333,-0.893333333333333,-3.17
"90-2015-0-570",2022,2015,7.5,"ey","not_detected",0,0,16.36,-1.96083333333333,-3.23,-2.95666666666667,0.08,-2.33
"90-2015-0-571",2015,2015,0.5,"ey","Captured",1,1,45.45,1.83166666666667,2.94333333333333,3.56666666666667,0.42,0.223333333333333
"90-2015-0-571",2016,2015,1.5,"ey","Alive-Cuddy",1,0,22.27,-0.574166666666667,-0.553333333333333,-0.816666666666667,-0.986666666666667,-0.183333333333333
"90-2015-0-571",2017,2015,2.5,"ey","Captured",1,1,15.68,-0.921666666666667,-0.983333333333333,-1.73,-0.536666666666667,-0.11
"90-2015-0-571",2018,2015,3.5,"ey","Captured",1,1,15.91,-0.465,-1.89,-2.77666666666667,2.41333333333333,-0.356666666666667
"90-2015-0-571",2019,2015,4.5,"ey","Captured",1,1,19.32,-1.40833333333333,-0.516666666666667,-1.77,-2.95333333333333,1.45
"90-2015-0-571",2020,2015,5.5,"ey","Captured",1,1,19.09,-3.4025,-3.32,-3.52,-3.33,-3.37666666666667
"90-2015-0-571",2021,2015,6.5,"ey","Captured",1,1,21.14,-1.8125,-3.27666666666667,-0.343333333333333,-0.893333333333333,-3.17
"90-2015-0-571",2022,2015,7.5,"ey","Captured",1,1,16.36,-1.96083333333333,-3.23,-2.95666666666667,0.08,-2.33
"90-2015-0-572",2015,2015,0.5,"ey","Captured",1,1,45.45,1.83166666666667,2.94333333333333,3.56666666666667,0.42,0.223333333333333
"90-2015-0-572",2016,2015,1.5,"ey","Captured",1,1,22.27,-0.574166666666667,-0.553333333333333,-0.816666666666667,-0.986666666666667,-0.183333333333333
"90-2015-0-572",2017,2015,2.5,"ey","Captured",1,1,15.68,-0.921666666666667,-0.983333333333333,-1.73,-0.536666666666667,-0.11
"90-2015-0-572",2018,2015,3.5,"ey","not_detected",0,0,15.91,-0.465,-1.89,-2.77666666666667,2.41333333333333,-0.356666666666667
"90-2015-0-572",2019,2015,4.5,"ey","not_detected",0,0,19.32,-1.40833333333333,-0.516666666666667,-1.77,-2.95333333333333,1.45
"90-2015-0-572",2020,2015,5.5,"ey","not_detected",0,0,19.09,-3.4025,-3.32,-3.52,-3.33,-3.37666666666667
"90-2015-0-572",2021,2015,6.5,"ey","not_detected",0,0,21.14,-1.8125,-3.27666666666667,-0.343333333333333,-0.893333333333333,-3.17
"90-2015-0-572",2022,2015,7.5,"ey","not_detected",0,0,16.36,-1.96083333333333,-3.23,-2.95666666666667,0.08,-2.33
"90-2015-0-573",2015,2015,0.5,"ey","Captured",1,1,45.45,1.83166666666667,2.94333333333333,3.56666666666667,0.42,0.223333333333333
"90-2015-0-573",2016,2015,1.5,"ey","not_detected",0,0,22.27,-0.574166666666667,-0.553333333333333,-0.816666666666667,-0.986666666666667,-0.183333333333333
"90-2015-0-573",2017,2015,2.5,"ey","not_detected",0,0,15.68,-0.921666666666667,-0.983333333333333,-1.73,-0.536666666666667,-0.11
"90-2015-0-573",2018,2015,3.5,"ey","not_detected",0,0,15.91,-0.465,-1.89,-2.77666666666667,2.41333333333333,-0.356666666666667
"90-2015-0-573",2019,2015,4.5,"ey","not_detected",0,0,19.32,-1.40833333333333,-0.516666666666667,-1.77,-2.95333333333333,1.45
"90-2015-0-573",2020,2015,5.5,"ey","not_detected",0,0,19.09,-3.4025,-3.32,-3.52,-3.33,-3.37666666666667
"90-2015-0-573",2021,2015,6.5,"ey","not_detected",0,0,21.14,-1.8125,-3.27666666666667,-0.343333333333333,-0.893333333333333,-3.17
"90-2015-0-573",2022,2015,7.5,"ey","not_detected",0,0,16.36,-1.96083333333333,-3.23,-2.95666666666667,0.08,-2.33
"90-2015-0-574",2015,2015,0.5,"ey","Captured",1,1,45.45,1.83166666666667,2.94333333333333,3.56666666666667,0.42,0.223333333333333
"90-2015-0-574",2016,2015,1.5,"ey","Captured",1,1,22.27,-0.574166666666667,-0.553333333333333,-0.816666666666667,-0.986666666666667,-0.183333333333333
"90-2015-0-574",2017,2015,2.5,"ey","Captured",1,1,15.68,-0.921666666666667,-0.983333333333333,-1.73,-0.536666666666667,-0.11
"90-2015-0-574",2018,2015,3.5,"ey","Captured",1,1,15.91,-0.465,-1.89,-2.77666666666667,2.41333333333333,-0.356666666666667
"90-2015-0-574",2019,2015,4.5,"ey","Captured",1,1,19.32,-1.40833333333333,-0.516666666666667,-1.77,-2.95333333333333,1.45
"90-2015-0-574",2020,2015,5.5,"ey","Captured",1,1,19.09,-3.4025,-3.32,-3.52,-3.33,-3.37666666666667
"90-2015-0-574",2021,2015,6.5,"ey","Captured",1,1,21.14,-1.8125,-3.27666666666667,-0.343333333333333,-0.893333333333333,-3.17
"90-2015-0-574",2022,2015,7.5,"ey","Alive-Cuddy",1,0,16.36,-1.96083333333333,-3.23,-2.95666666666667,0.08,-2.33
"90-2015-0-575",2015,2015,0.5,"ey","Captured",1,1,45.45,1.83166666666667,2.94333333333333,3.56666666666667,0.42,0.223333333333333
"90-2015-0-575",2016,2015,1.5,"ey","not_detected",0,0,22.27,-0.574166666666667,-0.553333333333333,-0.816666666666667,-0.986666666666667,-0.183333333333333
"90-2015-0-575",2017,2015,2.5,"ey","not_detected",0,0,15.68,-0.921666666666667,-0.983333333333333,-1.73,-0.536666666666667,-0.11
"90-2015-0-575",2018,2015,3.5,"ey","not_detected",0,0,15.91,-0.465,-1.89,-2.77666666666667,2.41333333333333,-0.356666666666667
"90-2015-0-575",2019,2015,4.5,"ey","not_detected",0,0,19.32,-1.40833333333333,-0.516666666666667,-1.77,-2.95333333333333,1.45
"90-2015-0-575",2020,2015,5.5,"ey","not_detected",0,0,19.09,-3.4025,-3.32,-3.52,-3.33,-3.37666666666667
"90-2015-0-575",2021,2015,6.5,"ey","not_detected",0,0,21.14,-1.8125,-3.27666666666667,-0.343333333333333,-0.893333333333333,-3.17
"90-2015-0-575",2022,2015,7.5,"ey","not_detected",0,0,16.36,-1.96083333333333,-3.23,-2.95666666666667,0.08,-2.33
"90-2015-0-576",2015,2015,0.5,"ey","Captured",1,1,45.45,1.83166666666667,2.94333333333333,3.56666666666667,0.42,0.223333333333333
"90-2015-0-576",2016,2015,1.5,"ey","Captured",1,1,22.27,-0.574166666666667,-0.553333333333333,-0.816666666666667,-0.986666666666667,-0.183333333333333
"90-2015-0-576",2017,2015,2.5,"ey","Captured",1,1,15.68,-0.921666666666667,-0.983333333333333,-1.73,-0.536666666666667,-0.11
"90-2015-0-576",2018,2015,3.5,"ey","Captured",1,1,15.91,-0.465,-1.89,-2.77666666666667,2.41333333333333,-0.356666666666667
"90-2015-0-576",2019,2015,4.5,"ey","Alive-Cuddy",1,0,19.32,-1.40833333333333,-0.516666666666667,-1.77,-2.95333333333333,1.45
"90-2015-0-576",2020,2015,5.5,"ey","Alive-Cuddy",1,0,19.09,-3.4025,-3.32,-3.52,-3.33,-3.37666666666667
"90-2015-0-576",2021,2015,6.5,"ey","not_detected",0,0,21.14,-1.8125,-3.27666666666667,-0.343333333333333,-0.893333333333333,-3.17
"90-2015-0-576",2022,2015,7.5,"ey","not_detected",0,0,16.36,-1.96083333333333,-3.23,-2.95666666666667,0.08,-2.33
"90-2015-0-577",2015,2015,0.5,"ey","Captured",1,1,45.45,1.83166666666667,2.94333333333333,3.56666666666667,0.42,0.223333333333333
"90-2015-0-577",2016,2015,1.5,"ey","Alive-Cuddy",1,0,22.27,-0.574166666666667,-0.553333333333333,-0.816666666666667,-0.986666666666667,-0.183333333333333
"90-2015-0-577",2017,2015,2.5,"ey","Captured",1,1,15.68,-0.921666666666667,-0.983333333333333,-1.73,-0.536666666666667,-0.11
"90-2015-0-577",2018,2015,3.5,"ey","Captured",1,1,15.91,-0.465,-1.89,-2.77666666666667,2.41333333333333,-0.356666666666667
"90-2015-0-577",2019,2015,4.5,"ey","not_detected",0,0,19.32,-1.40833333333333,-0.516666666666667,-1.77,-2.95333333333333,1.45
"90-2015-0-577",2020,2015,5.5,"ey","not_detected",0,0,19.09,-3.4025,-3.32,-3.52,-3.33,-3.37666666666667
"90-2015-0-577",2021,2015,6.5,"ey","not_detected",0,0,21.14,-1.8125,-3.27666666666667,-0.343333333333333,-0.893333333333333,-3.17
"90-2015-0-577",2022,2015,7.5,"ey","not_detected",0,0,16.36,-1.96083333333333,-3.23,-2.95666666666667,0.08,-2.33
"90-2015-0-578",2015,2015,0.5,"ey","Captured",1,1,45.45,1.83166666666667,2.94333333333333,3.56666666666667,0.42,0.223333333333333
"90-2015-0-578",2016,2015,1.5,"ey","Captured",1,1,22.27,-0.574166666666667,-0.553333333333333,-0.816666666666667,-0.986666666666667,-0.183333333333333
"90-2015-0-578",2017,2015,2.5,"ey","Captured",1,1,15.68,-0.921666666666667,-0.983333333333333,-1.73,-0.536666666666667,-0.11
"90-2015-0-578",2018,2015,3.5,"ey","Captured",1,1,15.91,-0.465,-1.89,-2.77666666666667,2.41333333333333,-0.356666666666667
"90-2015-0-578",2019,2015,4.5,"ey","Captured",1,1,19.32,-1.40833333333333,-0.516666666666667,-1.77,-2.95333333333333,1.45
"90-2015-0-578",2020,2015,5.5,"ey","Captured",1,1,19.09,-3.4025,-3.32,-3.52,-3.33,-3.37666666666667
"90-2015-0-578",2021,2015,6.5,"ey","Captured",1,1,21.14,-1.8125,-3.27666666666667,-0.343333333333333,-0.893333333333333,-3.17
"90-2015-0-578",2022,2015,7.5,"ey","Captured",1,1,16.36,-1.96083333333333,-3.23,-2.95666666666667,0.08,-2.33
"90-2015-0-579",2015,2015,0.5,"ey","Captured",1,1,45.45,1.83166666666667,2.94333333333333,3.56666666666667,0.42,0.223333333333333
"90-2015-0-579",2016,2015,1.5,"ey","Captured",1,1,22.27,-0.574166666666667,-0.553333333333333,-0.816666666666667,-0.986666666666667,-0.183333333333333
"90-2015-0-579",2017,2015,2.5,"ey","Captured",1,1,15.68,-0.921666666666667,-0.983333333333333,-1.73,-0.536666666666667,-0.11
"90-2015-0-579",2018,2015,3.5,"ey","Captured",1,1,15.91,-0.465,-1.89,-2.77666666666667,2.41333333333333,-0.356666666666667
"90-2015-0-579",2019,2015,4.5,"ey","Captured",1,1,19.32,-1.40833333333333,-0.516666666666667,-1.77,-2.95333333333333,1.45
"90-2015-0-579",2020,2015,5.5,"ey","Captured",1,1,19.09,-3.4025,-3.32,-3.52,-3.33,-3.37666666666667
"90-2015-0-579",2021,2015,6.5,"ey","Captured",1,1,21.14,-1.8125,-3.27666666666667,-0.343333333333333,-0.893333333333333,-3.17
"90-2015-0-579",2022,2015,7.5,"ey","not_detected",0,0,16.36,-1.96083333333333,-3.23,-2.95666666666667,0.08,-2.33
"90-2015-0-580",2015,2015,0.5,"ey","Captured",1,1,45.45,1.83166666666667,2.94333333333333,3.56666666666667,0.42,0.223333333333333
"90-2015-0-580",2016,2015,1.5,"ey","Alive-Cuddy",1,0,22.27,-0.574166666666667,-0.553333333333333,-0.816666666666667,-0.986666666666667,-0.183333333333333
"90-2015-0-580",2017,2015,2.5,"ey","Captured",1,1,15.68,-0.921666666666667,-0.983333333333333,-1.73,-0.536666666666667,-0.11
"90-2015-0-580",2018,2015,3.5,"ey","Captured",1,1,15.91,-0.465,-1.89,-2.77666666666667,2.41333333333333,-0.356666666666667
"90-2015-0-580",2019,2015,4.5,"ey","Captured",1,1,19.32,-1.40833333333333,-0.516666666666667,-1.77,-2.95333333333333,1.45
"90-2015-0-580",2020,2015,5.5,"ey","Captured",1,1,19.09,-3.4025,-3.32,-3.52,-3.33,-3.37666666666667
"90-2015-0-580",2021,2015,6.5,"ey","Captured",1,1,21.14,-1.8125,-3.27666666666667,-0.343333333333333,-0.893333333333333,-3.17
"90-2015-0-580",2022,2015,7.5,"ey","Captured",1,1,16.36,-1.96083333333333,-3.23,-2.95666666666667,0.08,-2.33
"90-2015-0-581",2015,2015,0.5,"ey","Captured",1,1,45.45,1.83166666666667,2.94333333333333,3.56666666666667,0.42,0.223333333333333
"90-2015-0-581",2016,2015,1.5,"ey","Captured",1,1,22.27,-0.574166666666667,-0.553333333333333,-0.816666666666667,-0.986666666666667,-0.183333333333333
"90-2015-0-581",2017,2015,2.5,"ey","Captured",1,1,15.68,-0.921666666666667,-0.983333333333333,-1.73,-0.536666666666667,-0.11
"90-2015-0-581",2018,2015,3.5,"ey","Captured",1,1,15.91,-0.465,-1.89,-2.77666666666667,2.41333333333333,-0.356666666666667
"90-2015-0-581",2019,2015,4.5,"ey","Captured",1,1,19.32,-1.40833333333333,-0.516666666666667,-1.77,-2.95333333333333,1.45
"90-2015-0-581",2020,2015,5.5,"ey","Alive-Cuddy",1,0,19.09,-3.4025,-3.32,-3.52,-3.33,-3.37666666666667
"90-2015-0-581",2021,2015,6.5,"ey","Captured",1,1,21.14,-1.8125,-3.27666666666667,-0.343333333333333,-0.893333333333333,-3.17
"90-2015-0-581",2022,2015,7.5,"ey","not_detected",0,0,16.36,-1.96083333333333,-3.23,-2.95666666666667,0.08,-2.33
"90-2016-0-658",2016,2016,0.5,"ey","Captured",1,1,22.27,-0.574166666666667,-0.553333333333333,-0.816666666666667,-0.986666666666667,-0.183333333333333
"90-2016-0-658",2017,2016,1.5,"ey","Captured",1,1,15.68,-0.921666666666667,-0.983333333333333,-1.73,-0.536666666666667,-0.11
"90-2016-0-658",2018,2016,2.5,"ey","Captured",1,1,15.91,-0.465,-1.89,-2.77666666666667,2.41333333333333,-0.356666666666667
"90-2016-0-658",2019,2016,3.5,"ey","Captured",1,1,19.32,-1.40833333333333,-0.516666666666667,-1.77,-2.95333333333333,1.45
"90-2016-0-658",2020,2016,4.5,"ey","not_detected",0,0,19.09,-3.4025,-3.32,-3.52,-3.33,-3.37666666666667
"90-2016-0-658",2021,2016,5.5,"ey","Captured",1,1,21.14,-1.8125,-3.27666666666667,-0.343333333333333,-0.893333333333333,-3.17
"90-2016-0-658",2022,2016,6.5,"ey","Captured",1,1,16.36,-1.96083333333333,-3.23,-2.95666666666667,0.08,-2.33
"90-2016-0-659",2016,2016,0.5,"ey","Captured",1,1,22.27,-0.574166666666667,-0.553333333333333,-0.816666666666667,-0.986666666666667,-0.183333333333333
"90-2016-0-659",2017,2016,1.5,"ey","Captured",1,1,15.68,-0.921666666666667,-0.983333333333333,-1.73,-0.536666666666667,-0.11
"90-2016-0-659",2018,2016,2.5,"ey","Captured",1,1,15.91,-0.465,-1.89,-2.77666666666667,2.41333333333333,-0.356666666666667
"90-2016-0-659",2019,2016,3.5,"ey","Captured",1,1,19.32,-1.40833333333333,-0.516666666666667,-1.77,-2.95333333333333,1.45
"90-2016-0-659",2020,2016,4.5,"ey","Captured",1,1,19.09,-3.4025,-3.32,-3.52,-3.33,-3.37666666666667
"90-2016-0-659",2021,2016,5.5,"ey","Captured",1,1,21.14,-1.8125,-3.27666666666667,-0.343333333333333,-0.893333333333333,-3.17
"90-2016-0-659",2022,2016,6.5,"ey","Captured",1,1,16.36,-1.96083333333333,-3.23,-2.95666666666667,0.08,-2.33
"90-2016-0-660",2016,2016,0.5,"ey","Captured",1,1,22.27,-0.574166666666667,-0.553333333333333,-0.816666666666667,-0.986666666666667,-0.183333333333333
"90-2016-0-660",2017,2016,1.5,"ey","not_detected",0,0,15.68,-0.921666666666667,-0.983333333333333,-1.73,-0.536666666666667,-0.11
"90-2016-0-660",2018,2016,2.5,"ey","not_detected",0,0,15.91,-0.465,-1.89,-2.77666666666667,2.41333333333333,-0.356666666666667
"90-2016-0-660",2019,2016,3.5,"ey","not_detected",0,0,19.32,-1.40833333333333,-0.516666666666667,-1.77,-2.95333333333333,1.45
"90-2016-0-660",2020,2016,4.5,"ey","not_detected",0,0,19.09,-3.4025,-3.32,-3.52,-3.33,-3.37666666666667
"90-2016-0-660",2021,2016,5.5,"ey","not_detected",0,0,21.14,-1.8125,-3.27666666666667,-0.343333333333333,-0.893333333333333,-3.17
"90-2016-0-660",2022,2016,6.5,"ey","not_detected",0,0,16.36,-1.96083333333333,-3.23,-2.95666666666667,0.08,-2.33
"90-2016-0-661",2016,2016,0.5,"ey","Captured",1,1,22.27,-0.574166666666667,-0.553333333333333,-0.816666666666667,-0.986666666666667,-0.183333333333333
"90-2016-0-661",2017,2016,1.5,"ey","Captured",1,1,15.68,-0.921666666666667,-0.983333333333333,-1.73,-0.536666666666667,-0.11
"90-2016-0-661",2018,2016,2.5,"ey","Captured",1,1,15.91,-0.465,-1.89,-2.77666666666667,2.41333333333333,-0.356666666666667
"90-2016-0-661",2019,2016,3.5,"ey","Captured",1,1,19.32,-1.40833333333333,-0.516666666666667,-1.77,-2.95333333333333,1.45
"90-2016-0-661",2020,2016,4.5,"ey","Captured",1,1,19.09,-3.4025,-3.32,-3.52,-3.33,-3.37666666666667
"90-2016-0-661",2021,2016,5.5,"ey","Captured",1,1,21.14,-1.8125,-3.27666666666667,-0.343333333333333,-0.893333333333333,-3.17
"90-2016-0-661",2022,2016,6.5,"ey","Captured",1,1,16.36,-1.96083333333333,-3.23,-2.95666666666667,0.08,-2.33
"90-2016-0-662",2016,2016,0.5,"ey","Captured",1,1,22.27,-0.574166666666667,-0.553333333333333,-0.816666666666667,-0.986666666666667,-0.183333333333333
"90-2016-0-662",2017,2016,1.5,"ey","Captured",1,1,15.68,-0.921666666666667,-0.983333333333333,-1.73,-0.536666666666667,-0.11
"90-2016-0-662",2018,2016,2.5,"ey","Captured",1,1,15.91,-0.465,-1.89,-2.77666666666667,2.41333333333333,-0.356666666666667
"90-2016-0-662",2019,2016,3.5,"ey","Captured",1,1,19.32,-1.40833333333333,-0.516666666666667,-1.77,-2.95333333333333,1.45
"90-2016-0-662",2020,2016,4.5,"ey","Captured",1,1,19.09,-3.4025,-3.32,-3.52,-3.33,-3.37666666666667
"90-2016-0-662",2021,2016,5.5,"ey","Nat Mortality",2,2,21.14,-1.8125,-3.27666666666667,-0.343333333333333,-0.893333333333333,-3.17
"90-2016-0-662",2022,2016,6.5,"ey","not_detected",0,0,16.36,-1.96083333333333,-3.23,-2.95666666666667,0.08,-2.33
"90-2016-0-663",2016,2016,0.5,"ey","Captured",1,1,22.27,-0.574166666666667,-0.553333333333333,-0.816666666666667,-0.986666666666667,-0.183333333333333
"90-2016-0-663",2017,2016,1.5,"ey","Alive-Cuddy",1,0,15.68,-0.921666666666667,-0.983333333333333,-1.73,-0.536666666666667,-0.11
"90-2016-0-663",2018,2016,2.5,"ey","Captured",1,1,15.91,-0.465,-1.89,-2.77666666666667,2.41333333333333,-0.356666666666667
"90-2016-0-663",2019,2016,3.5,"ey","Captured",1,1,19.32,-1.40833333333333,-0.516666666666667,-1.77,-2.95333333333333,1.45
"90-2016-0-663",2020,2016,4.5,"ey","not_detected",0,0,19.09,-3.4025,-3.32,-3.52,-3.33,-3.37666666666667
"90-2016-0-663",2021,2016,5.5,"ey","not_detected",0,0,21.14,-1.8125,-3.27666666666667,-0.343333333333333,-0.893333333333333,-3.17
"90-2016-0-663",2022,2016,6.5,"ey","not_detected",0,0,16.36,-1.96083333333333,-3.23,-2.95666666666667,0.08,-2.33
"90-2016-0-664",2016,2016,0.5,"ey","Captured",1,1,22.27,-0.574166666666667,-0.553333333333333,-0.816666666666667,-0.986666666666667,-0.183333333333333
"90-2016-0-664",2017,2016,1.5,"ey","Captured",1,1,15.68,-0.921666666666667,-0.983333333333333,-1.73,-0.536666666666667,-0.11
"90-2016-0-664",2018,2016,2.5,"ey","Captured",1,1,15.91,-0.465,-1.89,-2.77666666666667,2.41333333333333,-0.356666666666667
"90-2016-0-664",2019,2016,3.5,"ey","Captured",1,1,19.32,-1.40833333333333,-0.516666666666667,-1.77,-2.95333333333333,1.45
"90-2016-0-664",2020,2016,4.5,"ey","Captured",1,1,19.09,-3.4025,-3.32,-3.52,-3.33,-3.37666666666667
"90-2016-0-664",2021,2016,5.5,"ey","Captured",1,1,21.14,-1.8125,-3.27666666666667,-0.343333333333333,-0.893333333333333,-3.17
"90-2016-0-664",2022,2016,6.5,"ey","Captured",1,1,16.36,-1.96083333333333,-3.23,-2.95666666666667,0.08,-2.33
"90-2016-0-665",2016,2016,0.5,"ey","Captured",1,1,22.27,-0.574166666666667,-0.553333333333333,-0.816666666666667,-0.986666666666667,-0.183333333333333
"90-2016-0-665",2017,2016,1.5,"ey","Alive-Cuddy",1,0,15.68,-0.921666666666667,-0.983333333333333,-1.73,-0.536666666666667,-0.11
"90-2016-0-665",2018,2016,2.5,"ey","Captured",1,1,15.91,-0.465,-1.89,-2.77666666666667,2.41333333333333,-0.356666666666667
"90-2016-0-665",2019,2016,3.5,"ey","Captured",1,1,19.32,-1.40833333333333,-0.516666666666667,-1.77,-2.95333333333333,1.45
"90-2016-0-665",2020,2016,4.5,"ey","Captured",1,1,19.09,-3.4025,-3.32,-3.52,-3.33,-3.37666666666667
"90-2016-0-665",2021,2016,5.5,"ey","Captured",1,1,21.14,-1.8125,-3.27666666666667,-0.343333333333333,-0.893333333333333,-3.17
"90-2016-0-665",2022,2016,6.5,"ey","Captured",1,1,16.36,-1.96083333333333,-3.23,-2.95666666666667,0.08,-2.33
"90-2016-0-666",2016,2016,0.5,"ey","Captured",1,1,22.27,-0.574166666666667,-0.553333333333333,-0.816666666666667,-0.986666666666667,-0.183333333333333
"90-2016-0-666",2017,2016,1.5,"ey","Captured",1,1,15.68,-0.921666666666667,-0.983333333333333,-1.73,-0.536666666666667,-0.11
"90-2016-0-666",2018,2016,2.5,"ey","Captured",1,1,15.91,-0.465,-1.89,-2.77666666666667,2.41333333333333,-0.356666666666667
"90-2016-0-666",2019,2016,3.5,"ey","Captured",1,1,19.32,-1.40833333333333,-0.516666666666667,-1.77,-2.95333333333333,1.45
"90-2016-0-666",2020,2016,4.5,"ey","Captured",1,1,19.09,-3.4025,-3.32,-3.52,-3.33,-3.37666666666667
"90-2016-0-666",2021,2016,5.5,"ey","Captured",1,1,21.14,-1.8125,-3.27666666666667,-0.343333333333333,-0.893333333333333,-3.17
"90-2016-0-666",2022,2016,6.5,"ey","Captured",1,1,16.36,-1.96083333333333,-3.23,-2.95666666666667,0.08,-2.33
"90-2016-0-667",2016,2016,0.5,"ey","Captured",1,1,22.27,-0.574166666666667,-0.553333333333333,-0.816666666666667,-0.986666666666667,-0.183333333333333
"90-2016-0-667",2017,2016,1.5,"ey","Captured",1,1,15.68,-0.921666666666667,-0.983333333333333,-1.73,-0.536666666666667,-0.11
"90-2016-0-667",2018,2016,2.5,"ey","Captured",1,1,15.91,-0.465,-1.89,-2.77666666666667,2.41333333333333,-0.356666666666667
"90-2016-0-667",2019,2016,3.5,"ey","Captured",1,1,19.32,-1.40833333333333,-0.516666666666667,-1.77,-2.95333333333333,1.45
"90-2016-0-667",2020,2016,4.5,"ey","Captured",1,1,19.09,-3.4025,-3.32,-3.52,-3.33,-3.37666666666667
"90-2016-0-667",2021,2016,5.5,"ey","Captured",1,1,21.14,-1.8125,-3.27666666666667,-0.343333333333333,-0.893333333333333,-3.17
"90-2016-0-667",2022,2016,6.5,"ey","Captured",1,1,16.36,-1.96083333333333,-3.23,-2.95666666666667,0.08,-2.33
"90-2016-0-668",2016,2016,0.5,"ey","Captured",1,1,22.27,-0.574166666666667,-0.553333333333333,-0.816666666666667,-0.986666666666667,-0.183333333333333
"90-2016-0-668",2017,2016,1.5,"ey","not_detected",0,0,15.68,-0.921666666666667,-0.983333333333333,-1.73,-0.536666666666667,-0.11
"90-2016-0-668",2018,2016,2.5,"ey","not_detected",0,0,15.91,-0.465,-1.89,-2.77666666666667,2.41333333333333,-0.356666666666667
"90-2016-0-668",2019,2016,3.5,"ey","not_detected",0,0,19.32,-1.40833333333333,-0.516666666666667,-1.77,-2.95333333333333,1.45
"90-2016-0-668",2020,2016,4.5,"ey","Alive-Cuddy",1,0,19.09,-3.4025,-3.32,-3.52,-3.33,-3.37666666666667
"90-2016-0-668",2021,2016,5.5,"ey","not_detected",0,0,21.14,-1.8125,-3.27666666666667,-0.343333333333333,-0.893333333333333,-3.17
"90-2016-0-668",2022,2016,6.5,"ey","not_detected",0,0,16.36,-1.96083333333333,-3.23,-2.95666666666667,0.08,-2.33
"90-2016-0-669",2016,2016,0.5,"ey","Captured",1,1,22.27,-0.574166666666667,-0.553333333333333,-0.816666666666667,-0.986666666666667,-0.183333333333333
"90-2016-0-669",2017,2016,1.5,"ey","Captured",1,1,15.68,-0.921666666666667,-0.983333333333333,-1.73,-0.536666666666667,-0.11
"90-2016-0-669",2018,2016,2.5,"ey","Captured",1,1,15.91,-0.465,-1.89,-2.77666666666667,2.41333333333333,-0.356666666666667
"90-2016-0-669",2019,2016,3.5,"ey","Dead-Capture",2,2,19.32,-1.40833333333333,-0.516666666666667,-1.77,-2.95333333333333,1.45
"90-2016-0-669",2020,2016,4.5,"ey","not_detected",0,0,19.09,-3.4025,-3.32,-3.52,-3.33,-3.37666666666667
"90-2016-0-669",2021,2016,5.5,"ey","not_detected",0,0,21.14,-1.8125,-3.27666666666667,-0.343333333333333,-0.893333333333333,-3.17
"90-2016-0-669",2022,2016,6.5,"ey","not_detected",0,0,16.36,-1.96083333333333,-3.23,-2.95666666666667,0.08,-2.33
"90-2016-0-670",2016,2016,0.5,"ey","Captured",1,1,22.27,-0.574166666666667,-0.553333333333333,-0.816666666666667,-0.986666666666667,-0.183333333333333
"90-2016-0-670",2017,2016,1.5,"ey","Captured",1,1,15.68,-0.921666666666667,-0.983333333333333,-1.73,-0.536666666666667,-0.11
"90-2016-0-670",2018,2016,2.5,"ey","Captured",1,1,15.91,-0.465,-1.89,-2.77666666666667,2.41333333333333,-0.356666666666667
"90-2016-0-670",2019,2016,3.5,"ey","not_detected",0,0,19.32,-1.40833333333333,-0.516666666666667,-1.77,-2.95333333333333,1.45
"90-2016-0-670",2020,2016,4.5,"ey","Captured",1,1,19.09,-3.4025,-3.32,-3.52,-3.33,-3.37666666666667
"90-2016-0-670",2021,2016,5.5,"ey","Alive-Cuddy",1,0,21.14,-1.8125,-3.27666666666667,-0.343333333333333,-0.893333333333333,-3.17
"90-2016-0-670",2022,2016,6.5,"ey","not_detected",0,0,16.36,-1.96083333333333,-3.23,-2.95666666666667,0.08,-2.33
"90-2016-0-671",2016,2016,0.5,"ey","Captured",1,1,22.27,-0.574166666666667,-0.553333333333333,-0.816666666666667,-0.986666666666667,-0.183333333333333
"90-2016-0-671",2017,2016,1.5,"ey","Alive-Cuddy",1,0,15.68,-0.921666666666667,-0.983333333333333,-1.73,-0.536666666666667,-0.11
"90-2016-0-671",2018,2016,2.5,"ey","Captured",1,1,15.91,-0.465,-1.89,-2.77666666666667,2.41333333333333,-0.356666666666667
"90-2016-0-671",2019,2016,3.5,"ey","Captured",1,1,19.32,-1.40833333333333,-0.516666666666667,-1.77,-2.95333333333333,1.45
"90-2016-0-671",2020,2016,4.5,"ey","Captured",1,1,19.09,-3.4025,-3.32,-3.52,-3.33,-3.37666666666667
"90-2016-0-671",2021,2016,5.5,"ey","not_detected",0,0,21.14,-1.8125,-3.27666666666667,-0.343333333333333,-0.893333333333333,-3.17
"90-2016-0-671",2022,2016,6.5,"ey","Captured",1,1,16.36,-1.96083333333333,-3.23,-2.95666666666667,0.08,-2.33
"90-2016-0-672",2016,2016,0.5,"ey","Captured",1,1,22.27,-0.574166666666667,-0.553333333333333,-0.816666666666667,-0.986666666666667,-0.183333333333333
"90-2016-0-672",2017,2016,1.5,"ey","Alive-Cuddy",1,0,15.68,-0.921666666666667,-0.983333333333333,-1.73,-0.536666666666667,-0.11
"90-2016-0-672",2018,2016,2.5,"ey","Captured",1,1,15.91,-0.465,-1.89,-2.77666666666667,2.41333333333333,-0.356666666666667
"90-2016-0-672",2019,2016,3.5,"ey","Captured",1,1,19.32,-1.40833333333333,-0.516666666666667,-1.77,-2.95333333333333,1.45
"90-2016-0-672",2020,2016,4.5,"ey","Captured",1,1,19.09,-3.4025,-3.32,-3.52,-3.33,-3.37666666666667
"90-2016-0-672",2021,2016,5.5,"ey","Captured",1,1,21.14,-1.8125,-3.27666666666667,-0.343333333333333,-0.893333333333333,-3.17
"90-2016-0-672",2022,2016,6.5,"ey","Captured",1,1,16.36,-1.96083333333333,-3.23,-2.95666666666667,0.08,-2.33
"90-2017-0-776",2017,2017,0.5,"ey","Captured",1,1,15.68,-0.921666666666667,-0.983333333333333,-1.73,-0.536666666666667,-0.11
"90-2017-0-776",2018,2017,1.5,"ey","Captured",1,1,15.91,-0.465,-1.89,-2.77666666666667,2.41333333333333,-0.356666666666667
"90-2017-0-776",2019,2017,2.5,"ey","Captured",1,1,19.32,-1.40833333333333,-0.516666666666667,-1.77,-2.95333333333333,1.45
"90-2017-0-776",2020,2017,3.5,"ey","Alive-Cuddy",1,0,19.09,-3.4025,-3.32,-3.52,-3.33,-3.37666666666667
"90-2017-0-776",2021,2017,4.5,"ey","Captured",1,1,21.14,-1.8125,-3.27666666666667,-0.343333333333333,-0.893333333333333,-3.17
"90-2017-0-776",2022,2017,5.5,"ey","Captured",1,1,16.36,-1.96083333333333,-3.23,-2.95666666666667,0.08,-2.33
"90-2017-0-777",2017,2017,0.5,"ey","Captured",1,1,15.68,-0.921666666666667,-0.983333333333333,-1.73,-0.536666666666667,-0.11
"90-2017-0-777",2018,2017,1.5,"ey","Captured",1,1,15.91,-0.465,-1.89,-2.77666666666667,2.41333333333333,-0.356666666666667
"90-2017-0-777",2019,2017,2.5,"ey","Captured",1,1,19.32,-1.40833333333333,-0.516666666666667,-1.77,-2.95333333333333,1.45
"90-2017-0-777",2020,2017,3.5,"ey","Captured",1,1,19.09,-3.4025,-3.32,-3.52,-3.33,-3.37666666666667
"90-2017-0-777",2021,2017,4.5,"ey","Captured",1,1,21.14,-1.8125,-3.27666666666667,-0.343333333333333,-0.893333333333333,-3.17
"90-2017-0-777",2022,2017,5.5,"ey","Captured",1,1,16.36,-1.96083333333333,-3.23,-2.95666666666667,0.08,-2.33
"90-2017-0-778",2017,2017,0.5,"ey","Captured",1,1,15.68,-0.921666666666667,-0.983333333333333,-1.73,-0.536666666666667,-0.11
"90-2017-0-778",2018,2017,1.5,"ey","Captured",1,1,15.91,-0.465,-1.89,-2.77666666666667,2.41333333333333,-0.356666666666667
"90-2017-0-778",2019,2017,2.5,"ey","Captured",1,1,19.32,-1.40833333333333,-0.516666666666667,-1.77,-2.95333333333333,1.45
"90-2017-0-778",2020,2017,3.5,"ey","Captured",1,1,19.09,-3.4025,-3.32,-3.52,-3.33,-3.37666666666667
"90-2017-0-778",2021,2017,4.5,"ey","Captured",1,1,21.14,-1.8125,-3.27666666666667,-0.343333333333333,-0.893333333333333,-3.17
"90-2017-0-778",2022,2017,5.5,"ey","Captured",1,1,16.36,-1.96083333333333,-3.23,-2.95666666666667,0.08,-2.33
"90-2017-0-779",2017,2017,0.5,"ey","Captured",1,1,15.68,-0.921666666666667,-0.983333333333333,-1.73,-0.536666666666667,-0.11
"90-2017-0-779",2018,2017,1.5,"ey","Captured",1,1,15.91,-0.465,-1.89,-2.77666666666667,2.41333333333333,-0.356666666666667
"90-2017-0-779",2019,2017,2.5,"ey","Captured",1,1,19.32,-1.40833333333333,-0.516666666666667,-1.77,-2.95333333333333,1.45
"90-2017-0-779",2020,2017,3.5,"ey","Captured",1,1,19.09,-3.4025,-3.32,-3.52,-3.33,-3.37666666666667
"90-2017-0-779",2021,2017,4.5,"ey","Captured",1,1,21.14,-1.8125,-3.27666666666667,-0.343333333333333,-0.893333333333333,-3.17
"90-2017-0-779",2022,2017,5.5,"ey","Captured",1,1,16.36,-1.96083333333333,-3.23,-2.95666666666667,0.08,-2.33
"90-2017-0-780",2017,2017,0.5,"ey","Captured",1,1,15.68,-0.921666666666667,-0.983333333333333,-1.73,-0.536666666666667,-0.11
"90-2017-0-780",2018,2017,1.5,"ey","Captured",1,1,15.91,-0.465,-1.89,-2.77666666666667,2.41333333333333,-0.356666666666667
"90-2017-0-780",2019,2017,2.5,"ey","Captured",1,1,19.32,-1.40833333333333,-0.516666666666667,-1.77,-2.95333333333333,1.45
"90-2017-0-780",2020,2017,3.5,"ey","Captured",1,1,19.09,-3.4025,-3.32,-3.52,-3.33,-3.37666666666667
"90-2017-0-780",2021,2017,4.5,"ey","Captured",1,1,21.14,-1.8125,-3.27666666666667,-0.343333333333333,-0.893333333333333,-3.17
"90-2017-0-780",2022,2017,5.5,"ey","Captured",1,1,16.36,-1.96083333333333,-3.23,-2.95666666666667,0.08,-2.33
"90-2017-0-781",2017,2017,0.5,"ey","Captured",1,1,15.68,-0.921666666666667,-0.983333333333333,-1.73,-0.536666666666667,-0.11
"90-2017-0-781",2018,2017,1.5,"ey","Captured",1,1,15.91,-0.465,-1.89,-2.77666666666667,2.41333333333333,-0.356666666666667
"90-2017-0-781",2019,2017,2.5,"ey","Captured",1,1,19.32,-1.40833333333333,-0.516666666666667,-1.77,-2.95333333333333,1.45
"90-2017-0-781",2020,2017,3.5,"ey","Captured",1,1,19.09,-3.4025,-3.32,-3.52,-3.33,-3.37666666666667
"90-2017-0-781",2021,2017,4.5,"ey","Captured",1,1,21.14,-1.8125,-3.27666666666667,-0.343333333333333,-0.893333333333333,-3.17
"90-2017-0-781",2022,2017,5.5,"ey","Captured",1,1,16.36,-1.96083333333333,-3.23,-2.95666666666667,0.08,-2.33
"90-2017-0-782",2017,2017,0.5,"ey","Captured",1,1,15.68,-0.921666666666667,-0.983333333333333,-1.73,-0.536666666666667,-0.11
"90-2017-0-782",2018,2017,1.5,"ey","Captured",1,1,15.91,-0.465,-1.89,-2.77666666666667,2.41333333333333,-0.356666666666667
"90-2017-0-782",2019,2017,2.5,"ey","Captured",1,1,19.32,-1.40833333333333,-0.516666666666667,-1.77,-2.95333333333333,1.45
"90-2017-0-782",2020,2017,3.5,"ey","Captured",1,1,19.09,-3.4025,-3.32,-3.52,-3.33,-3.37666666666667
"90-2017-0-782",2021,2017,4.5,"ey","Captured",1,1,21.14,-1.8125,-3.27666666666667,-0.343333333333333,-0.893333333333333,-3.17
"90-2017-0-782",2022,2017,5.5,"ey","Captured",1,1,16.36,-1.96083333333333,-3.23,-2.95666666666667,0.08,-2.33
"90-2017-0-783",2017,2017,0.5,"ey","Captured",1,1,15.68,-0.921666666666667,-0.983333333333333,-1.73,-0.536666666666667,-0.11
"90-2017-0-783",2018,2017,1.5,"ey","Captured",1,1,15.91,-0.465,-1.89,-2.77666666666667,2.41333333333333,-0.356666666666667
"90-2017-0-783",2019,2017,2.5,"ey","Alive-Cuddy",1,0,19.32,-1.40833333333333,-0.516666666666667,-1.77,-2.95333333333333,1.45
"90-2017-0-783",2020,2017,3.5,"ey","Captured",1,1,19.09,-3.4025,-3.32,-3.52,-3.33,-3.37666666666667
"90-2017-0-783",2021,2017,4.5,"ey","Captured",1,1,21.14,-1.8125,-3.27666666666667,-0.343333333333333,-0.893333333333333,-3.17
"90-2017-0-783",2022,2017,5.5,"ey","Captured",1,1,16.36,-1.96083333333333,-3.23,-2.95666666666667,0.08,-2.33
"90-2017-0-784",2017,2017,0.5,"ey","Captured",1,1,15.68,-0.921666666666667,-0.983333333333333,-1.73,-0.536666666666667,-0.11
"90-2017-0-784",2018,2017,1.5,"ey","Captured",1,1,15.91,-0.465,-1.89,-2.77666666666667,2.41333333333333,-0.356666666666667
"90-2017-0-784",2019,2017,2.5,"ey","Captured",1,1,19.32,-1.40833333333333,-0.516666666666667,-1.77,-2.95333333333333,1.45
"90-2017-0-784",2020,2017,3.5,"ey","Captured",1,1,19.09,-3.4025,-3.32,-3.52,-3.33,-3.37666666666667
"90-2017-0-784",2021,2017,4.5,"ey","Captured",1,1,21.14,-1.8125,-3.27666666666667,-0.343333333333333,-0.893333333333333,-3.17
"90-2017-0-784",2022,2017,5.5,"ey","Captured",1,1,16.36,-1.96083333333333,-3.23,-2.95666666666667,0.08,-2.33
"90-2017-0-785",2017,2017,0.5,"ey","Captured",1,1,15.68,-0.921666666666667,-0.983333333333333,-1.73,-0.536666666666667,-0.11
"90-2017-0-785",2018,2017,1.5,"ey","Captured",1,1,15.91,-0.465,-1.89,-2.77666666666667,2.41333333333333,-0.356666666666667
"90-2017-0-785",2019,2017,2.5,"ey","Captured",1,1,19.32,-1.40833333333333,-0.516666666666667,-1.77,-2.95333333333333,1.45
"90-2017-0-785",2020,2017,3.5,"ey","Harvested",2,2,19.09,-3.4025,-3.32,-3.52,-3.33,-3.37666666666667
"90-2017-0-785",2021,2017,4.5,"ey","not_detected",0,0,21.14,-1.8125,-3.27666666666667,-0.343333333333333,-0.893333333333333,-3.17
"90-2017-0-785",2022,2017,5.5,"ey","not_detected",0,0,16.36,-1.96083333333333,-3.23,-2.95666666666667,0.08,-2.33
"90-2017-0-786",2017,2017,0.5,"ey","Captured",1,1,15.68,-0.921666666666667,-0.983333333333333,-1.73,-0.536666666666667,-0.11
"90-2017-0-786",2018,2017,1.5,"ey","Captured",1,1,15.91,-0.465,-1.89,-2.77666666666667,2.41333333333333,-0.356666666666667
"90-2017-0-786",2019,2017,2.5,"ey","Captured",1,1,19.32,-1.40833333333333,-0.516666666666667,-1.77,-2.95333333333333,1.45
"90-2017-0-786",2020,2017,3.5,"ey","Captured",1,1,19.09,-3.4025,-3.32,-3.52,-3.33,-3.37666666666667
"90-2017-0-786",2021,2017,4.5,"ey","Captured",1,1,21.14,-1.8125,-3.27666666666667,-0.343333333333333,-0.893333333333333,-3.17
"90-2017-0-786",2022,2017,5.5,"ey","Dead-Capture",2,2,16.36,-1.96083333333333,-3.23,-2.95666666666667,0.08,-2.33
"90-2017-0-787",2017,2017,0.5,"ey","Captured",1,1,15.68,-0.921666666666667,-0.983333333333333,-1.73,-0.536666666666667,-0.11
"90-2017-0-787",2018,2017,1.5,"ey","Captured",1,1,15.91,-0.465,-1.89,-2.77666666666667,2.41333333333333,-0.356666666666667
"90-2017-0-787",2019,2017,2.5,"ey","Captured",1,1,19.32,-1.40833333333333,-0.516666666666667,-1.77,-2.95333333333333,1.45
"90-2017-0-787",2020,2017,3.5,"ey","Captured",1,1,19.09,-3.4025,-3.32,-3.52,-3.33,-3.37666666666667
"90-2017-0-787",2021,2017,4.5,"ey","Captured",1,1,21.14,-1.8125,-3.27666666666667,-0.343333333333333,-0.893333333333333,-3.17
"90-2017-0-787",2022,2017,5.5,"ey","Captured",1,1,16.36,-1.96083333333333,-3.23,-2.95666666666667,0.08,-2.33
"90-2018-0-851",2018,2018,0.5,"ey","Captured",1,1,15.91,-0.465,-1.89,-2.77666666666667,2.41333333333333,-0.356666666666667
"90-2018-0-851",2019,2018,1.5,"ey","Captured",1,1,19.32,-1.40833333333333,-0.516666666666667,-1.77,-2.95333333333333,1.45
"90-2018-0-851",2020,2018,2.5,"ey","Captured",1,1,19.09,-3.4025,-3.32,-3.52,-3.33,-3.37666666666667
"90-2018-0-851",2021,2018,3.5,"ey","Captured",1,1,21.14,-1.8125,-3.27666666666667,-0.343333333333333,-0.893333333333333,-3.17
"90-2018-0-851",2022,2018,4.5,"ey","Alive-Cuddy",1,0,16.36,-1.96083333333333,-3.23,-2.95666666666667,0.08,-2.33
"90-2018-0-852",2018,2018,0.5,"ey","Captured",1,1,15.91,-0.465,-1.89,-2.77666666666667,2.41333333333333,-0.356666666666667
"90-2018-0-852",2019,2018,1.5,"ey","Captured",1,1,19.32,-1.40833333333333,-0.516666666666667,-1.77,-2.95333333333333,1.45
"90-2018-0-852",2020,2018,2.5,"ey","Captured",1,1,19.09,-3.4025,-3.32,-3.52,-3.33,-3.37666666666667
"90-2018-0-852",2021,2018,3.5,"ey","Captured",1,1,21.14,-1.8125,-3.27666666666667,-0.343333333333333,-0.893333333333333,-3.17
"90-2018-0-852",2022,2018,4.5,"ey","Captured",1,1,16.36,-1.96083333333333,-3.23,-2.95666666666667,0.08,-2.33
"90-2018-0-853",2018,2018,0.5,"ey","Captured",1,1,15.91,-0.465,-1.89,-2.77666666666667,2.41333333333333,-0.356666666666667
"90-2018-0-853",2019,2018,1.5,"ey","Captured",1,1,19.32,-1.40833333333333,-0.516666666666667,-1.77,-2.95333333333333,1.45
"90-2018-0-853",2020,2018,2.5,"ey","Captured",1,1,19.09,-3.4025,-3.32,-3.52,-3.33,-3.37666666666667
"90-2018-0-853",2021,2018,3.5,"ey","Captured",1,1,21.14,-1.8125,-3.27666666666667,-0.343333333333333,-0.893333333333333,-3.17
"90-2018-0-853",2022,2018,4.5,"ey","Captured",1,1,16.36,-1.96083333333333,-3.23,-2.95666666666667,0.08,-2.33
"90-2018-0-854",2018,2018,0.5,"ey","Captured",1,1,15.91,-0.465,-1.89,-2.77666666666667,2.41333333333333,-0.356666666666667
"90-2018-0-854",2019,2018,1.5,"ey","Captured",1,1,19.32,-1.40833333333333,-0.516666666666667,-1.77,-2.95333333333333,1.45
"90-2018-0-854",2020,2018,2.5,"ey","Captured",1,1,19.09,-3.4025,-3.32,-3.52,-3.33,-3.37666666666667
"90-2018-0-854",2021,2018,3.5,"ey","Captured",1,1,21.14,-1.8125,-3.27666666666667,-0.343333333333333,-0.893333333333333,-3.17
"90-2018-0-854",2022,2018,4.5,"ey","Alive-Cuddy",1,0,16.36,-1.96083333333333,-3.23,-2.95666666666667,0.08,-2.33
"90-2018-0-855",2018,2018,0.5,"ey","Captured",1,1,15.91,-0.465,-1.89,-2.77666666666667,2.41333333333333,-0.356666666666667
"90-2018-0-855",2019,2018,1.5,"ey","Captured",1,1,19.32,-1.40833333333333,-0.516666666666667,-1.77,-2.95333333333333,1.45
"90-2018-0-855",2020,2018,2.5,"ey","Captured",1,1,19.09,-3.4025,-3.32,-3.52,-3.33,-3.37666666666667
"90-2018-0-855",2021,2018,3.5,"ey","Captured",1,1,21.14,-1.8125,-3.27666666666667,-0.343333333333333,-0.893333333333333,-3.17
"90-2018-0-855",2022,2018,4.5,"ey","Captured",1,1,16.36,-1.96083333333333,-3.23,-2.95666666666667,0.08,-2.33
"90-2018-0-856",2018,2018,0.5,"ey","Captured",1,1,15.91,-0.465,-1.89,-2.77666666666667,2.41333333333333,-0.356666666666667
"90-2018-0-856",2019,2018,1.5,"ey","Alive-Cuddy",1,0,19.32,-1.40833333333333,-0.516666666666667,-1.77,-2.95333333333333,1.45
"90-2018-0-856",2020,2018,2.5,"ey","Captured",1,1,19.09,-3.4025,-3.32,-3.52,-3.33,-3.37666666666667
"90-2018-0-856",2021,2018,3.5,"ey","not_detected",0,0,21.14,-1.8125,-3.27666666666667,-0.343333333333333,-0.893333333333333,-3.17
"90-2018-0-856",2022,2018,4.5,"ey","not_detected",0,0,16.36,-1.96083333333333,-3.23,-2.95666666666667,0.08,-2.33
"90-2018-0-857",2018,2018,0.5,"ey","Captured",1,1,15.91,-0.465,-1.89,-2.77666666666667,2.41333333333333,-0.356666666666667
"90-2018-0-857",2019,2018,1.5,"ey","Captured",1,1,19.32,-1.40833333333333,-0.516666666666667,-1.77,-2.95333333333333,1.45
"90-2018-0-857",2020,2018,2.5,"ey","Captured",1,1,19.09,-3.4025,-3.32,-3.52,-3.33,-3.37666666666667
"90-2018-0-857",2021,2018,3.5,"ey","Captured",1,1,21.14,-1.8125,-3.27666666666667,-0.343333333333333,-0.893333333333333,-3.17
"90-2018-0-857",2022,2018,4.5,"ey","Captured",1,1,16.36,-1.96083333333333,-3.23,-2.95666666666667,0.08,-2.33
"90-2018-0-858",2018,2018,0.5,"ey","Captured",1,1,15.91,-0.465,-1.89,-2.77666666666667,2.41333333333333,-0.356666666666667
"90-2018-0-858",2019,2018,1.5,"ey","Captured",1,1,19.32,-1.40833333333333,-0.516666666666667,-1.77,-2.95333333333333,1.45
"90-2018-0-858",2020,2018,2.5,"ey","Captured",1,1,19.09,-3.4025,-3.32,-3.52,-3.33,-3.37666666666667
"90-2018-0-858",2021,2018,3.5,"ey","Captured",1,1,21.14,-1.8125,-3.27666666666667,-0.343333333333333,-0.893333333333333,-3.17
"90-2018-0-858",2022,2018,4.5,"ey","Captured",1,1,16.36,-1.96083333333333,-3.23,-2.95666666666667,0.08,-2.33
"90-2018-0-859",2018,2018,0.5,"ey","Captured",1,1,15.91,-0.465,-1.89,-2.77666666666667,2.41333333333333,-0.356666666666667
"90-2018-0-859",2019,2018,1.5,"ey","Captured",1,1,19.32,-1.40833333333333,-0.516666666666667,-1.77,-2.95333333333333,1.45
"90-2018-0-859",2020,2018,2.5,"ey","Captured",1,1,19.09,-3.4025,-3.32,-3.52,-3.33,-3.37666666666667
"90-2018-0-859",2021,2018,3.5,"ey","Captured",1,1,21.14,-1.8125,-3.27666666666667,-0.343333333333333,-0.893333333333333,-3.17
"90-2018-0-859",2022,2018,4.5,"ey","Captured",1,1,16.36,-1.96083333333333,-3.23,-2.95666666666667,0.08,-2.33
"90-2018-0-860",2018,2018,0.5,"ey","Captured",1,1,15.91,-0.465,-1.89,-2.77666666666667,2.41333333333333,-0.356666666666667
"90-2018-0-860",2019,2018,1.5,"ey","Captured",1,1,19.32,-1.40833333333333,-0.516666666666667,-1.77,-2.95333333333333,1.45
"90-2018-0-860",2020,2018,2.5,"ey","Captured",1,1,19.09,-3.4025,-3.32,-3.52,-3.33,-3.37666666666667
"90-2018-0-860",2021,2018,3.5,"ey","Captured",1,1,21.14,-1.8125,-3.27666666666667,-0.343333333333333,-0.893333333333333,-3.17
"90-2018-0-860",2022,2018,4.5,"ey","Captured",1,1,16.36,-1.96083333333333,-3.23,-2.95666666666667,0.08,-2.33
"90-2018-0-861",2018,2018,0.5,"ey","Captured",1,1,15.91,-0.465,-1.89,-2.77666666666667,2.41333333333333,-0.356666666666667
"90-2018-0-861",2019,2018,1.5,"ey","Captured",1,1,19.32,-1.40833333333333,-0.516666666666667,-1.77,-2.95333333333333,1.45
"90-2018-0-861",2020,2018,2.5,"ey","Captured",1,1,19.09,-3.4025,-3.32,-3.52,-3.33,-3.37666666666667
"90-2018-0-861",2021,2018,3.5,"ey","Captured",1,1,21.14,-1.8125,-3.27666666666667,-0.343333333333333,-0.893333333333333,-3.17
"90-2018-0-861",2022,2018,4.5,"ey","Captured",1,1,16.36,-1.96083333333333,-3.23,-2.95666666666667,0.08,-2.33
"90-2019-0-975",2019,2019,0.5,"ey","Captured",1,1,19.32,-1.40833333333333,-0.516666666666667,-1.77,-2.95333333333333,1.45
"90-2019-0-975",2020,2019,1.5,"ey","Captured",1,1,19.09,-3.4025,-3.32,-3.52,-3.33,-3.37666666666667
"90-2019-0-975",2021,2019,2.5,"ey","Captured",1,1,21.14,-1.8125,-3.27666666666667,-0.343333333333333,-0.893333333333333,-3.17
"90-2019-0-975",2022,2019,3.5,"ey","Captured",1,1,16.36,-1.96083333333333,-3.23,-2.95666666666667,0.08,-2.33
"90-2019-0-976",2019,2019,0.5,"ey","Captured",1,1,19.32,-1.40833333333333,-0.516666666666667,-1.77,-2.95333333333333,1.45
"90-2019-0-976",2020,2019,1.5,"ey","Alive-Cuddy",1,0,19.09,-3.4025,-3.32,-3.52,-3.33,-3.37666666666667
"90-2019-0-976",2021,2019,2.5,"ey","Captured",1,1,21.14,-1.8125,-3.27666666666667,-0.343333333333333,-0.893333333333333,-3.17
"90-2019-0-976",2022,2019,3.5,"ey","Captured",1,1,16.36,-1.96083333333333,-3.23,-2.95666666666667,0.08,-2.33
"90-2019-0-977",2019,2019,0.5,"ey","Captured",1,1,19.32,-1.40833333333333,-0.516666666666667,-1.77,-2.95333333333333,1.45
"90-2019-0-977",2020,2019,1.5,"ey","Captured",1,1,19.09,-3.4025,-3.32,-3.52,-3.33,-3.37666666666667
"90-2019-0-977",2021,2019,2.5,"ey","Captured",1,1,21.14,-1.8125,-3.27666666666667,-0.343333333333333,-0.893333333333333,-3.17
"90-2019-0-977",2022,2019,3.5,"ey","Captured",1,1,16.36,-1.96083333333333,-3.23,-2.95666666666667,0.08,-2.33
"90-2019-0-978",2019,2019,0.5,"ey","Captured",1,1,19.32,-1.40833333333333,-0.516666666666667,-1.77,-2.95333333333333,1.45
"90-2019-0-978",2020,2019,1.5,"ey","Captured",1,1,19.09,-3.4025,-3.32,-3.52,-3.33,-3.37666666666667
"90-2019-0-978",2021,2019,2.5,"ey","Captured",1,1,21.14,-1.8125,-3.27666666666667,-0.343333333333333,-0.893333333333333,-3.17
"90-2019-0-978",2022,2019,3.5,"ey","Captured",1,1,16.36,-1.96083333333333,-3.23,-2.95666666666667,0.08,-2.33
"90-2019-0-979",2019,2019,0.5,"ey","Captured",1,1,19.32,-1.40833333333333,-0.516666666666667,-1.77,-2.95333333333333,1.45
"90-2019-0-979",2020,2019,1.5,"ey","Captured",1,1,19.09,-3.4025,-3.32,-3.52,-3.33,-3.37666666666667
"90-2019-0-979",2021,2019,2.5,"ey","Captured",1,1,21.14,-1.8125,-3.27666666666667,-0.343333333333333,-0.893333333333333,-3.17
"90-2019-0-979",2022,2019,3.5,"ey","Captured",1,1,16.36,-1.96083333333333,-3.23,-2.95666666666667,0.08,-2.33
"90-2019-0-980",2019,2019,0.5,"ey","Captured",1,1,19.32,-1.40833333333333,-0.516666666666667,-1.77,-2.95333333333333,1.45
"90-2019-0-980",2020,2019,1.5,"ey","Captured",1,1,19.09,-3.4025,-3.32,-3.52,-3.33,-3.37666666666667
"90-2019-0-980",2021,2019,2.5,"ey","Captured",1,1,21.14,-1.8125,-3.27666666666667,-0.343333333333333,-0.893333333333333,-3.17
"90-2019-0-980",2022,2019,3.5,"ey","Alive-Cuddy",1,0,16.36,-1.96083333333333,-3.23,-2.95666666666667,0.08,-2.33
"90-2019-0-981",2019,2019,0.5,"ey","Captured",1,1,19.32,-1.40833333333333,-0.516666666666667,-1.77,-2.95333333333333,1.45
"90-2019-0-981",2020,2019,1.5,"ey","Captured",1,1,19.09,-3.4025,-3.32,-3.52,-3.33,-3.37666666666667
"90-2019-0-981",2021,2019,2.5,"ey","Captured",1,1,21.14,-1.8125,-3.27666666666667,-0.343333333333333,-0.893333333333333,-3.17
"90-2019-0-981",2022,2019,3.5,"ey","Captured",1,1,16.36,-1.96083333333333,-3.23,-2.95666666666667,0.08,-2.33
"90-2019-0-982",2019,2019,0.5,"ey","Captured",1,1,19.32,-1.40833333333333,-0.516666666666667,-1.77,-2.95333333333333,1.45
"90-2019-0-982",2020,2019,1.5,"ey","Captured",1,1,19.09,-3.4025,-3.32,-3.52,-3.33,-3.37666666666667
"90-2019-0-982",2021,2019,2.5,"ey","Captured",1,1,21.14,-1.8125,-3.27666666666667,-0.343333333333333,-0.893333333333333,-3.17
"90-2019-0-982",2022,2019,3.5,"ey","Captured",1,1,16.36,-1.96083333333333,-3.23,-2.95666666666667,0.08,-2.33
"90-2019-0-983",2019,2019,0.5,"ey","Captured",1,1,19.32,-1.40833333333333,-0.516666666666667,-1.77,-2.95333333333333,1.45
"90-2019-0-983",2020,2019,1.5,"ey","Captured",1,1,19.09,-3.4025,-3.32,-3.52,-3.33,-3.37666666666667
"90-2019-0-983",2021,2019,2.5,"ey","Captured",1,1,21.14,-1.8125,-3.27666666666667,-0.343333333333333,-0.893333333333333,-3.17
"90-2019-0-983",2022,2019,3.5,"ey","Captured",1,1,16.36,-1.96083333333333,-3.23,-2.95666666666667,0.08,-2.33
"90-2019-0-984",2019,2019,0.5,"ey","Captured",1,1,19.32,-1.40833333333333,-0.516666666666667,-1.77,-2.95333333333333,1.45
"90-2019-0-984",2020,2019,1.5,"ey","Harvested",2,2,19.09,-3.4025,-3.32,-3.52,-3.33,-3.37666666666667
"90-2019-0-984",2021,2019,2.5,"ey","not_detected",0,0,21.14,-1.8125,-3.27666666666667,-0.343333333333333,-0.893333333333333,-3.17
"90-2019-0-984",2022,2019,3.5,"ey","not_detected",0,0,16.36,-1.96083333333333,-3.23,-2.95666666666667,0.08,-2.33
"90-2019-0-985",2019,2019,0.5,"ey","Captured",1,1,19.32,-1.40833333333333,-0.516666666666667,-1.77,-2.95333333333333,1.45
"90-2019-0-985",2020,2019,1.5,"ey","Captured",1,1,19.09,-3.4025,-3.32,-3.52,-3.33,-3.37666666666667
"90-2019-0-985",2021,2019,2.5,"ey","Captured",1,1,21.14,-1.8125,-3.27666666666667,-0.343333333333333,-0.893333333333333,-3.17
"90-2019-0-985",2022,2019,3.5,"ey","Captured",1,1,16.36,-1.96083333333333,-3.23,-2.95666666666667,0.08,-2.33
"90-2019-0-986",2019,2019,0.5,"ey","Captured",1,1,19.32,-1.40833333333333,-0.516666666666667,-1.77,-2.95333333333333,1.45
"90-2019-0-986",2020,2019,1.5,"ey","Captured",1,1,19.09,-3.4025,-3.32,-3.52,-3.33,-3.37666666666667
"90-2019-0-986",2021,2019,2.5,"ey","Captured",1,1,21.14,-1.8125,-3.27666666666667,-0.343333333333333,-0.893333333333333,-3.17
"90-2019-0-986",2022,2019,3.5,"ey","Captured",1,1,16.36,-1.96083333333333,-3.23,-2.95666666666667,0.08,-2.33
"90-2019-0-987",2019,2019,0.5,"ey","Captured",1,1,19.32,-1.40833333333333,-0.516666666666667,-1.77,-2.95333333333333,1.45
"90-2019-0-987",2020,2019,1.5,"ey","Captured",1,1,19.09,-3.4025,-3.32,-3.52,-3.33,-3.37666666666667
"90-2019-0-987",2021,2019,2.5,"ey","Captured",1,1,21.14,-1.8125,-3.27666666666667,-0.343333333333333,-0.893333333333333,-3.17
"90-2019-0-987",2022,2019,3.5,"ey","Captured",1,1,16.36,-1.96083333333333,-3.23,-2.95666666666667,0.08,-2.33
"90-2020-0-2076",2020,2020,0.5,"ey","Captured",1,1,19.09,-3.4025,-3.32,-3.52,-3.33,-3.37666666666667
"90-2020-0-2076",2021,2020,1.5,"ey","Captured",1,1,21.14,-1.8125,-3.27666666666667,-0.343333333333333,-0.893333333333333,-3.17
"90-2020-0-2076",2022,2020,2.5,"ey","Captured",1,1,16.36,-1.96083333333333,-3.23,-2.95666666666667,0.08,-2.33
"90-2020-0-2077",2020,2020,0.5,"ey","Captured",1,1,19.09,-3.4025,-3.32,-3.52,-3.33,-3.37666666666667
"90-2020-0-2077",2021,2020,1.5,"ey","not_detected",0,0,21.14,-1.8125,-3.27666666666667,-0.343333333333333,-0.893333333333333,-3.17
"90-2020-0-2077",2022,2020,2.5,"ey","not_detected",0,0,16.36,-1.96083333333333,-3.23,-2.95666666666667,0.08,-2.33
"90-2020-0-2078",2020,2020,0.5,"ey","Captured",1,1,19.09,-3.4025,-3.32,-3.52,-3.33,-3.37666666666667
"90-2020-0-2078",2021,2020,1.5,"ey","Captured",1,1,21.14,-1.8125,-3.27666666666667,-0.343333333333333,-0.893333333333333,-3.17
"90-2020-0-2078",2022,2020,2.5,"ey","Captured",1,1,16.36,-1.96083333333333,-3.23,-2.95666666666667,0.08,-2.33
"90-2020-0-2079",2020,2020,0.5,"ey","Captured",1,1,19.09,-3.4025,-3.32,-3.52,-3.33,-3.37666666666667
"90-2020-0-2079",2021,2020,1.5,"ey","Captured",1,1,21.14,-1.8125,-3.27666666666667,-0.343333333333333,-0.893333333333333,-3.17
"90-2020-0-2079",2022,2020,2.5,"ey","Captured",1,1,16.36,-1.96083333333333,-3.23,-2.95666666666667,0.08,-2.33
"90-2020-0-2080",2020,2020,0.5,"ey","Captured",1,1,19.09,-3.4025,-3.32,-3.52,-3.33,-3.37666666666667
"90-2020-0-2080",2021,2020,1.5,"ey","Captured",1,1,21.14,-1.8125,-3.27666666666667,-0.343333333333333,-0.893333333333333,-3.17
"90-2020-0-2080",2022,2020,2.5,"ey","Captured",1,1,16.36,-1.96083333333333,-3.23,-2.95666666666667,0.08,-2.33
"90-2020-0-2081",2020,2020,0.5,"ey","Captured",1,1,19.09,-3.4025,-3.32,-3.52,-3.33,-3.37666666666667
"90-2020-0-2081",2021,2020,1.5,"ey","Captured",1,1,21.14,-1.8125,-3.27666666666667,-0.343333333333333,-0.893333333333333,-3.17
"90-2020-0-2081",2022,2020,2.5,"ey","Captured",1,1,16.36,-1.96083333333333,-3.23,-2.95666666666667,0.08,-2.33
"90-2020-0-2082",2020,2020,0.5,"ey","Captured",1,1,19.09,-3.4025,-3.32,-3.52,-3.33,-3.37666666666667
"90-2020-0-2082",2021,2020,1.5,"ey","Captured",1,1,21.14,-1.8125,-3.27666666666667,-0.343333333333333,-0.893333333333333,-3.17
"90-2020-0-2082",2022,2020,2.5,"ey","Captured",1,1,16.36,-1.96083333333333,-3.23,-2.95666666666667,0.08,-2.33
"90-2020-0-2083",2020,2020,0.5,"ey","Captured",1,1,19.09,-3.4025,-3.32,-3.52,-3.33,-3.37666666666667
"90-2020-0-2083",2021,2020,1.5,"ey","not_detected",0,0,21.14,-1.8125,-3.27666666666667,-0.343333333333333,-0.893333333333333,-3.17
"90-2020-0-2083",2022,2020,2.5,"ey","not_detected",0,0,16.36,-1.96083333333333,-3.23,-2.95666666666667,0.08,-2.33
"90-2020-0-2084",2020,2020,0.5,"ey","Captured",1,1,19.09,-3.4025,-3.32,-3.52,-3.33,-3.37666666666667
"90-2020-0-2084",2021,2020,1.5,"ey","Captured",1,1,21.14,-1.8125,-3.27666666666667,-0.343333333333333,-0.893333333333333,-3.17
"90-2020-0-2084",2022,2020,2.5,"ey","Captured",1,1,16.36,-1.96083333333333,-3.23,-2.95666666666667,0.08,-2.33
"90-2020-0-2085",2020,2020,0.5,"ey","Captured",1,1,19.09,-3.4025,-3.32,-3.52,-3.33,-3.37666666666667
"90-2020-0-2085",2021,2020,1.5,"ey","not_detected",0,0,21.14,-1.8125,-3.27666666666667,-0.343333333333333,-0.893333333333333,-3.17
"90-2020-0-2085",2022,2020,2.5,"ey","not_detected",0,0,16.36,-1.96083333333333,-3.23,-2.95666666666667,0.08,-2.33
"90-2020-0-2086",2020,2020,0.5,"ey","Captured",1,1,19.09,-3.4025,-3.32,-3.52,-3.33,-3.37666666666667
"90-2020-0-2086",2021,2020,1.5,"ey","Captured",1,1,21.14,-1.8125,-3.27666666666667,-0.343333333333333,-0.893333333333333,-3.17
"90-2020-0-2086",2022,2020,2.5,"ey","Captured",1,1,16.36,-1.96083333333333,-3.23,-2.95666666666667,0.08,-2.33
"90-2020-0-2087",2020,2020,0.5,"ey","Captured",1,1,19.09,-3.4025,-3.32,-3.52,-3.33,-3.37666666666667
"90-2020-0-2087",2021,2020,1.5,"ey","Captured",1,1,21.14,-1.8125,-3.27666666666667,-0.343333333333333,-0.893333333333333,-3.17
"90-2020-0-2087",2022,2020,2.5,"ey","not_detected",0,0,16.36,-1.96083333333333,-3.23,-2.95666666666667,0.08,-2.33
"90-2020-0-2088",2020,2020,0.5,"ey","Captured",1,1,19.09,-3.4025,-3.32,-3.52,-3.33,-3.37666666666667
"90-2020-0-2088",2021,2020,1.5,"ey","not_detected",0,0,21.14,-1.8125,-3.27666666666667,-0.343333333333333,-0.893333333333333,-3.17
"90-2020-0-2088",2022,2020,2.5,"ey","not_detected",0,0,16.36,-1.96083333333333,-3.23,-2.95666666666667,0.08,-2.33
"90-2020-0-2089",2020,2020,0.5,"ey","Captured",1,1,19.09,-3.4025,-3.32,-3.52,-3.33,-3.37666666666667
"90-2020-0-2089",2021,2020,1.5,"ey","Captured",1,1,21.14,-1.8125,-3.27666666666667,-0.343333333333333,-0.893333333333333,-3.17
"90-2020-0-2089",2022,2020,2.5,"ey","not_detected",0,0,16.36,-1.96083333333333,-3.23,-2.95666666666667,0.08,-2.33
"90-2020-0-2090",2020,2020,0.5,"ey","Captured",1,1,19.09,-3.4025,-3.32,-3.52,-3.33,-3.37666666666667
"90-2020-0-2090",2021,2020,1.5,"ey","Captured",1,1,21.14,-1.8125,-3.27666666666667,-0.343333333333333,-0.893333333333333,-3.17
"90-2020-0-2090",2022,2020,2.5,"ey","not_detected",0,0,16.36,-1.96083333333333,-3.23,-2.95666666666667,0.08,-2.33
"90-2020-0-2091",2020,2020,0.5,"ey","Captured",1,1,19.09,-3.4025,-3.32,-3.52,-3.33,-3.37666666666667
"90-2020-0-2091",2021,2020,1.5,"ey","Captured",1,1,21.14,-1.8125,-3.27666666666667,-0.343333333333333,-0.893333333333333,-3.17
"90-2020-0-2091",2022,2020,2.5,"ey","Captured",1,1,16.36,-1.96083333333333,-3.23,-2.95666666666667,0.08,-2.33
"90-2020-0-2092",2020,2020,0.5,"ey","Captured",1,1,19.09,-3.4025,-3.32,-3.52,-3.33,-3.37666666666667
"90-2020-0-2092",2021,2020,1.5,"ey","Captured",1,1,21.14,-1.8125,-3.27666666666667,-0.343333333333333,-0.893333333333333,-3.17
"90-2020-0-2092",2022,2020,2.5,"ey","Captured",1,1,16.36,-1.96083333333333,-3.23,-2.95666666666667,0.08,-2.33
"90-2021-0-2176",2021,2021,0.5,"ey","Captured",1,1,21.14,-1.8125,-3.27666666666667,-0.343333333333333,-0.893333333333333,-3.17
"90-2021-0-2176",2022,2021,1.5,"ey","Captured",1,1,16.36,-1.96083333333333,-3.23,-2.95666666666667,0.08,-2.33
"90-2021-0-2177",2021,2021,0.5,"ey","Captured",1,1,21.14,-1.8125,-3.27666666666667,-0.343333333333333,-0.893333333333333,-3.17
"90-2021-0-2177",2022,2021,1.5,"ey","Captured",1,1,16.36,-1.96083333333333,-3.23,-2.95666666666667,0.08,-2.33
"90-2021-0-2178",2021,2021,0.5,"ey","Captured",1,1,21.14,-1.8125,-3.27666666666667,-0.343333333333333,-0.893333333333333,-3.17
"90-2021-0-2178",2022,2021,1.5,"ey","Captured",1,1,16.36,-1.96083333333333,-3.23,-2.95666666666667,0.08,-2.33
"90-2021-0-2179",2021,2021,0.5,"ey","Captured",1,1,21.14,-1.8125,-3.27666666666667,-0.343333333333333,-0.893333333333333,-3.17
"90-2021-0-2179",2022,2021,1.5,"ey","Captured",1,1,16.36,-1.96083333333333,-3.23,-2.95666666666667,0.08,-2.33
"90-2021-0-2180",2021,2021,0.5,"ey","Captured",1,1,21.14,-1.8125,-3.27666666666667,-0.343333333333333,-0.893333333333333,-3.17
"90-2021-0-2180",2022,2021,1.5,"ey","Captured",1,1,16.36,-1.96083333333333,-3.23,-2.95666666666667,0.08,-2.33
"90-2021-0-2181",2021,2021,0.5,"ey","Captured",1,1,21.14,-1.8125,-3.27666666666667,-0.343333333333333,-0.893333333333333,-3.17
"90-2021-0-2181",2022,2021,1.5,"ey","Captured",1,1,16.36,-1.96083333333333,-3.23,-2.95666666666667,0.08,-2.33
"90-2021-0-2182",2021,2021,0.5,"ey","Captured",1,1,21.14,-1.8125,-3.27666666666667,-0.343333333333333,-0.893333333333333,-3.17
"90-2021-0-2182",2022,2021,1.5,"ey","Captured",1,1,16.36,-1.96083333333333,-3.23,-2.95666666666667,0.08,-2.33
"90-2021-0-2183",2021,2021,0.5,"ey","Captured",1,1,21.14,-1.8125,-3.27666666666667,-0.343333333333333,-0.893333333333333,-3.17
"90-2021-0-2183",2022,2021,1.5,"ey","Captured",1,1,16.36,-1.96083333333333,-3.23,-2.95666666666667,0.08,-2.33
"90-2021-0-2184",2021,2021,0.5,"ey","Captured",1,1,21.14,-1.8125,-3.27666666666667,-0.343333333333333,-0.893333333333333,-3.17
"90-2021-0-2184",2022,2021,1.5,"ey","not_detected",0,0,16.36,-1.96083333333333,-3.23,-2.95666666666667,0.08,-2.33
"90-2021-0-2185",2021,2021,0.5,"ey","Captured",1,1,21.14,-1.8125,-3.27666666666667,-0.343333333333333,-0.893333333333333,-3.17
"90-2021-0-2185",2022,2021,1.5,"ey","not_detected",0,0,16.36,-1.96083333333333,-3.23,-2.95666666666667,0.08,-2.33
"90-2021-0-2186",2021,2021,0.5,"ey","Captured",1,1,21.14,-1.8125,-3.27666666666667,-0.343333333333333,-0.893333333333333,-3.17
"90-2021-0-2186",2022,2021,1.5,"ey","Captured",1,1,16.36,-1.96083333333333,-3.23,-2.95666666666667,0.08,-2.33
"90-2021-0-2187",2021,2021,0.5,"ey","Captured",1,1,21.14,-1.8125,-3.27666666666667,-0.343333333333333,-0.893333333333333,-3.17
"90-2021-0-2187",2022,2021,1.5,"ey","Captured",1,1,16.36,-1.96083333333333,-3.23,-2.95666666666667,0.08,-2.33
"90-2021-0-2188",2021,2021,0.5,"ey","Captured",1,1,21.14,-1.8125,-3.27666666666667,-0.343333333333333,-0.893333333333333,-3.17
"90-2021-0-2188",2022,2021,1.5,"ey","Captured",1,1,16.36,-1.96083333333333,-3.23,-2.95666666666667,0.08,-2.33
"90-2021-0-2189",2021,2021,0.5,"ey","Captured",1,1,21.14,-1.8125,-3.27666666666667,-0.343333333333333,-0.893333333333333,-3.17
"90-2021-0-2189",2022,2021,1.5,"ey","Captured",1,1,16.36,-1.96083333333333,-3.23,-2.95666666666667,0.08,-2.33
"90-2021-0-2190",2021,2021,0.5,"ey","Captured",1,1,21.14,-1.8125,-3.27666666666667,-0.343333333333333,-0.893333333333333,-3.17
"90-2021-0-2190",2022,2021,1.5,"ey","Captured",1,1,16.36,-1.96083333333333,-3.23,-2.95666666666667,0.08,-2.33
"90-2022-0-157",2022,2022,0.5,"ey","Captured",1,1,16.36,-1.96083333333333,-3.23,-2.95666666666667,0.08,-2.33
"90-2022-0-158",2022,2022,0.5,"ey","Captured",1,1,16.36,-1.96083333333333,-3.23,-2.95666666666667,0.08,-2.33
"90-2022-0-159",2022,2022,0.5,"ey","Captured",1,1,16.36,-1.96083333333333,-3.23,-2.95666666666667,0.08,-2.33
"90-2022-0-160",2022,2022,0.5,"ey","Captured",1,1,16.36,-1.96083333333333,-3.23,-2.95666666666667,0.08,-2.33
"90-2022-0-161",2022,2022,0.5,"ey","Captured",1,1,16.36,-1.96083333333333,-3.23,-2.95666666666667,0.08,-2.33
"90-2022-0-162",2022,2022,0.5,"ey","Captured",1,1,16.36,-1.96083333333333,-3.23,-2.95666666666667,0.08,-2.33
"90-2022-0-163",2022,2022,0.5,"ey","Captured",1,1,16.36,-1.96083333333333,-3.23,-2.95666666666667,0.08,-2.33
"90-2022-0-164",2022,2022,0.5,"ey","Captured",1,1,16.36,-1.96083333333333,-3.23,-2.95666666666667,0.08,-2.33
"90-2022-0-165",2022,2022,0.5,"ey","Captured",1,1,16.36,-1.96083333333333,-3.23,-2.95666666666667,0.08,-2.33
"90-2022-0-166",2022,2022,0.5,"ey","Captured",1,1,16.36,-1.96083333333333,-3.23,-2.95666666666667,0.08,-2.33
"90-2022-0-167",2022,2022,0.5,"ey","Captured",1,1,16.36,-1.96083333333333,-3.23,-2.95666666666667,0.08,-2.33
"90-2022-0-168",2022,2022,0.5,"ey","Captured",1,1,16.36,-1.96083333333333,-3.23,-2.95666666666667,0.08,-2.33
"90-2022-0-169",2022,2022,0.5,"ey","Captured",1,1,16.36,-1.96083333333333,-3.23,-2.95666666666667,0.08,-2.33
"90-2022-0-170",2022,2022,0.5,"ey","Captured",1,1,16.36,-1.96083333333333,-3.23,-2.95666666666667,0.08,-2.33
"90-2022-0-171",2022,2022,0.5,"ey","Captured",1,1,16.36,-1.96083333333333,-3.23,-2.95666666666667,0.08,-2.33
"90-2022-0-172",2022,2022,0.5,"ey","Captured",1,1,16.36,-1.96083333333333,-3.23,-2.95666666666667,0.08,-2.33
"90-2022-0-173",2022,2022,0.5,"ey","Captured",1,1,16.36,-1.96083333333333,-3.23,-2.95666666666667,0.08,-2.33
"90-2022-0-174",2022,2022,0.5,"ey","Captured",1,1,16.36,-1.96083333333333,-3.23,-2.95666666666667,0.08,-2.33
"90-2022-0-175",2022,2022,0.5,"ey","Captured",1,1,16.36,-1.96083333333333,-3.23,-2.95666666666667,0.08,-2.33
